-- MySQL dump 10.13  Distrib 8.0.21, for Win64 (x86_64)
--
-- Host: localhost    Database: vk
-- ------------------------------------------------------
-- Server version	8.0.21

/*!40101 SET @OLD_CHARACTER_SET_CLIENT=@@CHARACTER_SET_CLIENT */;
/*!40101 SET @OLD_CHARACTER_SET_RESULTS=@@CHARACTER_SET_RESULTS */;
/*!40101 SET @OLD_COLLATION_CONNECTION=@@COLLATION_CONNECTION */;
/*!50503 SET NAMES utf8mb4 */;
/*!40103 SET @OLD_TIME_ZONE=@@TIME_ZONE */;
/*!40103 SET TIME_ZONE='+00:00' */;
/*!40014 SET @OLD_UNIQUE_CHECKS=@@UNIQUE_CHECKS, UNIQUE_CHECKS=0 */;
/*!40014 SET @OLD_FOREIGN_KEY_CHECKS=@@FOREIGN_KEY_CHECKS, FOREIGN_KEY_CHECKS=0 */;
/*!40101 SET @OLD_SQL_MODE=@@SQL_MODE, SQL_MODE='NO_AUTO_VALUE_ON_ZERO' */;
/*!40111 SET @OLD_SQL_NOTES=@@SQL_NOTES, SQL_NOTES=0 */;

--
-- Table structure for table `communities`
--

DROP TABLE IF EXISTS `communities`;
/*!40101 SET @saved_cs_client     = @@character_set_client */;
/*!50503 SET character_set_client = utf8mb4 */;
CREATE TABLE `communities` (
  `id` int unsigned NOT NULL AUTO_INCREMENT COMMENT 'Идентификатор строки',
  `name` varchar(150) NOT NULL COMMENT 'Название группы',
  `created_at` datetime DEFAULT CURRENT_TIMESTAMP COMMENT 'Время создания строки',
  `updated_at` datetime DEFAULT CURRENT_TIMESTAMP ON UPDATE CURRENT_TIMESTAMP COMMENT 'Время обновления строки',
  PRIMARY KEY (`id`),
  UNIQUE KEY `name` (`name`)
) ENGINE=InnoDB AUTO_INCREMENT=101 DEFAULT CHARSET=utf8mb4 COLLATE=utf8mb4_0900_ai_ci COMMENT='Группы';
/*!40101 SET character_set_client = @saved_cs_client */;

--
-- Dumping data for table `communities`
--

LOCK TABLES `communities` WRITE;
/*!40000 ALTER TABLE `communities` DISABLE KEYS */;
INSERT INTO `communities` VALUES (1,'quia','2020-07-19 21:01:50','2020-07-19 21:01:50'),(2,'voluptatem','2020-07-19 21:01:51','2020-07-19 21:01:51'),(3,'illo','2020-07-19 21:01:50','2020-07-19 21:01:50'),(4,'quis','2020-07-19 21:01:50','2020-07-19 21:01:50'),(5,'id','2020-07-19 21:01:50','2020-07-19 21:01:50'),(6,'numquam','2020-07-19 21:01:50','2020-07-19 21:01:50'),(7,'ut','2020-07-19 21:01:51','2020-07-19 21:01:51'),(8,'commodi','2020-07-19 21:01:49','2020-07-19 21:01:49'),(9,'repudiandae','2020-07-19 21:01:50','2020-07-19 21:01:50'),(10,'unde','2020-07-19 21:01:51','2020-07-19 21:01:51'),(11,'quo','2020-07-19 21:01:50','2020-07-19 21:01:50'),(12,'doloribus','2020-07-19 21:01:49','2020-07-19 21:01:49'),(13,'sed','2020-07-19 21:01:51','2020-07-19 21:01:51'),(14,'odio','2020-07-19 21:01:50','2020-07-19 21:01:50'),(15,'laborum','2020-07-19 21:01:50','2020-07-19 21:01:50'),(16,'facere','2020-07-19 21:01:49','2020-07-19 21:01:49'),(17,'pariatur','2020-07-19 21:01:50','2020-07-19 21:01:50'),(18,'vero','2020-07-19 21:01:51','2020-07-19 21:01:51'),(19,'mollitia','2020-07-19 21:01:50','2020-07-19 21:01:50'),(20,'et','2020-07-19 21:01:49','2020-07-19 21:01:49');
/*!40000 ALTER TABLE `communities` ENABLE KEYS */;
UNLOCK TABLES;

--
-- Table structure for table `communities_users`
--

DROP TABLE IF EXISTS `communities_users`;
/*!40101 SET @saved_cs_client     = @@character_set_client */;
/*!50503 SET character_set_client = utf8mb4 */;
CREATE TABLE `communities_users` (
  `community_id` int unsigned NOT NULL COMMENT 'Ссылка на группу',
  `user_id` int unsigned NOT NULL COMMENT 'Ссылка на пользователя',
  `created_at` datetime DEFAULT CURRENT_TIMESTAMP COMMENT 'Время создания строки',
  PRIMARY KEY (`community_id`,`user_id`) COMMENT 'Составной первичный ключ',
  KEY `communities_users_user_fk` (`user_id`),
  CONSTRAINT `communities_users_user_fk` FOREIGN KEY (`user_id`) REFERENCES `users` (`id`),
  CONSTRAINT `community_fk` FOREIGN KEY (`community_id`) REFERENCES `communities` (`id`)
) ENGINE=InnoDB DEFAULT CHARSET=utf8mb4 COLLATE=utf8mb4_0900_ai_ci COMMENT='Участники групп, связь между пользователями и группами';
/*!40101 SET character_set_client = @saved_cs_client */;

--
-- Dumping data for table `communities_users`
--

LOCK TABLES `communities_users` WRITE;
/*!40000 ALTER TABLE `communities_users` DISABLE KEYS */;
INSERT INTO `communities_users` VALUES (1,10,'2020-07-19 21:03:24'),(1,26,'2020-07-19 21:03:24'),(1,30,'2020-07-19 21:03:23'),(1,41,'2020-07-19 21:03:23'),(1,42,'2020-07-19 21:03:22'),(1,66,'2020-07-19 21:03:22'),(1,81,'2020-07-19 21:03:24'),(1,89,'2020-07-19 21:03:22'),(1,97,'2020-07-19 21:03:24'),(1,99,'2020-07-19 21:03:23'),(2,64,'2020-07-19 21:03:22'),(2,73,'2020-07-19 21:03:24'),(2,80,'2020-07-19 21:03:23'),(2,95,'2020-07-19 21:03:23'),(2,99,'2020-07-19 21:03:22'),(3,28,'2020-07-19 21:03:22'),(3,33,'2020-07-19 21:03:23'),(3,52,'2020-07-19 21:03:22'),(3,64,'2020-07-19 21:03:22'),(4,33,'2020-07-19 21:03:24'),(4,35,'2020-07-19 21:03:24'),(4,36,'2020-07-19 21:03:22'),(4,58,'2020-07-19 21:03:23'),(4,85,'2020-07-19 21:03:24'),(4,89,'2020-07-19 21:03:23'),(4,98,'2020-07-19 21:03:24'),(5,30,'2020-07-19 21:03:23'),(5,32,'2020-07-19 21:03:22'),(5,40,'2020-07-19 21:03:22'),(5,62,'2020-07-19 21:03:23'),(5,81,'2020-07-19 21:03:23'),(6,17,'2020-07-19 21:03:24'),(6,41,'2020-07-19 21:03:23'),(6,47,'2020-07-19 21:03:24'),(6,57,'2020-07-19 21:03:23'),(6,61,'2020-07-19 21:03:24'),(6,98,'2020-07-19 21:03:24'),(7,13,'2020-07-19 21:03:22'),(7,48,'2020-07-19 21:03:23'),(7,72,'2020-07-19 21:03:22'),(7,99,'2020-07-19 21:03:23'),(8,9,'2020-07-19 21:03:23'),(8,63,'2020-07-19 21:03:23'),(8,92,'2020-07-19 21:03:23'),(8,100,'2020-07-19 21:03:23'),(9,28,'2020-07-19 21:03:23'),(9,34,'2020-07-19 21:03:24'),(9,52,'2020-07-19 21:03:24'),(9,59,'2020-07-19 21:03:24'),(10,19,'2020-07-19 21:03:24'),(10,32,'2020-07-19 21:03:23'),(10,53,'2020-07-19 21:03:24'),(10,69,'2020-07-19 21:03:22'),(11,17,'2020-07-19 21:03:23'),(11,37,'2020-07-19 21:03:22'),(11,74,'2020-07-19 21:03:23'),(12,5,'2020-07-19 21:03:24'),(12,16,'2020-07-19 21:03:23'),(12,47,'2020-07-19 21:03:23'),(13,8,'2020-07-19 21:03:24'),(13,13,'2020-07-19 21:03:23'),(13,25,'2020-07-19 21:03:23'),(13,28,'2020-07-19 21:03:23'),(13,38,'2020-07-19 21:03:23'),(13,56,'2020-07-19 21:03:22'),(13,57,'2020-07-19 21:03:22'),(13,99,'2020-07-19 21:03:23'),(14,15,'2020-07-19 21:03:23'),(14,18,'2020-07-19 21:03:23'),(14,24,'2020-07-19 21:03:22'),(14,34,'2020-07-19 21:03:24'),(14,85,'2020-07-19 21:03:23'),(15,58,'2020-07-19 21:03:22'),(15,63,'2020-07-19 21:03:22'),(15,97,'2020-07-19 21:03:24'),(16,26,'2020-07-19 21:03:23'),(16,54,'2020-07-19 21:03:23'),(16,61,'2020-07-19 21:03:23'),(16,63,'2020-07-19 21:03:23'),(17,24,'2020-07-19 21:03:22'),(17,26,'2020-07-19 21:03:23'),(18,4,'2020-07-19 21:03:23'),(18,5,'2020-07-19 21:03:23'),(18,9,'2020-07-19 21:03:22'),(18,89,'2020-07-19 21:03:23'),(19,4,'2020-07-19 21:03:24'),(19,51,'2020-07-19 21:03:24'),(19,56,'2020-07-19 21:03:24'),(19,67,'2020-07-19 21:03:24'),(19,78,'2020-07-19 21:03:23'),(19,82,'2020-07-19 21:03:22'),(20,10,'2020-07-19 21:03:23'),(20,13,'2020-07-19 21:03:23'),(20,17,'2020-07-19 21:03:23'),(20,18,'2020-07-19 21:03:23'),(20,40,'2020-07-19 21:03:24'),(20,52,'2020-07-19 21:03:23'),(20,67,'2020-07-19 21:03:22'),(20,74,'2020-07-19 21:03:24'),(20,98,'2020-07-19 21:03:22');
/*!40000 ALTER TABLE `communities_users` ENABLE KEYS */;
UNLOCK TABLES;

--
-- Table structure for table `friendship`
--

DROP TABLE IF EXISTS `friendship`;
/*!40101 SET @saved_cs_client     = @@character_set_client */;
/*!50503 SET character_set_client = utf8mb4 */;
CREATE TABLE `friendship` (
  `user_id` int unsigned NOT NULL COMMENT 'Ссылка на инициатора дружеских отношений',
  `friend_id` int unsigned NOT NULL COMMENT 'Ссылка на получателя приглашения дружить',
  `status_id` int unsigned NOT NULL COMMENT 'Ссылка на статус (текущее состояние) отношений',
  `requested_at` datetime DEFAULT CURRENT_TIMESTAMP COMMENT 'Время отправления приглашения дружить',
  `confirmed_at` datetime DEFAULT NULL COMMENT 'Время подтверждения приглашения',
  `updated_at` datetime DEFAULT CURRENT_TIMESTAMP ON UPDATE CURRENT_TIMESTAMP COMMENT 'Время обновления строки',
  PRIMARY KEY (`user_id`,`friend_id`) COMMENT 'Составной первичный ключ',
  KEY `friendship_friend_fk` (`friend_id`),
  KEY `status_fk` (`status_id`),
  CONSTRAINT `friendship_friend_fk` FOREIGN KEY (`friend_id`) REFERENCES `users` (`id`),
  CONSTRAINT `friendship_user_fk` FOREIGN KEY (`user_id`) REFERENCES `users` (`id`),
  CONSTRAINT `status_fk` FOREIGN KEY (`status_id`) REFERENCES `friendship_statuses` (`id`)
) ENGINE=InnoDB DEFAULT CHARSET=utf8mb4 COLLATE=utf8mb4_0900_ai_ci COMMENT='Таблица дружбы';
/*!40101 SET character_set_client = @saved_cs_client */;

--
-- Dumping data for table `friendship`
--

LOCK TABLES `friendship` WRITE;
/*!40000 ALTER TABLE `friendship` DISABLE KEYS */;
INSERT INTO `friendship` VALUES (2,4,1,'2020-06-22 08:30:40','2020-07-01 22:56:03','2020-07-19 21:03:45'),(2,26,3,'2020-07-14 22:43:35','2020-07-15 12:43:38','2020-07-19 21:03:44'),(4,24,2,'2020-06-30 01:35:51','2020-07-19 09:56:22','2020-07-19 21:03:45'),(4,79,3,'2020-07-18 23:44:57','2020-07-10 20:44:06','2020-07-19 21:03:44'),(5,64,3,'2020-07-06 06:45:20','2020-07-11 00:58:22','2020-07-19 21:03:45'),(6,2,2,'2020-06-20 14:28:16','2020-07-07 02:39:11','2020-07-19 21:03:45'),(6,90,2,'2020-06-30 22:49:49','2020-07-19 14:12:44','2020-07-19 21:03:46'),(7,30,1,'2020-07-07 22:29:22','2020-06-30 02:21:08','2020-07-19 21:03:45'),(10,17,1,'2020-06-26 18:43:14','2020-06-23 01:38:04','2020-07-19 21:03:44'),(10,18,3,'2020-06-30 07:08:22','2020-07-15 06:43:31','2020-07-19 21:05:14'),(10,94,1,'2020-06-22 02:22:11','2020-06-27 03:08:18','2020-07-19 21:03:45'),(11,79,3,'2020-07-07 08:54:36','2020-06-28 22:35:30','2020-07-19 21:03:45'),(12,25,2,'2020-07-06 18:00:57','2020-07-18 23:54:04','2020-07-19 21:03:45'),(13,12,2,'2020-07-03 17:22:04','2020-06-23 21:12:21','2020-07-19 21:03:44'),(13,50,2,'2020-07-07 12:54:58','2020-06-23 10:35:25','2020-07-19 21:03:44'),(17,34,2,'2020-06-26 05:08:35','2020-06-20 12:14:04','2020-07-19 21:03:45'),(18,52,3,'2020-07-12 14:07:33','2020-06-19 23:38:21','2020-07-19 21:03:45'),(19,89,1,'2020-07-19 12:17:45','2020-06-22 02:16:55','2020-07-19 21:03:46'),(21,59,1,'2020-06-22 09:27:57','2020-06-23 16:54:27','2020-07-19 21:03:46'),(22,29,2,'2020-06-27 14:41:15','2020-07-16 08:15:32','2020-07-19 21:03:45'),(22,35,3,'2020-06-24 11:15:39','2020-07-04 18:40:12','2020-07-19 21:03:45'),(22,64,1,'2020-06-25 01:59:57','2020-06-30 15:08:04','2020-07-19 21:03:45'),(23,56,2,'2020-06-22 12:38:19','2020-06-25 13:04:29','2020-07-19 21:03:45'),(24,36,3,'2020-07-08 04:32:28','2020-07-09 23:57:36','2020-07-19 21:03:44'),(24,69,2,'2020-07-11 09:28:46','2020-07-07 07:41:05','2020-07-19 21:03:44'),(26,34,1,'2020-07-18 06:26:24','2020-07-03 20:52:35','2020-07-19 21:03:44'),(27,8,2,'2020-07-10 04:11:57','2020-07-13 11:31:59','2020-07-19 21:03:45'),(27,60,2,'2020-06-30 18:05:18','2020-06-22 01:37:13','2020-07-19 21:03:44'),(29,41,2,'2020-06-23 12:54:05','2020-07-07 04:01:05','2020-07-19 21:03:46'),(30,61,2,'2020-06-24 08:11:41','2020-06-22 19:02:40','2020-07-19 21:03:44'),(30,90,2,'2020-06-24 03:41:26','2020-06-26 01:43:22','2020-07-19 21:03:44'),(31,33,2,'2020-07-15 17:19:17','2020-06-26 09:35:18','2020-07-19 21:03:45'),(31,85,1,'2020-07-07 16:44:24','2020-07-19 10:02:22','2020-07-19 21:03:45'),(32,39,3,'2020-07-12 01:18:25','2020-07-05 13:33:14','2020-07-19 21:03:44'),(33,84,1,'2020-07-01 12:28:38','2020-07-01 07:31:01','2020-07-19 21:03:46'),(34,29,1,'2020-07-17 14:09:46','2020-07-19 13:31:38','2020-07-19 21:03:45'),(35,44,1,'2020-06-30 01:23:27','2020-07-17 23:53:30','2020-07-19 21:03:44'),(39,32,2,'2020-07-19 02:21:49','2020-06-29 09:01:39','2020-07-19 21:03:45'),(39,34,2,'2020-07-03 22:41:50','2020-07-17 15:32:38','2020-07-19 21:03:45'),(40,41,1,'2020-06-27 03:30:13','2020-06-20 10:14:59','2020-07-19 21:03:45'),(43,42,3,'2020-06-20 04:06:12','2020-07-10 03:40:15','2020-07-19 21:03:45'),(43,56,3,'2020-06-22 12:31:21','2020-07-09 22:03:30','2020-07-19 21:03:44'),(43,61,2,'2020-07-18 12:40:18','2020-06-22 22:03:40','2020-07-19 21:03:44'),(47,10,1,'2020-06-20 05:23:25','2020-07-14 13:36:59','2020-07-19 21:03:45'),(49,41,2,'2020-06-24 14:17:25','2020-06-25 20:30:45','2020-07-19 21:03:45'),(50,84,1,'2020-07-13 12:04:25','2020-06-21 10:06:47','2020-07-19 21:03:45'),(57,44,3,'2020-07-09 11:53:48','2020-07-03 00:35:44','2020-07-19 21:03:45'),(59,81,1,'2020-06-30 17:43:27','2020-07-04 07:12:14','2020-07-19 21:03:45'),(60,34,3,'2020-06-23 18:05:29','2020-07-06 07:27:12','2020-07-19 21:03:46'),(61,90,2,'2020-06-26 20:10:19','2020-07-16 19:07:58','2020-07-19 21:03:46'),(62,7,1,'2020-06-23 11:39:21','2020-07-17 16:22:27','2020-07-19 21:03:45'),(62,48,3,'2020-07-09 12:20:07','2020-07-17 17:39:50','2020-07-19 21:03:44'),(62,51,3,'2020-06-28 05:08:39','2020-06-26 00:16:21','2020-07-19 21:03:45'),(63,80,2,'2020-06-20 04:21:12','2020-07-03 08:28:43','2020-07-19 21:03:45'),(64,84,1,'2020-06-22 07:29:08','2020-06-29 09:28:45','2020-07-19 21:03:46'),(64,99,2,'2020-07-07 08:24:32','2020-07-12 15:04:29','2020-07-19 21:03:46'),(65,4,3,'2020-07-10 01:30:28','2020-07-03 02:40:39','2020-07-19 21:03:45'),(65,30,2,'2020-06-22 21:20:51','2020-06-23 07:33:27','2020-07-19 21:03:45'),(66,47,2,'2020-07-10 11:59:37','2020-07-12 20:13:27','2020-07-19 21:03:46'),(67,29,2,'2020-06-20 22:50:01','2020-06-25 16:20:10','2020-07-19 21:03:46'),(67,63,1,'2020-07-05 14:06:31','2020-07-16 10:46:23','2020-07-19 21:03:46'),(67,86,2,'2020-07-06 20:56:35','2020-07-03 15:17:31','2020-07-19 21:03:45'),(68,60,2,'2020-06-29 17:08:13','2020-07-13 20:05:58','2020-07-19 21:03:45'),(68,76,2,'2020-07-01 22:36:44','2020-07-09 12:16:25','2020-07-19 21:03:46'),(69,22,2,'2020-06-20 09:08:13','2020-07-16 07:27:05','2020-07-19 21:03:44'),(70,69,3,'2020-07-08 09:40:14','2020-07-05 00:18:14','2020-07-19 21:03:46'),(70,77,3,'2020-07-15 00:46:46','2020-07-04 20:42:32','2020-07-19 21:03:46'),(71,1,3,'2020-07-12 01:49:08','2020-06-26 19:26:03','2020-07-19 21:03:45'),(72,26,3,'2020-06-30 17:56:18','2020-07-17 12:56:56','2020-07-19 21:03:45'),(72,73,1,'2020-07-03 21:16:44','2020-07-05 10:37:22','2020-07-19 21:03:44'),(72,93,1,'2020-07-10 16:55:20','2020-07-08 11:23:43','2020-07-19 21:03:45'),(73,69,1,'2020-07-14 19:19:07','2020-07-05 17:04:49','2020-07-19 21:03:44'),(73,80,2,'2020-07-13 15:13:02','2020-06-23 18:43:30','2020-07-19 21:03:46'),(76,4,3,'2020-07-12 10:33:41','2020-07-08 13:01:35','2020-07-19 21:03:45'),(77,51,3,'2020-07-06 10:46:06','2020-07-11 16:53:19','2020-07-19 21:03:45'),(78,91,3,'2020-07-04 13:56:05','2020-06-23 10:24:48','2020-07-19 21:03:46'),(78,99,1,'2020-06-28 06:19:34','2020-07-02 19:56:19','2020-07-19 21:03:44'),(80,59,2,'2020-07-09 06:22:23','2020-06-23 12:08:56','2020-07-19 21:03:45'),(81,25,2,'2020-07-04 16:32:53','2020-06-27 17:35:40','2020-07-19 21:03:44'),(84,12,1,'2020-07-04 16:55:53','2020-07-08 04:54:35','2020-07-19 21:03:45'),(84,47,2,'2020-06-21 12:37:48','2020-07-09 23:39:14','2020-07-19 21:03:46'),(85,41,1,'2020-07-15 10:54:34','2020-06-30 08:58:48','2020-07-19 21:03:45'),(86,79,1,'2020-06-29 03:55:22','2020-06-29 23:33:09','2020-07-19 21:03:45'),(86,83,1,'2020-07-08 07:20:32','2020-06-26 20:13:19','2020-07-19 21:03:44'),(87,5,1,'2020-06-27 19:16:37','2020-07-13 13:44:57','2020-07-19 21:03:44'),(88,9,3,'2020-06-26 06:30:16','2020-07-18 00:34:10','2020-07-19 21:03:45'),(90,34,2,'2020-07-14 19:06:04','2020-06-23 11:46:55','2020-07-19 21:03:45'),(92,11,3,'2020-07-08 00:38:07','2020-07-04 14:49:17','2020-07-19 21:03:46'),(93,4,3,'2020-07-08 19:43:46','2020-06-23 11:12:25','2020-07-19 21:03:44'),(94,52,2,'2020-06-26 20:17:14','2020-07-03 11:16:09','2020-07-19 21:03:46'),(94,80,1,'2020-07-09 00:07:18','2020-07-19 01:41:06','2020-07-19 21:03:44');
/*!40000 ALTER TABLE `friendship` ENABLE KEYS */;
UNLOCK TABLES;

--
-- Table structure for table `friendship_statuses`
--

DROP TABLE IF EXISTS `friendship_statuses`;
/*!40101 SET @saved_cs_client     = @@character_set_client */;
/*!50503 SET character_set_client = utf8mb4 */;
CREATE TABLE `friendship_statuses` (
  `id` int unsigned NOT NULL AUTO_INCREMENT COMMENT 'Идентификатор строки',
  `name` varchar(150) NOT NULL COMMENT 'Название статуса',
  `created_at` datetime DEFAULT CURRENT_TIMESTAMP COMMENT 'Время создания строки',
  `updated_at` datetime DEFAULT CURRENT_TIMESTAMP ON UPDATE CURRENT_TIMESTAMP COMMENT 'Время обновления строки',
  PRIMARY KEY (`id`),
  UNIQUE KEY `name` (`name`)
) ENGINE=InnoDB AUTO_INCREMENT=4 DEFAULT CHARSET=utf8mb4 COLLATE=utf8mb4_0900_ai_ci COMMENT='Статусы дружбы';
/*!40101 SET character_set_client = @saved_cs_client */;

--
-- Dumping data for table `friendship_statuses`
--

LOCK TABLES `friendship_statuses` WRITE;
/*!40000 ALTER TABLE `friendship_statuses` DISABLE KEYS */;
INSERT INTO `friendship_statuses` VALUES (1,'request','2020-07-19 21:00:36','2020-07-19 21:00:36'),(2,'confirmed','2020-07-19 21:00:36','2020-07-19 21:00:36'),(3,'rejected','2020-07-19 21:00:36','2020-07-19 21:00:36');
/*!40000 ALTER TABLE `friendship_statuses` ENABLE KEYS */;
UNLOCK TABLES;

--
-- Table structure for table `media`
--

DROP TABLE IF EXISTS `media`;
/*!40101 SET @saved_cs_client     = @@character_set_client */;
/*!50503 SET character_set_client = utf8mb4 */;
CREATE TABLE `media` (
  `id` int unsigned NOT NULL AUTO_INCREMENT COMMENT 'Идентификатор строки',
  `user_id` int unsigned NOT NULL COMMENT 'Ссылка на пользователя, который загрузил файл',
  `filename` varchar(255) NOT NULL COMMENT 'Путь к файлу',
  `size` int NOT NULL COMMENT 'Размер файла',
  `metadata` json DEFAULT NULL COMMENT 'Метаданные файла',
  `media_type_id` int unsigned NOT NULL COMMENT 'Ссылка на тип контента',
  `created_at` datetime DEFAULT CURRENT_TIMESTAMP COMMENT 'Время создания строки',
  `updated_at` datetime DEFAULT CURRENT_TIMESTAMP ON UPDATE CURRENT_TIMESTAMP COMMENT 'Время обновления строки',
  PRIMARY KEY (`id`),
  KEY `media_user_fk` (`user_id`),
  KEY `media_type_fk` (`media_type_id`),
  CONSTRAINT `media_type_fk` FOREIGN KEY (`media_type_id`) REFERENCES `media_types` (`id`),
  CONSTRAINT `media_user_fk` FOREIGN KEY (`user_id`) REFERENCES `users` (`id`)
) ENGINE=InnoDB AUTO_INCREMENT=101 DEFAULT CHARSET=utf8mb4 COLLATE=utf8mb4_0900_ai_ci COMMENT='Медиафайлы';
/*!40101 SET character_set_client = @saved_cs_client */;

--
-- Dumping data for table `media`
--

LOCK TABLES `media` WRITE;
/*!40000 ALTER TABLE `media` DISABLE KEYS */;
INSERT INTO `media` VALUES (1,50,'http://prosacco.net/1.avi',525890400,'{\"owner\": \"Rebeca Davis\"}',3,'2020-07-19 21:05:28','2020-07-25 13:36:39'),(2,46,'http://www.abshire.info/2.avi',194432,'{\"owner\": \"Maxine Hackett\"}',3,'2020-07-19 21:05:28','2020-07-25 13:36:39'),(3,4,'http://www.konopelski.com/3.avi',487749,'{\"owner\": \"Eileen Corwin\"}',1,'2020-07-19 21:05:28','2020-07-25 13:36:39'),(4,98,'http://kassulke.info/4.avi',798714,'{\"owner\": \"Astrid Bosco\"}',1,'2020-07-19 21:05:28','2020-07-25 13:36:39'),(5,9,'http://corwin.net/5.avi',520323,'{\"owner\": \"Rylee Howell\"}',1,'2020-07-19 21:05:28','2020-07-25 13:36:39'),(6,92,'http://buckridge.com/6.avi',35677155,'{\"owner\": \"Ocie Cartwright\"}',3,'2020-07-19 21:05:28','2020-07-25 13:36:39'),(7,86,'http://haagfeeney.com/7.jpeg',116597,'{\"owner\": \"Green Bednar\"}',2,'2020-07-19 21:05:28','2020-07-25 13:36:39'),(8,18,'http://www.senger.com/8.jpeg',1345,'{\"owner\": \"Priscilla Hoeger\"}',2,'2020-07-19 21:05:28','2020-07-25 13:36:39'),(9,31,'http://schuster.com/9.avi',548829755,'{\"owner\": \"Gisselle Wolff\"}',3,'2020-07-19 21:05:28','2020-07-25 13:36:39'),(10,85,'http://mcdermott.net/10.jpeg',195472,'{\"owner\": \"Reggie Wilderman\"}',2,'2020-07-19 21:05:28','2020-07-25 13:36:39'),(11,61,'http://www.rowelegros.net/11.avi',139526,'{\"owner\": \"Jaylan Kessler\"}',1,'2020-07-19 21:05:28','2020-07-25 13:36:39'),(12,57,'http://reinger.com/12.avi',56941,'{\"owner\": \"Travis Sanford\"}',1,'2020-07-19 21:05:28','2020-07-25 13:36:39'),(13,77,'http://fadel.net/13.avi',4245570,'{\"owner\": \"Kristin Kovacek\"}',3,'2020-07-19 21:05:28','2020-07-25 13:36:39'),(14,39,'http://flatley.net/14.avi',162472,'{\"owner\": \"Eleanora Watsica\"}',1,'2020-07-19 21:05:28','2020-07-25 13:36:39'),(15,65,'http://www.oreillyhowell.com/15.jpeg',406395,'{\"owner\": \"Ruthie Hessel\"}',2,'2020-07-19 21:05:28','2020-07-25 13:36:39'),(16,63,'http://www.hyatt.com/16.avi',1862482,'{\"owner\": \"Zoie Crona\"}',3,'2020-07-19 21:05:29','2020-07-25 13:36:39'),(17,56,'http://mills.net/17.avi',435557,'{\"owner\": \"Josefa Watsica\"}',3,'2020-07-19 21:05:29','2020-07-25 13:36:39'),(18,15,'http://brakus.com/18.avi',69490271,'{\"owner\": \"Brionna Weimann\"}',1,'2020-07-19 21:05:29','2020-07-25 13:36:39'),(19,87,'http://stokes.com/19.avi',5486865,'{\"owner\": \"Toy Gutkowski\"}',3,'2020-07-19 21:05:29','2020-07-25 13:36:39'),(20,2,'http://www.price.com/20.jpeg',948600,'{\"owner\": \"Vivien Corwin\"}',2,'2020-07-19 21:05:29','2020-07-25 13:36:39'),(21,20,'http://www.boyerconn.com/21.jpeg',2393518,'{\"owner\": \"Sierra Mraz\"}',2,'2020-07-19 21:05:29','2020-07-25 13:36:39'),(22,53,'http://www.wuckert.info/22.jpeg',426331,'{\"owner\": \"Liza Bechtelar\"}',2,'2020-07-19 21:05:29','2020-07-25 13:36:39'),(23,70,'http://www.strackekemmer.com/23.avi',2204926,'{\"owner\": \"Sonia Sanford\"}',3,'2020-07-19 21:05:29','2020-07-25 13:36:39'),(24,49,'http://www.hagenes.net/24.avi',199661753,'{\"owner\": \"Estella Fisher\"}',1,'2020-07-19 21:05:29','2020-07-25 13:36:39'),(25,58,'http://schiller.com/25.avi',275856,'{\"owner\": \"Bradley Thiel\"}',3,'2020-07-19 21:05:29','2020-07-25 13:36:39'),(26,52,'http://www.fadelgottlieb.biz/26.jpeg',372713863,'{\"owner\": \"Reyna Schmitt\"}',2,'2020-07-19 21:05:29','2020-07-25 13:36:39'),(27,48,'http://www.altenwerth.info/27.jpeg',90287,'{\"owner\": \"Sienna Bosco\"}',2,'2020-07-19 21:05:29','2020-07-25 13:36:39'),(28,4,'http://russelschmidt.com/28.avi',3663323,'{\"owner\": \"Eileen Corwin\"}',3,'2020-07-19 21:05:29','2020-07-25 13:36:39'),(29,46,'http://mante.com/29.jpeg',672711,'{\"owner\": \"Maxine Hackett\"}',2,'2020-07-19 21:05:29','2020-07-25 13:36:39'),(30,97,'http://www.morissette.biz/30.avi',6951,'{\"owner\": \"Deangelo Pfannerstill\"}',3,'2020-07-19 21:05:29','2020-07-25 13:36:39'),(31,32,'http://boyerortiz.com/31.avi',1747809,'{\"owner\": \"Freida Graham\"}',3,'2020-07-19 21:05:29','2020-07-25 13:36:39'),(32,72,'http://www.barton.com/32.avi',2006110,'{\"owner\": \"Carmelo Stoltenberg\"}',1,'2020-07-19 21:05:29','2020-07-25 13:36:39'),(33,22,'http://www.maggio.biz/33.avi',613867,'{\"owner\": \"Keaton Roberts\"}',1,'2020-07-19 21:05:29','2020-07-25 13:36:39'),(34,100,'http://www.oreilly.net/34.avi',788473,'{\"owner\": \"Alene Hickle\"}',1,'2020-07-19 21:05:29','2020-07-25 13:36:39'),(35,52,'http://schuppe.com/35.avi',221844,'{\"owner\": \"Reyna Schmitt\"}',3,'2020-07-19 21:05:29','2020-07-25 13:36:39'),(36,45,'http://schmidt.com/36.avi',90767,'{\"owner\": \"Frederique Wiegand\"}',1,'2020-07-19 21:05:29','2020-07-25 13:36:39'),(37,10,'http://johnson.com/37.avi',38435,'{\"owner\": \"Anibal Glover\"}',1,'2020-07-19 21:05:29','2020-07-25 13:36:39'),(38,90,'http://www.oconner.biz/38.avi',60969,'{\"owner\": \"Werner Beatty\"}',3,'2020-07-19 21:05:29','2020-07-25 13:36:39'),(39,100,'http://sawayn.com/39.avi',42547229,'{\"owner\": \"Alene Hickle\"}',3,'2020-07-19 21:05:29','2020-07-25 13:36:39'),(40,83,'http://barton.net/40.jpeg',3533,'{\"owner\": \"Avis Corkery\"}',2,'2020-07-19 21:05:29','2020-07-25 13:36:39'),(41,92,'http://ziemann.com/41.avi',429362064,'{\"owner\": \"Ocie Cartwright\"}',1,'2020-07-19 21:05:29','2020-07-25 13:36:39'),(42,85,'http://corkerymarvin.com/42.avi',1577,'{\"owner\": \"Reggie Wilderman\"}',1,'2020-07-19 21:05:29','2020-07-25 13:36:39'),(43,67,'http://muller.com/43.jpeg',78415,'{\"owner\": \"Allene Hessel\"}',2,'2020-07-19 21:05:29','2020-07-25 13:36:39'),(44,75,'http://deckow.com/44.avi',109776,'{\"owner\": \"Alden Schimmel\"}',1,'2020-07-19 21:05:29','2020-07-25 13:36:39'),(45,4,'http://www.lubowitz.com/45.avi',611843,'{\"owner\": \"Eileen Corwin\"}',3,'2020-07-19 21:05:29','2020-07-25 13:36:39'),(46,49,'http://gusikowski.com/46.avi',2848,'{\"owner\": \"Estella Fisher\"}',1,'2020-07-19 21:05:29','2020-07-25 13:36:39'),(47,92,'http://www.lowebecker.com/47.avi',303633,'{\"owner\": \"Ocie Cartwright\"}',1,'2020-07-19 21:05:29','2020-07-25 13:36:39'),(48,93,'http://www.schadenkeeling.com/48.jpeg',178838,'{\"owner\": \"Raphael Parisian\"}',2,'2020-07-19 21:05:29','2020-07-25 13:36:39'),(49,58,'http://www.waters.com/49.avi',5885,'{\"owner\": \"Bradley Thiel\"}',3,'2020-07-19 21:05:29','2020-07-25 13:36:39'),(50,58,'http://schmeler.net/50.jpeg',973294,'{\"owner\": \"Bradley Thiel\"}',2,'2020-07-19 21:05:29','2020-07-25 13:36:39'),(51,82,'http://www.gerlach.net/51.jpeg',319956,'{\"owner\": \"Micah Mohr\"}',2,'2020-07-19 21:05:29','2020-07-25 13:36:39'),(52,46,'http://grimes.com/52.avi',114064,'{\"owner\": \"Maxine Hackett\"}',1,'2020-07-19 21:05:29','2020-07-25 13:36:39'),(53,5,'http://www.lockmanokuneva.net/53.avi',4451,'{\"owner\": \"Furman Lowe\"}',3,'2020-07-19 21:05:29','2020-07-25 13:36:39'),(54,42,'http://www.carter.info/54.avi',4182,'{\"owner\": \"Hugh Wiza\"}',1,'2020-07-19 21:05:29','2020-07-25 13:36:39'),(55,52,'http://smithambarrows.com/55.avi',669897,'{\"owner\": \"Reyna Schmitt\"}',3,'2020-07-19 21:05:29','2020-07-25 13:36:39'),(56,36,'http://veummorar.com/56.avi',935789,'{\"owner\": \"Marilyne Hansen\"}',1,'2020-07-19 21:05:30','2020-07-25 13:36:39'),(57,77,'http://halvorson.biz/57.avi',379620,'{\"owner\": \"Kristin Kovacek\"}',1,'2020-07-19 21:05:30','2020-07-25 13:36:39'),(58,17,'http://www.west.net/58.jpeg',715309,'{\"owner\": \"Claudia Russel\"}',2,'2020-07-19 21:05:30','2020-07-25 13:36:39'),(59,29,'http://berge.net/59.jpeg',17973,'{\"owner\": \"Nestor Baumbach\"}',2,'2020-07-19 21:05:30','2020-07-25 13:36:39'),(60,48,'http://lynchwiza.net/60.jpeg',4577018,'{\"owner\": \"Sienna Bosco\"}',2,'2020-07-19 21:05:30','2020-07-25 13:36:39'),(61,100,'http://walkergrimes.org/61.jpeg',1065614,'{\"owner\": \"Alene Hickle\"}',2,'2020-07-19 21:05:30','2020-07-25 13:36:39'),(62,28,'http://frami.org/62.avi',10966997,'{\"owner\": \"Jackie Kuhlman\"}',1,'2020-07-19 21:05:30','2020-07-25 13:36:39'),(63,75,'http://weberwelch.net/63.avi',878408,'{\"owner\": \"Alden Schimmel\"}',1,'2020-07-19 21:05:30','2020-07-25 13:36:39'),(64,25,'http://mcglynn.net/64.avi',243180,'{\"owner\": \"Orland Lueilwitz\"}',3,'2020-07-19 21:05:30','2020-07-25 13:36:39'),(65,95,'http://www.borer.com/65.jpeg',1339,'{\"owner\": \"Audra Waelchi\"}',2,'2020-07-19 21:05:30','2020-07-25 13:36:39'),(66,74,'http://franeckischinner.com/66.avi',570675,'{\"owner\": \"Cleora Lueilwitz\"}',1,'2020-07-19 21:05:30','2020-07-25 13:36:39'),(67,99,'http://www.sipesbogisich.com/67.avi',113839,'{\"owner\": \"Tess Stehr\"}',3,'2020-07-19 21:05:30','2020-07-25 13:36:39'),(68,1,'http://www.rodriguez.org/68.avi',26506300,'{\"owner\": \"Kade Carroll\"}',3,'2020-07-19 21:05:30','2020-07-25 13:36:39'),(69,46,'http://renner.biz/69.avi',30980,'{\"owner\": \"Maxine Hackett\"}',1,'2020-07-19 21:05:30','2020-07-25 13:36:39'),(70,29,'http://wintheiser.com/70.avi',14949217,'{\"owner\": \"Nestor Baumbach\"}',3,'2020-07-19 21:05:30','2020-07-25 13:36:39'),(71,6,'http://cronin.com/71.avi',574206,'{\"owner\": \"Thelma McDermott\"}',1,'2020-07-19 21:05:30','2020-07-25 13:36:39'),(72,28,'http://www.bechtelar.biz/72.avi',847169,'{\"owner\": \"Jackie Kuhlman\"}',3,'2020-07-19 21:05:30','2020-07-25 13:36:39'),(73,60,'http://pollichernser.net/73.avi',1653,'{\"owner\": \"Annamarie Medhurst\"}',3,'2020-07-19 21:05:30','2020-07-25 13:36:39'),(74,52,'http://reilly.net/74.avi',12376,'{\"owner\": \"Reyna Schmitt\"}',1,'2020-07-19 21:05:30','2020-07-25 13:36:39'),(75,97,'http://www.hermiston.com/75.avi',30295537,'{\"owner\": \"Deangelo Pfannerstill\"}',3,'2020-07-19 21:05:30','2020-07-25 13:36:39'),(76,87,'http://www.stroman.biz/76.avi',20943,'{\"owner\": \"Toy Gutkowski\"}',3,'2020-07-19 21:05:30','2020-07-25 13:36:39'),(77,88,'http://wehner.com/77.avi',884330,'{\"owner\": \"Tyrell Stehr\"}',3,'2020-07-19 21:05:30','2020-07-25 13:36:39'),(78,86,'http://botsfordreichert.com/78.jpeg',870144,'{\"owner\": \"Green Bednar\"}',2,'2020-07-19 21:05:30','2020-07-25 13:36:39'),(79,76,'http://emmerich.com/79.jpeg',687730,'{\"owner\": \"Kattie Powlowski\"}',2,'2020-07-19 21:05:30','2020-07-25 13:36:39'),(80,94,'http://www.frami.org/80.avi',47857,'{\"owner\": \"Tierra Beier\"}',3,'2020-07-19 21:05:30','2020-07-25 13:36:39'),(81,53,'http://mueller.com/81.avi',818218,'{\"owner\": \"Liza Bechtelar\"}',1,'2020-07-19 21:05:30','2020-07-25 13:36:39'),(82,63,'http://www.volkman.com/82.avi',17900,'{\"owner\": \"Zoie Crona\"}',1,'2020-07-19 21:05:30','2020-07-25 13:36:39'),(83,95,'http://feestnolan.info/83.avi',624848,'{\"owner\": \"Audra Waelchi\"}',1,'2020-07-19 21:05:30','2020-07-25 13:36:39'),(84,58,'http://www.nitzschegoodwin.net/84.jpeg',60542,'{\"owner\": \"Bradley Thiel\"}',2,'2020-07-19 21:05:30','2020-07-25 13:36:39'),(85,31,'http://www.bergeroob.com/85.avi',20976077,'{\"owner\": \"Gisselle Wolff\"}',3,'2020-07-19 21:05:30','2020-07-25 13:36:39'),(86,76,'http://ohara.com/86.avi',13987,'{\"owner\": \"Kattie Powlowski\"}',1,'2020-07-19 21:05:30','2020-07-25 13:36:39'),(87,5,'http://www.krisebert.com/87.avi',36848,'{\"owner\": \"Furman Lowe\"}',3,'2020-07-19 21:05:30','2020-07-25 13:36:39'),(88,100,'http://torp.com/88.avi',418163,'{\"owner\": \"Alene Hickle\"}',1,'2020-07-19 21:05:30','2020-07-25 13:36:39'),(89,24,'http://www.crooks.net/89.jpeg',899192,'{\"owner\": \"Boyd Nitzsche\"}',2,'2020-07-19 21:05:30','2020-07-25 13:36:39'),(90,7,'http://www.stehr.com/90.avi',231469,'{\"owner\": \"Marcel Runolfsdottir\"}',1,'2020-07-19 21:05:30','2020-07-25 13:36:39'),(91,51,'http://www.baumbach.com/91.jpeg',449771,'{\"owner\": \"Elmer Gottlieb\"}',2,'2020-07-19 21:05:30','2020-07-25 13:36:39'),(92,14,'http://wisoky.com/92.avi',1835975,'{\"owner\": \"Suzanne Kirlin\"}',1,'2020-07-19 21:05:30','2020-07-25 13:36:39'),(93,50,'http://leuschkehuel.com/93.avi',35843,'{\"owner\": \"Rebeca Davis\"}',1,'2020-07-19 21:05:30','2020-07-25 13:36:39'),(94,28,'http://cremin.biz/94.avi',544448,'{\"owner\": \"Jackie Kuhlman\"}',3,'2020-07-19 21:05:30','2020-07-25 13:36:39'),(95,4,'http://www.runolfsdottir.com/95.jpeg',362927,'{\"owner\": \"Eileen Corwin\"}',2,'2020-07-19 21:05:30','2020-07-25 13:36:39'),(96,66,'http://www.bernier.com/96.jpeg',171293,'{\"owner\": \"Alysson Steuber\"}',2,'2020-07-19 21:05:30','2020-07-25 13:36:39'),(97,46,'http://www.gulgowski.com/97.avi',8570,'{\"owner\": \"Maxine Hackett\"}',3,'2020-07-19 21:05:30','2020-07-25 13:36:39'),(98,95,'http://www.hodkiewiczbuckridge.info/98.avi',757684,'{\"owner\": \"Audra Waelchi\"}',3,'2020-07-19 21:05:31','2020-07-25 13:36:39'),(99,32,'http://herzogmcglynn.com/99.avi',264540,'{\"owner\": \"Freida Graham\"}',3,'2020-07-19 21:05:31','2020-07-25 13:36:39'),(100,36,'http://kuphal.info/100.avi',39651,'{\"owner\": \"Marilyne Hansen\"}',1,'2020-07-19 21:05:31','2020-07-25 13:36:39');
/*!40000 ALTER TABLE `media` ENABLE KEYS */;
UNLOCK TABLES;

--
-- Table structure for table `media_types`
--

DROP TABLE IF EXISTS `media_types`;
/*!40101 SET @saved_cs_client     = @@character_set_client */;
/*!50503 SET character_set_client = utf8mb4 */;
CREATE TABLE `media_types` (
  `id` int unsigned NOT NULL AUTO_INCREMENT COMMENT 'Идентификатор строки',
  `name` varchar(255) NOT NULL COMMENT 'Название типа',
  `created_at` datetime DEFAULT CURRENT_TIMESTAMP COMMENT 'Время создания строки',
  PRIMARY KEY (`id`),
  UNIQUE KEY `name` (`name`)
) ENGINE=InnoDB AUTO_INCREMENT=4 DEFAULT CHARSET=utf8mb4 COLLATE=utf8mb4_0900_ai_ci COMMENT='Типы медиафайлов';
/*!40101 SET character_set_client = @saved_cs_client */;

--
-- Dumping data for table `media_types`
--

LOCK TABLES `media_types` WRITE;
/*!40000 ALTER TABLE `media_types` DISABLE KEYS */;
INSERT INTO `media_types` VALUES (1,'audio','2020-07-19 21:01:15'),(2,'image','2020-07-19 21:01:15'),(3,'video','2020-07-19 21:01:15');
/*!40000 ALTER TABLE `media_types` ENABLE KEYS */;
UNLOCK TABLES;

--
-- Table structure for table `messages`
--

DROP TABLE IF EXISTS `messages`;
/*!40101 SET @saved_cs_client     = @@character_set_client */;
/*!50503 SET character_set_client = utf8mb4 */;
CREATE TABLE `messages` (
  `id` int unsigned NOT NULL AUTO_INCREMENT COMMENT 'Идентификатор строки',
  `from_user_id` int unsigned NOT NULL COMMENT 'Ссылка на отправителя сообщения',
  `to_user_id` int unsigned NOT NULL COMMENT 'Ссылка на получателя сообщения',
  `body` text NOT NULL COMMENT 'Текст сообщения',
  `is_important` tinyint(1) DEFAULT NULL COMMENT 'Признак важности',
  `is_delivered` tinyint(1) DEFAULT NULL COMMENT 'Признак доставки',
  `is_modified` tinyint(1) DEFAULT NULL,
  `created_at` datetime DEFAULT CURRENT_TIMESTAMP COMMENT 'Время создания строки',
  `updated_at` datetime DEFAULT CURRENT_TIMESTAMP ON UPDATE CURRENT_TIMESTAMP COMMENT 'Время обновления строки',
  PRIMARY KEY (`id`),
  KEY `from_user_fk` (`from_user_id`),
  KEY `to_user_fk` (`to_user_id`),
  CONSTRAINT `from_user_fk` FOREIGN KEY (`from_user_id`) REFERENCES `users` (`id`),
  CONSTRAINT `to_user_fk` FOREIGN KEY (`to_user_id`) REFERENCES `users` (`id`)
) ENGINE=InnoDB AUTO_INCREMENT=101 DEFAULT CHARSET=utf8mb4 COLLATE=utf8mb4_0900_ai_ci COMMENT='Сообщения';
/*!40101 SET character_set_client = @saved_cs_client */;

--
-- Dumping data for table `messages`
--

LOCK TABLES `messages` WRITE;
/*!40000 ALTER TABLE `messages` DISABLE KEYS */;
INSERT INTO `messages` VALUES (1,11,62,'Voluptas velit itaque atque. Odit natus nam sint a facilis. Et vel aut aut aut ut non doloribus. Est dolorum doloribus unde repudiandae.',0,1,0,'2020-06-29 06:26:14','2020-07-25 13:44:56'),(2,100,75,'Est sint est dolorem velit est. Commodi nihil aut est totam. Nemo delectus similique voluptatum sit veritatis enim quam.',1,1,0,'2020-06-21 08:51:52','2020-07-25 13:44:56'),(3,14,86,'Minus omnis voluptatem sit sit quam repellat. Aut quis cumque rerum voluptate et rem eius necessitatibus. Recusandae quaerat explicabo libero qui omnis ullam.',1,1,0,'2020-06-23 15:26:02','2020-07-25 13:44:56'),(4,1,75,'Perferendis aut vel sunt rem et sed quis. In laudantium sapiente occaecati quo et. Esse sequi sapiente optio aut. Quo nesciunt nam omnis quae nihil consequatur cum.',0,0,0,'2020-06-28 00:33:58','2020-07-25 13:44:56'),(5,78,74,'Ea totam beatae ipsa est dolorem. Illo maiores et molestiae vel. Nisi occaecati eius quis hic exercitationem nemo distinctio.',1,0,0,'2020-07-12 06:12:20','2020-07-25 13:44:56'),(6,37,83,'Amet commodi voluptates quo quasi quibusdam assumenda. Qui suscipit quibusdam praesentium. Sunt rem nobis error vero suscipit velit. Harum suscipit sequi reiciendis exercitationem ullam.',1,1,0,'2020-07-19 04:41:19','2020-07-25 13:44:56'),(7,35,1,'Quia et consequatur explicabo deleniti. Magni ut quia iusto nihil aut tempora animi et. Recusandae quod modi aut velit asperiores. Molestiae et sunt et iure saepe.',0,0,0,'2020-07-15 07:06:55','2020-07-25 13:44:56'),(8,77,100,'Est vel voluptatem et harum suscipit excepturi vel. Impedit cumque voluptatibus nihil quo.',1,1,0,'2020-07-02 06:14:36','2020-07-25 13:44:56'),(9,78,76,'Adipisci amet cumque est sed amet ipsum quisquam. Aut amet omnis voluptatem occaecati. Et quod totam quidem omnis illo mollitia inventore. Laboriosam quia saepe perspiciatis alias quos.',1,0,0,'2020-07-03 17:05:50','2020-07-25 13:44:56'),(10,72,12,'Neque sit odit incidunt harum dolorum rerum maxime id. Et iusto et eligendi ut et quaerat. Adipisci perspiciatis neque cupiditate velit aliquam eos fugiat. Inventore assumenda magni nostrum asperiores beatae voluptate ut omnis. Quibusdam atque accusantium numquam labore maiores qui ab.',0,1,0,'2020-06-25 08:18:30','2020-07-25 13:44:56'),(11,65,32,'Est voluptatem pariatur sed accusamus velit corrupti. Molestiae rem neque ab. Reprehenderit architecto eius ut voluptate dolor. Velit et occaecati molestiae quas incidunt.',1,1,0,'2020-06-23 06:25:28','2020-07-25 13:44:56'),(12,50,85,'Minus distinctio dolorem ad dolores voluptatum numquam. Nemo aliquam odio inventore nulla aut aut aut. Quam aliquam eum non ipsam.',0,1,0,'2020-06-21 03:03:53','2020-07-25 13:44:56'),(13,43,91,'Repellat corporis expedita sed eius placeat. Sequi placeat id impedit quidem consequatur eum mollitia. Amet et ipsa at rerum facere nemo commodi.',0,1,0,'2020-06-21 08:13:54','2020-07-25 13:44:56'),(14,59,3,'Sit et rerum vel tempore. Ex quas occaecati deleniti consequuntur dignissimos sit. Molestiae nulla ut ut suscipit ipsam voluptatem vero non.',0,0,0,'2020-07-12 19:30:41','2020-07-25 13:44:56'),(15,51,25,'Eveniet illum quia ut porro. Reiciendis qui sed aperiam repellendus. Ullam voluptas ad aut esse tempora error et.',1,1,0,'2020-06-28 02:46:38','2020-07-25 13:44:56'),(16,78,99,'Ullam fuga commodi ipsa dolorem. Sit magnam debitis excepturi vel id voluptas et. Perspiciatis facilis quisquam excepturi. Assumenda autem est provident et.',1,1,0,'2020-07-17 05:10:12','2020-07-25 13:44:56'),(17,6,89,'Id enim autem quos non est ad. Cum debitis inventore beatae dolores. Incidunt autem ipsam excepturi magni voluptatum quae ut. Repellendus consequatur qui vero et sed quidem.',0,1,0,'2020-07-16 16:18:16','2020-07-25 13:44:56'),(18,82,62,'Eligendi culpa ratione omnis omnis. Nesciunt voluptatem repudiandae odit sunt. Saepe sunt dolorum sit illum nemo. Recusandae aliquam aut voluptates perspiciatis repellendus quibusdam. Sint temporibus qui quo.',1,1,0,'2020-06-21 15:29:48','2020-07-25 13:44:56'),(19,17,95,'Vel non consequatur enim veritatis. Temporibus soluta dignissimos qui et est error suscipit nemo. Aspernatur dolores officia eos quam vel eligendi. Laboriosam dolorem totam sint iure.',1,1,0,'2020-07-19 09:24:34','2020-07-25 13:44:56'),(20,34,31,'Expedita sed quas quo cum modi. Cum tenetur repellat ipsum sed. Beatae officia quia nam iste a occaecati. Ut debitis provident nesciunt ipsa.',0,0,0,'2020-06-29 06:39:44','2020-07-25 13:44:56'),(21,21,34,'Est mollitia reiciendis vel est. Ea eos quidem nostrum reiciendis quae quae. Veritatis qui omnis repellat dolorum. Quibusdam voluptatibus odio ipsam sit ut quae. Veniam est voluptate optio perspiciatis vitae ut eaque.',1,1,0,'2020-07-07 21:19:27','2020-07-25 13:44:56'),(22,57,52,'Fugiat in consequuntur sunt aut enim. Et occaecati nemo consequuntur earum veniam voluptas. Ut asperiores ipsum enim nulla. Autem et et explicabo corporis tempore fuga quia. Et ut expedita et quas autem.',0,0,0,'2020-07-18 23:33:50','2020-07-25 13:44:56'),(23,85,42,'Omnis amet exercitationem porro et doloribus quisquam. Perferendis assumenda amet quo. Sit beatae rerum corporis inventore non et ratione omnis.',0,1,0,'2020-07-11 06:30:55','2020-07-25 13:44:56'),(24,96,35,'Qui pariatur natus et commodi inventore qui consequuntur consequatur. Quia rerum sunt corrupti. Aliquam impedit voluptas omnis sequi. Veniam quas voluptas dolor necessitatibus.',0,0,0,'2020-07-14 07:47:52','2020-07-25 13:44:56'),(25,21,88,'Fugit soluta repudiandae est optio laboriosam laboriosam. Odit officia aspernatur impedit. Quia aliquid expedita numquam deserunt minima molestias occaecati. Dolor accusantium vel commodi qui nihil architecto velit quis. Totam sit qui maxime id nulla.',1,1,0,'2020-06-22 05:41:17','2020-07-25 13:44:56'),(26,24,52,'Aut accusantium quisquam quia non reiciendis. Et molestias mollitia assumenda corporis quo voluptatibus. Possimus cum aut officiis deserunt. Eligendi repellat sit et totam iste.',1,0,0,'2020-06-21 20:01:16','2020-07-25 13:44:56'),(27,22,40,'Quo veritatis autem id quae fuga. Id accusantium dolorum quam exercitationem.',0,0,0,'2020-07-19 03:54:37','2020-07-25 13:44:56'),(28,58,71,'Quam sunt nisi quod cupiditate a. Repudiandae vel asperiores mollitia et. Fuga est reiciendis atque sed. Facilis quos velit provident nihil voluptatum minus facilis.',1,0,0,'2020-07-18 15:42:22','2020-07-25 13:44:56'),(29,6,6,'A quia perspiciatis laboriosam illum. Facilis officiis quia ut beatae. Aliquam dolores et ipsa et.',1,0,0,'2020-06-29 06:09:09','2020-07-25 13:44:56'),(30,74,90,'Dolor est omnis omnis consequatur aut. Est maiores voluptas et illo fugiat. Sit quidem quam ut. Eos qui voluptas optio exercitationem officia id impedit recusandae.',1,0,0,'2020-07-02 00:26:52','2020-07-25 13:44:56'),(31,45,45,'Neque voluptatem nihil non quasi ut quas. Id in eum provident iusto a qui rem quia. Rerum iusto molestiae vero ut sit suscipit. Perferendis porro eius deserunt est est laudantium.',1,0,0,'2020-07-16 20:30:13','2020-07-25 13:44:56'),(32,81,88,'Culpa soluta unde ut est assumenda qui veritatis. Quos doloribus et eaque architecto quo culpa delectus. Quos nihil at dolorem architecto explicabo nam. Culpa qui incidunt in distinctio unde rem eligendi recusandae.',0,0,0,'2020-06-20 06:37:20','2020-07-25 13:44:56'),(33,62,44,'Perspiciatis id quam eum. Amet accusantium inventore sit. Qui doloribus ratione reprehenderit quis adipisci.',1,1,0,'2020-07-09 13:03:43','2020-07-25 13:44:56'),(34,14,47,'Voluptatibus harum aperiam est accusantium. Ut ea qui voluptatem. Ut maxime facilis doloribus harum quo dolor delectus. Nisi doloremque qui numquam sit unde aut.',1,0,0,'2020-07-11 10:18:10','2020-07-25 13:44:56'),(35,75,35,'Ut iusto quod iusto nam molestiae. Ullam reiciendis rem quos aut nobis odit in. Exercitationem eum magnam rerum fugiat et.',1,1,0,'2020-06-29 03:12:02','2020-07-25 13:44:56'),(36,45,23,'Ut consequatur iure reprehenderit facere eos repudiandae. Qui tenetur porro assumenda dolores ipsa sapiente mollitia. Natus quia est accusantium quasi tempore voluptatum.',0,1,0,'2020-07-18 06:37:13','2020-07-25 13:44:56'),(37,48,12,'Voluptate voluptate nesciunt quibusdam incidunt. Quia dolores maiores sed. Rerum deserunt omnis molestiae atque enim quos. Mollitia libero molestiae magni debitis possimus alias nesciunt.',1,1,0,'2020-07-07 10:23:48','2020-07-25 13:44:56'),(38,80,72,'Ut consequatur consequatur error eum qui ab. Ipsam odit aut harum rerum. Alias non est mollitia est facere repellat. Fuga odio omnis consectetur recusandae expedita.',0,1,0,'2020-07-19 09:52:33','2020-07-25 13:44:56'),(39,68,50,'Voluptate magni et occaecati dolores. Officiis velit odit necessitatibus voluptates. Eaque et quisquam repellendus earum unde laboriosam.',1,1,0,'2020-07-10 20:56:47','2020-07-25 13:44:56'),(40,93,5,'Qui ut mollitia esse facere. Quibusdam cum temporibus et libero est similique. Omnis soluta soluta omnis ut earum et. Quibusdam dolor et cumque dolor et.',1,0,0,'2020-07-12 15:41:46','2020-07-25 13:44:56'),(41,79,32,'Tenetur beatae est placeat quidem error non. Dolorem minus ut voluptatibus est ea autem. Culpa qui suscipit qui dolor doloremque deserunt. Illum qui ipsam voluptas doloribus.',0,0,0,'2020-07-02 02:15:56','2020-07-25 13:44:56'),(42,81,53,'In minus in earum porro aut aut et. Debitis ut delectus doloribus et quis sed sit.',1,1,0,'2020-07-10 20:58:32','2020-07-25 13:44:56'),(43,23,5,'Ratione dolor dolor doloribus voluptas quia temporibus odit. Blanditiis harum dolores assumenda vel officia.',0,1,0,'2020-06-30 05:43:48','2020-07-25 13:44:56'),(44,79,62,'Non repudiandae qui et ut sunt consequuntur doloribus. Et quasi ex ut beatae omnis veniam. Iste perspiciatis sed necessitatibus qui quibusdam qui eum. Quis quia nam recusandae deleniti.',0,0,0,'2020-07-16 15:14:21','2020-07-25 13:44:56'),(45,57,43,'Quidem consectetur animi repellendus sit. Eveniet ut culpa quisquam ipsum rerum et quam inventore. Et excepturi ut laboriosam.',1,0,0,'2020-07-11 08:51:07','2020-07-25 13:44:56'),(46,13,37,'Repudiandae aut rerum quo ut. Reprehenderit sapiente quae ullam illo est. Sit aliquam voluptatum et aut ipsam ut. Omnis occaecati recusandae sit voluptatem molestias.',1,1,0,'2020-07-10 23:02:44','2020-07-25 13:44:56'),(47,86,58,'Quia dolorem architecto non omnis. Et exercitationem rerum ab maiores distinctio alias. Quisquam eius ab reprehenderit consequatur. At sunt exercitationem distinctio provident ratione id odio.',0,1,0,'2020-07-11 06:21:07','2020-07-25 13:44:56'),(48,25,93,'Dignissimos suscipit ut qui et. Nulla est et non aliquid. Ut mollitia dolorem quo a sed. Eos consequatur iusto eum odit. Atque qui voluptas sint necessitatibus.',0,1,0,'2020-07-07 17:10:12','2020-07-25 13:44:56'),(49,18,76,'Quaerat sed similique autem dolores et quisquam. Consequuntur ea nam ratione. Sint ipsa perspiciatis laborum blanditiis dolorem.',0,1,0,'2020-07-19 07:40:29','2020-07-25 13:44:56'),(50,66,55,'Natus veritatis qui facere quis tempore. Dolore assumenda autem quasi pariatur consectetur. Consequatur ut minima ut illo. Nam molestias omnis eos quas dolores quia ipsa.',1,0,0,'2020-07-14 11:01:15','2020-07-25 13:44:56'),(51,72,93,'Optio quasi nobis sit ducimus quibusdam officia deserunt. Aut nihil quisquam qui vel similique. Dolore dolorum voluptatem ullam vero autem dolor. Soluta earum esse aut aspernatur sequi. Possimus voluptatem et et suscipit.',1,0,0,'2020-06-26 22:14:03','2020-07-25 13:44:56'),(52,100,27,'Esse totam consectetur nobis aut mollitia tempora. Ipsam excepturi aliquid molestias sit. Non dolorum et architecto esse voluptatem sunt quis.',0,1,0,'2020-07-11 10:10:06','2020-07-25 13:44:56'),(53,25,36,'Sint nesciunt cum doloribus et ut. Tempore et culpa nisi incidunt assumenda alias. Aut nihil consequuntur quis praesentium. Labore magnam id at sed doloribus repellat fugit. Est ut et iusto inventore vel quia.',1,0,0,'2020-07-18 22:55:07','2020-07-25 13:44:56'),(54,80,77,'Qui commodi nostrum natus rerum corporis. Beatae esse quia non itaque explicabo. Consectetur nostrum fugiat est eum adipisci eveniet.',1,0,0,'2020-06-25 20:24:24','2020-07-25 13:44:56'),(55,87,45,'Neque qui qui officiis qui placeat. Est magnam consequuntur tenetur nihil. Suscipit aperiam commodi est mollitia sint eum quidem omnis.',1,0,0,'2020-06-20 06:53:40','2020-07-25 13:44:56'),(56,87,69,'Beatae id aspernatur aut nam eveniet quo et. Consequatur delectus ratione corrupti dolorum. Ratione omnis ex et autem aut quaerat molestiae.',0,0,0,'2020-06-27 22:48:03','2020-07-25 13:44:56'),(57,25,91,'Optio eveniet eos id nobis molestias. Nihil voluptatum consequatur sunt beatae quaerat. Quia fuga similique illo in repudiandae in. At et porro ad ex.',1,1,0,'2020-07-15 16:04:01','2020-07-25 13:44:56'),(58,17,58,'Nam magnam qui earum voluptates debitis minima. Sunt alias eos asperiores laboriosam nam voluptatum harum.',1,1,0,'2020-06-29 06:31:38','2020-07-25 13:44:56'),(59,1,58,'Culpa repellat reiciendis id nesciunt. Amet ut beatae suscipit. Rerum et eum molestias aut labore sit alias. Quaerat impedit et pariatur.',0,0,0,'2020-07-05 13:02:26','2020-07-25 13:44:56'),(60,9,68,'Dolores sapiente nihil ipsam quas eligendi. Est fugit quaerat natus labore nostrum placeat officiis vitae. Voluptatem sed et a illum sit quasi.',0,0,0,'2020-06-30 17:11:45','2020-07-25 13:44:56'),(61,59,64,'Fugiat officia rerum molestiae voluptatem voluptates. Neque dolorem nisi sequi quae ea. Impedit quibusdam sequi natus voluptate. Illo eos quia expedita molestiae.',1,1,0,'2020-06-20 14:31:01','2020-07-25 13:44:56'),(62,71,78,'Tempora repellat fugiat sed totam sit voluptates nulla. Deserunt officiis enim aspernatur repudiandae qui. Sit dolorum dignissimos voluptas adipisci.',1,0,0,'2020-06-21 11:08:53','2020-07-25 13:44:56'),(63,80,77,'Mollitia consequuntur quisquam qui culpa. Quia tempora ipsum consequatur dolor illo. Quis suscipit porro iure. Explicabo dolorem veniam tempora dolores.',0,1,0,'2020-06-27 12:47:38','2020-07-25 13:44:56'),(64,81,10,'Occaecati dolor voluptatem similique et. Assumenda qui quibusdam inventore necessitatibus.',1,1,0,'2020-06-25 14:38:21','2020-07-25 13:44:56'),(65,49,41,'Est quis dolorem magni cupiditate laudantium voluptatibus. Nisi enim sit eligendi incidunt in voluptatem ipsa. Esse ut fuga suscipit voluptate.',1,1,0,'2020-07-19 04:51:42','2020-07-25 13:44:56'),(66,88,10,'Molestiae in consequatur quia. Pariatur consequatur quia et quia. Sunt eaque voluptatibus praesentium exercitationem doloremque aut.',0,1,0,'2020-07-18 08:04:29','2020-07-25 13:44:56'),(67,60,34,'Repudiandae cum quo quia quaerat. Nemo et deleniti officiis neque. Voluptas quisquam et aut et voluptatem.',0,1,0,'2020-06-26 00:03:31','2020-07-25 13:44:56'),(68,39,49,'Nostrum et nihil ipsum. Hic perferendis aut omnis cupiditate. Iste debitis aspernatur accusamus et.',1,1,0,'2020-07-10 22:23:41','2020-07-25 13:44:56'),(69,79,50,'Iste dolorum doloribus ex et facere id ab repellat. Distinctio quod reiciendis animi cumque. Eos explicabo voluptatem et aut.',1,0,0,'2020-07-14 03:48:01','2020-07-25 13:44:56'),(70,33,17,'Suscipit laudantium aut et sunt provident. Hic voluptate similique totam nulla et deserunt facere.',1,1,0,'2020-06-23 18:05:13','2020-07-25 13:44:56'),(71,98,96,'Tenetur itaque voluptas hic at fugit molestias beatae. Qui dolores alias laborum commodi explicabo commodi. Fuga explicabo molestiae eos laboriosam cumque culpa voluptatem.',0,1,0,'2020-06-29 01:27:06','2020-07-25 13:44:56'),(72,56,82,'Est dignissimos rerum quia minus. Libero quasi fuga quaerat vero nostrum eaque eligendi magni.',0,1,0,'2020-07-19 04:06:20','2020-07-25 13:44:56'),(73,22,91,'Aliquam qui error ut aut. Vel asperiores fuga consectetur. Ipsam mollitia non cum nesciunt.',1,0,0,'2020-06-28 14:53:20','2020-07-25 13:44:56'),(74,62,64,'Nobis maiores nihil et rem ipsa voluptatem. Eos eos rerum totam ipsam autem corporis. Aperiam sed recusandae necessitatibus laboriosam. Quia tempore tenetur labore ab voluptates.',0,0,0,'2020-07-12 08:22:44','2020-07-25 13:44:56'),(75,62,83,'Ut minima rerum molestias sunt quisquam natus nostrum. Non tenetur non et consequatur dolores hic. Ex aut ut aspernatur laboriosam voluptatem. Natus sit ut laborum doloribus neque.',1,0,0,'2020-06-27 16:08:24','2020-07-25 13:44:56'),(76,15,34,'Et nobis ut culpa facere dignissimos omnis. Officia in eos architecto. Molestias nemo et numquam ut quibusdam. Aperiam a quos praesentium qui corporis repellat.',0,0,0,'2020-07-04 10:28:53','2020-07-25 13:44:56'),(77,28,93,'Excepturi quia sunt officiis. Deleniti quasi neque qui fugiat nostrum quae. Incidunt veniam veniam natus aut a porro non. Iusto in a voluptate sed quia doloremque culpa. In sed consequuntur et architecto quaerat doloribus nobis.',0,1,0,'2020-07-12 17:01:32','2020-07-25 13:44:56'),(78,44,65,'Aut libero earum aut dolorem et commodi quibusdam. Id laboriosam minima minus velit sint.',0,0,0,'2020-07-01 09:06:24','2020-07-25 13:44:56'),(79,90,8,'Rem aspernatur similique earum illo accusamus et quisquam. Et voluptatibus ducimus id sed ipsa doloribus voluptatem. Sunt vero fugit est incidunt corrupti odio. Nesciunt qui autem ut accusantium ex ut.',1,1,0,'2020-06-24 16:42:11','2020-07-25 13:44:56'),(80,55,32,'Enim dolore unde suscipit voluptas. Facere id ipsam eos consectetur tempora dolores. Saepe velit et omnis porro adipisci. Ratione qui enim et molestiae excepturi.',0,1,0,'2020-07-16 12:06:09','2020-07-25 13:44:56'),(81,40,57,'Et nulla harum aspernatur id cumque. Quod eius quos molestiae assumenda ut earum aut. Quisquam beatae reiciendis voluptatem molestias iste repellat dolore cupiditate. Facere voluptate sunt ut adipisci.',1,1,0,'2020-06-22 21:23:52','2020-07-25 13:44:56'),(82,7,24,'Animi nesciunt quo omnis inventore optio quia harum. Assumenda officiis minima saepe eaque qui.',1,1,0,'2020-06-23 12:27:26','2020-07-25 13:44:56'),(83,35,52,'Atque et perferendis omnis asperiores voluptatem. Rerum facilis veniam consectetur corporis quia. Aut ullam alias cum impedit animi voluptas.',0,1,0,'2020-07-01 01:33:16','2020-07-25 13:44:56'),(84,1,52,'Nostrum quod voluptate laudantium maiores earum. Harum totam deserunt et perferendis soluta. Illum id ut voluptatem ullam enim vel a in.',1,0,0,'2020-07-15 09:36:56','2020-07-25 13:44:56'),(85,69,12,'Sint eum ipsam accusamus et repellat excepturi. Eveniet recusandae deserunt ipsam eum aut magnam inventore et. Sit vel dolores consequuntur recusandae vitae esse sunt.',1,1,0,'2020-07-05 11:31:46','2020-07-25 13:44:56'),(86,74,5,'Accusantium nihil est dolor et quia voluptatem ut. Harum minima et assumenda assumenda et vel.',1,1,0,'2020-06-29 11:11:35','2020-07-25 13:44:56'),(87,2,12,'Ut quae laudantium maxime sed. Dolorem qui consequatur qui consectetur. Voluptatem rerum voluptatibus voluptatem magni quia sunt. Officia et animi dicta sed iusto.',0,1,0,'2020-07-16 15:25:38','2020-07-25 13:44:56'),(88,89,5,'Iste expedita accusamus nostrum molestiae et earum beatae. Assumenda cumque minima facilis ea ducimus. Autem velit consectetur ad accusamus voluptatibus. Blanditiis iste cumque sit deleniti enim. Qui iste rem ea voluptatum.',1,1,0,'2020-07-03 07:34:23','2020-07-25 13:44:56'),(89,75,23,'Eum praesentium ratione pariatur laudantium odio aut. Consequuntur quia necessitatibus assumenda nihil. Voluptatem enim odit est qui et quis. Culpa sint neque iure eligendi sit eos qui.',1,1,0,'2020-07-09 11:03:45','2020-07-25 13:44:56'),(90,9,51,'Officia quibusdam quis iure eos possimus commodi amet. Sed odio reprehenderit eligendi repellat. Praesentium molestias asperiores possimus soluta vero provident. Sapiente enim id numquam assumenda temporibus hic est.',1,1,0,'2020-07-18 11:03:23','2020-07-25 13:44:56'),(91,10,29,'Nostrum voluptas nihil voluptatem aut eaque sunt placeat. Commodi perferendis consequuntur exercitationem quis quo.',0,1,0,'2020-06-25 21:03:43','2020-07-25 13:44:56'),(92,81,78,'Iure amet optio laboriosam sint. Voluptas est ullam est. Nulla voluptatem voluptas illo beatae. Ab eum voluptatibus omnis vel laudantium.',1,1,0,'2020-06-22 16:09:46','2020-07-25 13:44:56'),(93,43,44,'Nostrum ullam sapiente excepturi expedita. Qui alias officiis est delectus necessitatibus molestiae repudiandae voluptatem. Aut tempore eos ipsa.',1,0,0,'2020-07-15 12:35:32','2020-07-25 13:44:56'),(94,40,81,'Magnam eveniet blanditiis et magnam doloremque quam consequatur. Amet quia veniam a in qui ut esse. Est corrupti veritatis accusamus quia deleniti impedit sit animi.',0,1,0,'2020-07-11 11:47:51','2020-07-25 13:44:56'),(95,81,37,'Totam temporibus voluptatum sed ratione. Ab deserunt ullam vel autem modi. Iste neque voluptatem autem odio ex expedita dolores cupiditate.',1,1,0,'2020-06-24 01:43:35','2020-07-25 13:44:56'),(96,79,59,'Consequuntur quaerat reprehenderit possimus et ducimus eum eius. Odio qui expedita sit magni aut.',0,0,0,'2020-07-19 10:15:58','2020-07-25 13:44:56'),(97,33,39,'Voluptas eos eveniet laborum qui nam. Ex autem nihil nostrum omnis qui ut sed. Occaecati earum nisi expedita praesentium et sapiente sapiente.',0,1,0,'2020-07-15 19:49:14','2020-07-25 13:44:56'),(98,59,87,'Sit cumque sit et enim accusamus ut dolores expedita. Provident ipsum velit assumenda repellat magni. Asperiores esse rem ut at tempore in.',1,1,0,'2020-07-06 19:07:04','2020-07-25 13:44:56'),(99,98,55,'Ad hic cumque consectetur asperiores dolorem esse. Dolores aut dolorum dolores magnam. Excepturi rerum molestias non consequatur nobis doloremque.',0,0,0,'2020-07-02 10:25:46','2020-07-25 13:44:56'),(100,71,95,'Et voluptatem autem vel. Velit architecto sed est. Quaerat quis provident eum sint sint molestiae eaque cumque.',1,0,0,'2020-06-25 18:50:07','2020-07-25 13:44:56');
/*!40000 ALTER TABLE `messages` ENABLE KEYS */;
UNLOCK TABLES;

--
-- Table structure for table `profiles`
--

DROP TABLE IF EXISTS `profiles`;
/*!40101 SET @saved_cs_client     = @@character_set_client */;
/*!50503 SET character_set_client = utf8mb4 */;
CREATE TABLE `profiles` (
  `user_id` int unsigned NOT NULL COMMENT 'Ссылка на пользователя',
  `gender` char(1) NOT NULL COMMENT 'Пол',
  `birthday` date DEFAULT NULL COMMENT 'Дата рождения',
  `photo_id` int unsigned DEFAULT NULL COMMENT 'Ссылка на основную фотографию пользователя',
  `city` varchar(130) DEFAULT NULL COMMENT 'Город проживания',
  `country` varchar(130) DEFAULT NULL COMMENT 'Страна проживания',
  `updated_at` datetime DEFAULT CURRENT_TIMESTAMP ON UPDATE CURRENT_TIMESTAMP COMMENT 'Время обновления строки',
  PRIMARY KEY (`user_id`)
) ENGINE=InnoDB DEFAULT CHARSET=utf8mb4 COLLATE=utf8mb4_0900_ai_ci COMMENT='Профили';
/*!40101 SET character_set_client = @saved_cs_client */;

--
-- Dumping data for table `profiles`
--

LOCK TABLES `profiles` WRITE;
/*!40000 ALTER TABLE `profiles` DISABLE KEYS */;
INSERT INTO `profiles` VALUES (1,'0','1937-02-20',NULL,'Aubreechester','Svalbard & Jan Mayen Islands','2020-07-25 13:07:44'),(2,'0','1920-10-31',20,'Lake Keaton','Albania','2020-07-25 13:14:32'),(3,'0','1925-02-16',NULL,'Port Nathanial','Saint Vincent and the Grenadines','2020-07-25 13:07:44'),(4,'0','1927-12-07',95,'Streichborough','Faroe Islands','2020-07-25 13:14:32'),(5,'1','1951-04-01',NULL,'New Izaiahton','Finland','2020-07-25 13:07:44'),(6,'1','1980-10-06',NULL,'South Walker','Gabon','2020-07-25 13:07:44'),(7,'1','1955-01-25',NULL,'Lutherborough','Palestinian Territory','2020-07-25 13:07:44'),(8,'0','1994-08-30',NULL,'Lake Queen','Libyan Arab Jamahiriya','2020-07-25 13:07:44'),(9,'0','1989-09-11',NULL,'Kirlinmouth','Brunei Darussalam','2020-07-25 13:07:44'),(10,'1','1952-07-13',NULL,'Stephenton','Ethiopia','2020-07-25 13:07:44'),(11,'1','1953-08-08',NULL,'Lynchside','Pitcairn Islands','2020-07-25 13:07:44'),(12,'1','1967-12-07',NULL,'Boyerberg','Oman','2020-07-25 13:07:44'),(13,'1','1951-10-25',NULL,'Prohaskabury','Cameroon','2020-07-25 13:07:44'),(14,'1','1992-02-06',NULL,'North Mozelletown','Namibia','2020-07-25 13:07:44'),(15,'0','1958-04-30',NULL,'Lexibury','Slovenia','2020-07-25 13:07:44'),(16,'0','2019-02-15',NULL,'North Maudieview','Vietnam','2020-07-25 13:07:44'),(17,'1','1964-07-20',58,'New Leopold','Palestinian Territory','2020-07-25 13:14:32'),(18,'0','1931-09-17',8,'Lake Celineville','Botswana','2020-07-25 13:14:32'),(19,'0','1944-12-01',NULL,'Guychester','Norfolk Island','2020-07-25 13:07:44'),(20,'0','2018-11-16',21,'Labadiemouth','French Polynesia','2020-07-25 13:14:32'),(21,'1','1949-12-18',NULL,'Port Amira','Slovakia (Slovak Republic)','2020-07-25 13:07:44'),(22,'0','1976-07-26',NULL,'West Otisfort','Luxembourg','2020-07-25 13:07:44'),(23,'0','1962-04-14',NULL,'Krisside','Korea','2020-07-25 13:07:44'),(24,'0','1934-03-19',89,'Port Vilma','Ukraine','2020-07-25 13:14:32'),(25,'1','1957-08-02',NULL,'North Angusberg','Malaysia','2020-07-25 13:07:44'),(26,'0','1928-01-28',NULL,'Lake Cristobal','Honduras','2020-07-25 13:07:44'),(27,'0','1953-07-04',NULL,'Phyllisland','Nauru','2020-07-25 13:07:44'),(28,'1','1946-06-12',NULL,'New Coleburgh','Uzbekistan','2020-07-25 13:07:44'),(29,'0','1952-03-30',59,'West Gonzaloport','Wallis and Futuna','2020-07-25 13:14:32'),(30,'0','1974-07-11',NULL,'South Noble','Australia','2020-07-25 13:07:44'),(31,'0','1966-08-02',NULL,'South Gust','Burundi','2020-07-25 13:07:44'),(32,'1','1925-01-04',NULL,'Lake Pinkiechester','Haiti','2020-07-25 13:07:44'),(33,'1','1933-12-08',NULL,'South Leonechester','Saint Pierre and Miquelon','2020-07-25 13:07:44'),(34,'1','1966-06-26',NULL,'Parkerfort','Cambodia','2020-07-25 13:07:44'),(35,'0','1930-09-01',NULL,'New Amelie','United States Minor Outlying Islands','2020-07-25 13:07:44'),(36,'0','1955-02-15',NULL,'North Liana','Ireland','2020-07-25 13:07:44'),(37,'1','2001-09-12',NULL,'Lake Tom','Djibouti','2020-07-25 13:07:44'),(38,'1','1986-03-19',NULL,'Toneyborough','Madagascar','2020-07-25 13:07:44'),(39,'1','1921-10-01',NULL,'East Wilmertown','Israel','2020-07-25 13:07:44'),(40,'1','1956-02-11',NULL,'Noemiburgh','Thailand','2020-07-25 13:07:44'),(41,'0','2019-10-31',NULL,'Ramonaburgh','Spain','2020-07-25 13:07:44'),(42,'0','1945-12-28',NULL,'Gleichnermouth','Aruba','2020-07-25 13:07:44'),(43,'1','1946-06-05',NULL,'Larkinville','Hungary','2020-07-25 13:07:44'),(44,'1','1977-01-20',NULL,'Beulahberg','Palau','2020-07-25 13:07:44'),(45,'0','1987-04-28',NULL,'New Rebecca','Cayman Islands','2020-07-25 13:07:44'),(46,'1','1986-10-19',29,'New Caterinaville','Suriname','2020-07-25 13:14:32'),(47,'0','2003-03-08',NULL,'West Kaceyfort','Ecuador','2020-07-25 13:07:44'),(48,'1','1989-04-25',27,'West Hank','Mexico','2020-07-25 13:14:32'),(49,'1','1961-09-10',NULL,'Patiencebury','Armenia','2020-07-25 13:07:44'),(50,'1','2005-06-18',NULL,'Monahanshire','Guernsey','2020-07-25 13:07:44'),(51,'1','1958-07-20',91,'New Zelma','Western Sahara','2020-07-25 13:14:32'),(52,'0','1967-09-06',26,'Port Cristobal','Kiribati','2020-07-25 13:14:32'),(53,'0','1941-02-23',22,'West Tinaburgh','Vanuatu','2020-07-25 13:14:32'),(54,'0','1947-10-08',NULL,'Batzburgh','Vietnam','2020-07-25 13:07:44'),(55,'0','1957-05-28',NULL,'Wintheiserberg','Wallis and Futuna','2020-07-25 13:07:44'),(56,'0','2019-06-21',NULL,'South Lionelmouth','Cape Verde','2020-07-25 13:07:44'),(57,'1','1963-12-15',NULL,'Kelsieburgh','South Georgia and the South Sandwich Islands','2020-07-25 13:07:44'),(58,'0','2005-08-25',50,'Vitaburgh','Finland','2020-07-25 13:14:32'),(59,'0','1929-10-21',NULL,'Burdetteton','Saint Martin','2020-07-25 13:07:44'),(60,'0','2014-07-17',NULL,'New Bartholomefurt','French Polynesia','2020-07-25 13:07:44'),(61,'0','1949-04-23',NULL,'Lake Clevelandfurt','Western Sahara','2020-07-25 13:07:44'),(62,'0','1985-01-15',NULL,'West Nikko','Cote d\'Ivoire','2020-07-25 13:07:44'),(63,'1','1946-05-31',NULL,'East Burleyside','Ethiopia','2020-07-25 13:07:44'),(64,'0','2010-12-27',NULL,'West Everettburgh','Iran','2020-07-25 13:07:44'),(65,'1','1964-02-01',15,'Port Danny','Botswana','2020-07-25 13:14:32'),(66,'0','1964-11-02',96,'Lemkemouth','Eritrea','2020-07-25 13:14:32'),(67,'0','1999-05-17',43,'North Willie','Mozambique','2020-07-25 13:14:32'),(68,'0','1971-11-23',NULL,'Nyaland','Saint Lucia','2020-07-25 13:07:44'),(69,'1','1941-11-11',NULL,'West Idella','Norfolk Island','2020-07-25 13:07:44'),(70,'0','1969-07-07',NULL,'Alexzanderville','Isle of Man','2020-07-25 13:07:44'),(71,'0','1927-07-13',NULL,'Lake Jacques','Latvia','2020-07-25 13:07:44'),(72,'0','1934-10-31',NULL,'Raymondtown','Nigeria','2020-07-25 13:07:44'),(73,'0','1968-04-08',NULL,'Margarettborough','Hungary','2020-07-25 13:07:44'),(74,'1','1971-07-18',NULL,'South Michaelabury','Russian Federation','2020-07-25 13:07:44'),(75,'1','2000-10-07',NULL,'New Heber','Germany','2020-07-25 13:07:44'),(76,'1','1947-10-24',79,'North Tiarafort','China','2020-07-25 13:14:32'),(77,'1','1961-11-26',NULL,'Manuelburgh','Saint Lucia','2020-07-25 13:07:44'),(78,'0','2013-03-07',NULL,'North Houstonborough','Spain','2020-07-25 13:07:44'),(79,'0','1987-09-26',NULL,'North Palma','Somalia','2020-07-25 13:07:44'),(80,'1','1931-05-28',NULL,'Paucekmouth','Saint Barthelemy','2020-07-25 13:07:44'),(81,'1','2000-11-24',NULL,'D\'Amoreburgh','Togo','2020-07-25 13:07:44'),(82,'0','1992-02-24',51,'Alexchester','Hong Kong','2020-07-25 13:14:32'),(83,'0','1947-02-27',40,'Naderfurt','Egypt','2020-07-25 13:14:32'),(84,'0','1963-01-01',NULL,'Kesslerview','Central African Republic','2020-07-25 13:07:44'),(85,'1','1936-04-19',10,'Freedaburgh','Guinea-Bissau','2020-07-25 13:14:32'),(86,'0','1978-08-11',7,'Williamsonville','Nepal','2020-07-25 13:14:32'),(87,'0','1977-05-17',NULL,'Kutchland','Saint Pierre and Miquelon','2020-07-25 13:07:44'),(88,'1','2011-11-20',NULL,'South Loma','Netherlands','2020-07-25 13:07:44'),(89,'1','1961-11-16',NULL,'Port Sigurd','Macedonia','2020-07-25 13:07:44'),(90,'0','1991-06-06',NULL,'South Gonzalotown','Cocos (Keeling) Islands','2020-07-25 13:07:44'),(91,'0','1960-06-13',NULL,'Larkinview','Bosnia and Herzegovina','2020-07-25 13:07:44'),(92,'1','1940-03-22',NULL,'Maxineland','Greenland','2020-07-25 13:07:44'),(93,'0','1981-07-28',48,'South Zeldamouth','Equatorial Guinea','2020-07-25 13:14:32'),(94,'0','1990-12-15',NULL,'West Reillyfort','Croatia','2020-07-25 13:07:44'),(95,'0','1983-10-25',65,'North Trentshire','Tonga','2020-07-25 13:14:32'),(96,'0','1994-09-27',NULL,'North Augustustown','Niger','2020-07-25 13:07:44'),(97,'1','2015-12-25',NULL,'Yostfort','Central African Republic','2020-07-25 13:07:44'),(98,'1','1929-01-12',NULL,'Monahanfurt','Vanuatu','2020-07-25 13:07:44'),(99,'0','1952-10-02',NULL,'Rowefurt','Japan','2020-07-25 13:07:44'),(100,'0','1937-11-18',61,'Port Rickyhaven','Cambodia','2020-07-25 13:14:32');
/*!40000 ALTER TABLE `profiles` ENABLE KEYS */;
UNLOCK TABLES;

--
-- Table structure for table `users`
--

DROP TABLE IF EXISTS `users`;
/*!40101 SET @saved_cs_client     = @@character_set_client */;
/*!50503 SET character_set_client = utf8mb4 */;
CREATE TABLE `users` (
  `id` int unsigned NOT NULL AUTO_INCREMENT COMMENT 'Идентификатор строки',
  `first_name` varchar(100) NOT NULL COMMENT 'Имя пользователя',
  `last_name` varchar(100) NOT NULL COMMENT 'Фамилия пользователя',
  `email` varchar(100) NOT NULL COMMENT 'Почта',
  `phone` varchar(100) NOT NULL COMMENT 'Телефон',
  `created_at` datetime DEFAULT CURRENT_TIMESTAMP COMMENT 'Время создания строки',
  `updated_at` datetime DEFAULT CURRENT_TIMESTAMP ON UPDATE CURRENT_TIMESTAMP COMMENT 'Время обновления строки',
  PRIMARY KEY (`id`),
  UNIQUE KEY `email` (`email`),
  UNIQUE KEY `phone` (`phone`)
) ENGINE=InnoDB AUTO_INCREMENT=101 DEFAULT CHARSET=utf8mb4 COLLATE=utf8mb4_0900_ai_ci COMMENT='Пользователи';
/*!40101 SET character_set_client = @saved_cs_client */;

--
-- Dumping data for table `users`
--

LOCK TABLES `users` WRITE;
/*!40000 ALTER TABLE `users` DISABLE KEYS */;
INSERT INTO `users` VALUES (1,'Kade','Carroll','ttremblay@example.com','(356)010-8892','2020-07-19 21:02:33','2020-07-19 21:02:33'),(2,'Vivien','Corwin','kailee82@example.com','544-960-8885','2020-07-19 21:02:33','2020-07-19 21:02:33'),(3,'Phyllis','Parisian','harris.amiya@example.net','456.876.9239x1993','2020-07-19 21:02:33','2020-07-19 21:02:33'),(4,'Eileen','Corwin','aufderhar.tiara@example.net','(523)055-8907','2020-07-19 21:02:33','2020-07-19 21:02:33'),(5,'Furman','Lowe','cboyle@example.org','334.471.8910','2020-07-19 21:02:33','2020-07-19 21:02:33'),(6,'Thelma','McDermott','d\'angelo.torp@example.net','1-652-020-1974','2020-07-19 21:02:33','2020-07-19 21:02:33'),(7,'Marcel','Runolfsdottir','gutkowski.sasha@example.org','506.336.3697x73230','2020-07-19 21:02:33','2020-07-19 21:02:33'),(8,'Neil','Kohler','zherzog@example.com','839-614-7395x5046','2020-07-19 21:02:33','2020-07-19 21:02:33'),(9,'Rylee','Howell','rodrigo.schmitt@example.org','547-829-0414x75104','2020-07-19 21:02:33','2020-07-19 21:02:33'),(10,'Anibal','Glover','kirlin.freida@example.com','668-227-5712x538','2020-07-19 21:02:33','2020-07-19 21:02:33'),(11,'Ramiro','Kuhic','kari94@example.org','(651)337-2396x92690','2020-07-19 21:02:33','2020-07-19 21:02:33'),(12,'Claude','Lynch','haag.michaela@example.com','07163227404','2020-07-19 21:02:33','2020-07-19 21:02:33'),(13,'Perry','Reichert','kenyon.ledner@example.net','269.820.3787','2020-07-19 21:02:33','2020-07-19 21:02:33'),(14,'Suzanne','Kirlin','elza67@example.com','(074)617-1896x742','2020-07-19 21:02:33','2020-07-19 21:02:33'),(15,'Brionna','Weimann','chyna.gibson@example.com','999.864.1879x5549','2020-07-19 21:02:33','2020-07-19 21:02:33'),(16,'Cary','Carroll','dandre.collins@example.com','108.658.7348x741','2020-07-19 21:02:33','2020-07-19 21:02:33'),(17,'Claudia','Russel','adrien97@example.net','1-108-372-1233x65865','2020-07-19 21:02:33','2020-07-19 21:02:33'),(18,'Priscilla','Hoeger','hmitchell@example.org','947.180.9264x6899','2020-07-19 21:02:33','2020-07-19 21:02:33'),(19,'Cesar','Bernhard','marian.labadie@example.org','1-301-346-5940','2020-07-19 21:02:33','2020-07-19 21:02:33'),(20,'Sierra','Mraz','schamberger.patience@example.org','1-808-861-8568x78360','2020-07-19 21:02:33','2020-07-19 21:02:33'),(21,'Eli','Ratke','swaniawski.brice@example.com','(787)199-9754x270','2020-07-19 21:02:33','2020-07-19 21:02:33'),(22,'Keaton','Roberts','xreynolds@example.net','868-796-2640x20513','2020-07-19 21:02:33','2020-07-19 21:02:33'),(23,'Kavon','Parker','elouise52@example.com','+14(8)7312418227','2020-07-19 21:02:33','2020-07-19 21:02:33'),(24,'Boyd','Nitzsche','dillan.medhurst@example.com','965.038.3453x2056','2020-07-19 21:02:33','2020-07-19 21:02:33'),(25,'Orland','Lueilwitz','auer.jake@example.net','01373512075','2020-07-19 21:02:33','2020-07-19 21:02:33'),(26,'Kennith','Russel','shawna54@example.org','184-900-8480x202','2020-07-19 21:02:33','2020-07-19 21:02:33'),(27,'Georgianna','O\'Kon','cvandervort@example.net','(953)578-6523','2020-07-19 21:02:33','2020-07-19 21:02:33'),(28,'Jackie','Kuhlman','clabadie@example.org','(141)767-6004x8732','2020-07-19 21:02:33','2020-07-19 21:02:33'),(29,'Nestor','Baumbach','shyanne.little@example.net','1-944-057-0184x3735','2020-07-19 21:02:33','2020-07-19 21:02:33'),(30,'Marina','Prohaska','qtorp@example.org','405.254.9034','2020-07-19 21:02:33','2020-07-19 21:02:33'),(31,'Gisselle','Wolff','kelli.cummerata@example.net','1-801-774-9271x66100','2020-07-19 21:02:33','2020-07-19 21:02:33'),(32,'Freida','Graham','camila66@example.net','1-890-081-6007x7703','2020-07-19 21:02:33','2020-07-19 21:02:33'),(33,'Deon','Kreiger','mertz.zelda@example.org','09278484447','2020-07-19 21:02:33','2020-07-19 21:02:33'),(34,'Beau','Reilly','dietrich.christina@example.net','+26(6)5680096036','2020-07-19 21:02:33','2020-07-19 21:02:33'),(35,'Amani','Krajcik','worn@example.org','293.157.8870x37424','2020-07-19 21:02:33','2020-07-19 21:02:33'),(36,'Marilyne','Hansen','thompson.genevieve@example.org','+91(4)7056204854','2020-07-19 21:02:33','2020-07-19 21:02:33'),(37,'Lempi','Powlowski','zkozey@example.com','(146)224-4114','2020-07-19 21:02:33','2020-07-19 21:02:33'),(38,'Giovanni','Keebler','stanton.valentin@example.com','(152)033-3352','2020-07-19 21:02:33','2020-07-19 21:02:33'),(39,'Eleanora','Watsica','windler.william@example.org','+31(8)4379746834','2020-07-19 21:02:34','2020-07-19 21:02:34'),(40,'Hal','Wolf','ivonrueden@example.org','850.126.3321x64718','2020-07-19 21:02:34','2020-07-19 21:02:34'),(41,'Xander','Streich','dickinson.friedrich@example.org','738.041.2009x1060','2020-07-19 21:02:34','2020-07-19 21:02:34'),(42,'Hugh','Wiza','uo\'keefe@example.org','867-824-2328x4530','2020-07-19 21:02:34','2020-07-19 21:02:34'),(43,'Garett','Douglas','dbecker@example.org','544.650.6943','2020-07-19 21:02:34','2020-07-19 21:02:34'),(44,'Waylon','Koepp','howell.daniela@example.com','(144)605-7999','2020-07-19 21:02:34','2020-07-19 21:02:34'),(45,'Frederique','Wiegand','dahlia.howell@example.net','1-772-007-3224x08420','2020-07-19 21:02:34','2020-07-19 21:02:34'),(46,'Maxine','Hackett','qfahey@example.org','+53(7)5563164921','2020-07-19 21:02:34','2020-07-19 21:02:34'),(47,'Sydni','Stanton','leffler.madeline@example.net','(184)060-8567x95221','2020-07-19 21:02:34','2020-07-19 21:02:34'),(48,'Sienna','Bosco','juliet.gutkowski@example.org','(728)131-3169','2020-07-19 21:02:34','2020-07-19 21:02:34'),(49,'Estella','Fisher','erdman.alford@example.com','1-876-866-7650','2020-07-19 21:02:34','2020-07-19 21:02:34'),(50,'Rebeca','Davis','hoeger.gabe@example.org','+77(3)0892235191','2020-07-19 21:02:34','2020-07-19 21:02:34'),(51,'Elmer','Gottlieb','tiffany.christiansen@example.org','1-507-767-6277x656','2020-07-19 21:02:34','2020-07-19 21:02:34'),(52,'Reyna','Schmitt','treutel.dion@example.org','955-717-1872x295','2020-07-19 21:02:34','2020-07-19 21:02:34'),(53,'Liza','Bechtelar','lindgren.lloyd@example.org','173-150-7224x76779','2020-07-19 21:02:34','2020-07-19 21:02:34'),(54,'Billy','Muller','ramiro05@example.org','02975312568','2020-07-19 21:02:34','2020-07-19 21:02:34'),(55,'Salvador','Witting','margarette.rath@example.com','(295)454-8216x206','2020-07-19 21:02:34','2020-07-19 21:02:34'),(56,'Josefa','Watsica','paolo.bergstrom@example.net','+63(0)8485519660','2020-07-19 21:02:34','2020-07-19 21:02:34'),(57,'Travis','Sanford','lynn02@example.com','(756)107-0063x758','2020-07-19 21:02:34','2020-07-19 21:02:34'),(58,'Bradley','Thiel','igoyette@example.org','267-624-5108','2020-07-19 21:02:34','2020-07-19 21:02:34'),(59,'Elisha','Toy','grice@example.org','195-866-7242x8732','2020-07-19 21:02:34','2020-07-19 21:02:34'),(60,'Annamarie','Medhurst','hans86@example.com','(444)504-6241','2020-07-19 21:02:34','2020-07-19 21:02:34'),(61,'Jaylan','Kessler','alek23@example.com','+24(2)0692635603','2020-07-19 21:02:34','2020-07-19 21:02:34'),(62,'Laurine','Schaefer','metz.joel@example.net','(875)138-1986x440','2020-07-19 21:02:34','2020-07-19 21:02:34'),(63,'Zoie','Crona','alaina.shanahan@example.com','1-821-723-7956x9866','2020-07-19 21:02:34','2020-07-19 21:02:34'),(64,'Foster','Kohler','yasmin.dibbert@example.net','(012)112-1754','2020-07-19 21:02:34','2020-07-19 21:02:34'),(65,'Ruthie','Hessel','mauricio.thiel@example.com','(095)836-9893','2020-07-19 21:02:34','2020-07-19 21:02:34'),(66,'Alysson','Steuber','gerhard.ebert@example.com','862.597.3898','2020-07-19 21:02:34','2020-07-19 21:02:34'),(67,'Allene','Hessel','vnikolaus@example.com','1-938-094-6728','2020-07-19 21:02:34','2020-07-19 21:02:34'),(68,'Paige','Okuneva','consuelo.schinner@example.org','645.736.5791x3093','2020-07-19 21:02:34','2020-07-19 21:02:34'),(69,'Josh','West','stoltenberg.danyka@example.org','1-050-932-3979','2020-07-19 21:02:34','2020-07-19 21:02:34'),(70,'Sonia','Sanford','lcorkery@example.net','799-952-7249x575','2020-07-19 21:02:34','2020-07-19 21:02:34'),(71,'Hassan','Senger','brodriguez@example.net','03247590761','2020-07-19 21:02:34','2020-07-19 21:02:34'),(72,'Carmelo','Stoltenberg','modesto11@example.net','777.786.2283','2020-07-19 21:02:34','2020-07-19 21:02:34'),(73,'Kiana','Bartell','schaefer.luis@example.org','1-783-835-7709x607','2020-07-19 21:02:34','2020-07-19 21:02:34'),(74,'Cleora','Lueilwitz','abbie76@example.com','1-373-481-1022x20371','2020-07-19 21:02:34','2020-07-19 21:02:34'),(75,'Alden','Schimmel','lubowitz.alfredo@example.org','206.134.8316x675','2020-07-19 21:02:34','2020-07-19 21:02:34'),(76,'Kattie','Powlowski','kameron40@example.org','(903)815-7369x99243','2020-07-19 21:02:34','2020-07-19 21:02:34'),(77,'Kristin','Kovacek','dcole@example.org','1-368-465-0953','2020-07-19 21:02:34','2020-07-19 21:02:34'),(78,'Louie','Ziemann','nfeest@example.net','(930)355-6209x16971','2020-07-19 21:02:34','2020-07-19 21:02:34'),(79,'Walton','Shields','kyundt@example.net','(199)334-2855','2020-07-19 21:02:35','2020-07-19 21:02:35'),(80,'Monroe','Feil','dudley60@example.net','1-415-269-6965','2020-07-19 21:02:35','2020-07-19 21:02:35'),(81,'Leann','Grant','lucas.o\'keefe@example.org','880-601-1589x46518','2020-07-19 21:02:35','2020-07-19 21:02:35'),(82,'Micah','Mohr','candida.dubuque@example.com','034.952.0168x90361','2020-07-19 21:02:35','2020-07-19 21:02:35'),(83,'Avis','Corkery','casper.hailee@example.net','00914857142','2020-07-19 21:02:35','2020-07-19 21:02:35'),(84,'Santa','Wiegand','ereynolds@example.net','1-273-770-8531x42622','2020-07-19 21:02:35','2020-07-19 21:02:35'),(85,'Reggie','Wilderman','satterfield.fiona@example.com','1-350-277-9358x71978','2020-07-19 21:02:35','2020-07-19 21:02:35'),(86,'Green','Bednar','zratke@example.org','873-548-9817','2020-07-19 21:02:35','2020-07-19 21:02:35'),(87,'Toy','Gutkowski','marilyne18@example.com','305.037.6090x28668','2020-07-19 21:02:35','2020-07-19 21:02:35'),(88,'Tyrell','Stehr','koelpin.price@example.org','(756)236-8007x351','2020-07-19 21:02:35','2020-07-19 21:02:35'),(89,'Kaleigh','Becker','harvey.isac@example.com','03192242547','2020-07-19 21:02:35','2020-07-19 21:02:35'),(90,'Werner','Beatty','alejandrin44@example.net','(237)933-8183x515','2020-07-19 21:02:35','2020-07-19 21:02:35'),(91,'Mathew','Lynch','nico.hayes@example.org','(348)440-1306','2020-07-19 21:02:35','2020-07-19 21:02:35'),(92,'Ocie','Cartwright','pbeier@example.net','668-281-7969x15871','2020-07-19 21:02:35','2020-07-19 21:02:35'),(93,'Raphael','Parisian','kiehn.jarvis@example.com','(891)549-2820','2020-07-19 21:02:35','2020-07-19 21:02:35'),(94,'Tierra','Beier','vandervort.charley@example.org','(421)510-0001','2020-07-19 21:02:35','2020-07-19 21:02:35'),(95,'Audra','Waelchi','ibailey@example.org','099.551.8857','2020-07-19 21:02:35','2020-07-19 21:02:35'),(96,'Shanna','Dickens','abbie73@example.org','092.126.3427','2020-07-19 21:02:35','2020-07-19 21:02:35'),(97,'Deangelo','Pfannerstill','rosella34@example.com','1-919-353-5407x545','2020-07-19 21:02:35','2020-07-19 21:02:35'),(98,'Astrid','Bosco','patience07@example.com','+48(0)6666951790','2020-07-19 21:02:35','2020-07-19 21:02:35'),(99,'Tess','Stehr','florida.brekke@example.net','(774)207-7577x907','2020-07-19 21:02:35','2020-07-19 21:02:35'),(100,'Alene','Hickle','beahan.julianne@example.org','406-303-9373','2020-07-19 21:02:35','2020-07-19 21:02:35');
/*!40000 ALTER TABLE `users` ENABLE KEYS */;
UNLOCK TABLES;
/*!40103 SET TIME_ZONE=@OLD_TIME_ZONE */;

/*!40101 SET SQL_MODE=@OLD_SQL_MODE */;
/*!40014 SET FOREIGN_KEY_CHECKS=@OLD_FOREIGN_KEY_CHECKS */;
/*!40014 SET UNIQUE_CHECKS=@OLD_UNIQUE_CHECKS */;
/*!40101 SET CHARACTER_SET_CLIENT=@OLD_CHARACTER_SET_CLIENT */;
/*!40101 SET CHARACTER_SET_RESULTS=@OLD_CHARACTER_SET_RESULTS */;
/*!40101 SET COLLATION_CONNECTION=@OLD_COLLATION_CONNECTION */;
/*!40111 SET SQL_NOTES=@OLD_SQL_NOTES */;

-- Dump completed on 2020-07-25 14:15:47
