/*users*/
INSERT INTO `users` (`id`, `first_name`, `last_name`, `email`, `phone`, `birthday`, `city`, `address`, `created_at`, `updated_at`) VALUES ('1', 'Meaghan', 'Lakin', 'tyshawn.metz@example.com', '(647)241-3793x2292', '1979-04-14', 'West Presley', '50740 Cordia Lodge Suite 632\nEast Shea, ND 19422-9678', '2020-02-20 12:36:30', '2020-08-04 02:50:38');
INSERT INTO `users` (`id`, `first_name`, `last_name`, `email`, `phone`, `birthday`, `city`, `address`, `created_at`, `updated_at`) VALUES ('2', 'Eleonore', 'Lynch', 'elody70@example.com', '1-431-438-3050', '2009-09-29', 'Dallasmouth', '10195 Samson Club\nEast Clayfurt, AL 26088-6551', '2020-06-10 12:24:55', '2020-08-14 13:01:53');
INSERT INTO `users` (`id`, `first_name`, `last_name`, `email`, `phone`, `birthday`, `city`, `address`, `created_at`, `updated_at`) VALUES ('3', 'Loy', 'Haley', 'abigail.ortiz@example.com', '1-360-429-5865', '1997-10-08', 'Reneburgh', '730 Loy Run Suite 411\nNew Rosaleechester, OR 14102-9617', '2019-12-21 22:16:43', '2020-08-13 16:56:48');
INSERT INTO `users` (`id`, `first_name`, `last_name`, `email`, `phone`, `birthday`, `city`, `address`, `created_at`, `updated_at`) VALUES ('4', 'Grayce', 'Sauer', 'turcotte.harley@example.net', '(942)938-9852x279', '1938-09-21', 'East Jewelmouth', '293 Diana Way\nLake Kentonmouth, WA 58655-7561', '2020-05-03 13:45:00', '2020-08-03 12:08:09');
INSERT INTO `users` (`id`, `first_name`, `last_name`, `email`, `phone`, `birthday`, `city`, `address`, `created_at`, `updated_at`) VALUES ('5', 'David', 'Torp', 'hbotsford@example.com', '020.074.3516', '2016-01-23', 'North Bertrand', '3888 Homenick Parks\nNienowberg, AL 28271', '2020-04-26 19:30:55', '2020-08-14 04:54:50');
INSERT INTO `users` (`id`, `first_name`, `last_name`, `email`, `phone`, `birthday`, `city`, `address`, `created_at`, `updated_at`) VALUES ('6', 'Leonora', 'Kuhic', 'zkautzer@example.net', '1-578-697-5340x3000', '1990-02-20', 'Port Eulaland', '1346 Hodkiewicz Roads\nSouth Sienna, MI 63452', '2020-06-18 18:17:50', '2020-08-07 08:51:56');
INSERT INTO `users` (`id`, `first_name`, `last_name`, `email`, `phone`, `birthday`, `city`, `address`, `created_at`, `updated_at`) VALUES ('7', 'Ashlee', 'Reynolds', 'carli38@example.com', '970-971-5001x1873', '1971-11-16', 'East Nils', '905 Schroeder Radial\nTannerside, MS 27559-8688', '2019-11-27 22:47:34', '2020-07-24 18:16:23');
INSERT INTO `users` (`id`, `first_name`, `last_name`, `email`, `phone`, `birthday`, `city`, `address`, `created_at`, `updated_at`) VALUES ('8', 'Hollie', 'Bauch', 'howe.winston@example.net', '576.535.4483x30321', '1943-04-23', 'West Antwonstad', '47413 Dante Island Apt. 771\nBeerton, MD 42706', '2020-05-01 16:59:13', '2020-08-10 19:20:34');
INSERT INTO `users` (`id`, `first_name`, `last_name`, `email`, `phone`, `birthday`, `city`, `address`, `created_at`, `updated_at`) VALUES ('9', 'Michael', 'Stamm', 'ktoy@example.net', '728-903-1735x11550', '1963-04-08', 'South Glendamouth', '139 Jacobs Creek Apt. 638\nEast Dedrick, VA 85774', '2020-01-03 02:28:07', '2020-08-11 20:38:34');
INSERT INTO `users` (`id`, `first_name`, `last_name`, `email`, `phone`, `birthday`, `city`, `address`, `created_at`, `updated_at`) VALUES ('10', 'Jerome', 'Berge', 'carter.sylvia@example.com', '1-351-136-7622x0126', '1993-10-28', 'Port Ambrose', '414 Mercedes Gateway Apt. 302\nAbshirestad, MA 49343-2385', '2020-06-23 13:12:03', '2020-08-07 13:40:50');
INSERT INTO `users` (`id`, `first_name`, `last_name`, `email`, `phone`, `birthday`, `city`, `address`, `created_at`, `updated_at`) VALUES ('11', 'Meagan', 'Koepp', 'ruby.wyman@example.org', '538.538.3307x404', '1924-07-22', 'Runolfsdottirmouth', '6281 Stoltenberg Forge Suite 449\nElisaport, ID 04724', '2019-09-21 08:31:08', '2020-08-12 01:49:23');
INSERT INTO `users` (`id`, `first_name`, `last_name`, `email`, `phone`, `birthday`, `city`, `address`, `created_at`, `updated_at`) VALUES ('12', 'Albina', 'Ratke', 'boyle.adan@example.org', '(201)987-1857', '1943-09-04', 'Friesenstad', '44048 Greenholt Cove\nNew Jeramieton, DE 90705', '2019-12-25 21:17:44', '2020-07-28 18:12:59');
INSERT INTO `users` (`id`, `first_name`, `last_name`, `email`, `phone`, `birthday`, `city`, `address`, `created_at`, `updated_at`) VALUES ('13', 'Marisol', 'Cruickshank', 'elisha.gerhold@example.net', '787-539-4344x2760', '1951-07-20', 'Schowalterstad', '80125 Parisian Mount Apt. 458\nNew Verdahaven, WY 46272', '2019-10-23 13:41:22', '2020-08-12 06:48:04');
INSERT INTO `users` (`id`, `first_name`, `last_name`, `email`, `phone`, `birthday`, `city`, `address`, `created_at`, `updated_at`) VALUES ('14', 'Oceane', 'Doyle', 'bergnaum.enrico@example.net', '1-678-923-1430x83969', '2019-09-11', 'Leonoratown', '5060 Dooley Bridge Apt. 305\nCordellfurt, CA 97008', '2020-07-23 16:37:10', '2020-08-09 07:45:34');
INSERT INTO `users` (`id`, `first_name`, `last_name`, `email`, `phone`, `birthday`, `city`, `address`, `created_at`, `updated_at`) VALUES ('15', 'Mervin', 'Huels', 'ylind@example.org', '01138258168', '2005-10-06', 'Kossfurt', '58059 Larkin Path Apt. 254\nPort Huldastad, VT 14999', '2019-12-19 11:10:14', '2020-07-28 15:26:35');
INSERT INTO `users` (`id`, `first_name`, `last_name`, `email`, `phone`, `birthday`, `city`, `address`, `created_at`, `updated_at`) VALUES ('16', 'Arch', 'Grady', 'rosenbaum.bulah@example.com', '(441)842-2848', '2001-11-21', 'North Haley', '9277 Shea Mill Apt. 966\nSouth Bettie, CA 97388-5391', '2020-06-15 20:56:55', '2020-08-21 09:50:28');
INSERT INTO `users` (`id`, `first_name`, `last_name`, `email`, `phone`, `birthday`, `city`, `address`, `created_at`, `updated_at`) VALUES ('17', 'Joannie', 'Heidenreich', 'orville.klocko@example.org', '265.858.1380x90466', '1994-07-02', 'New Maxieland', '542 Bergstrom Meadow Apt. 647\nOrionville, AZ 13041', '2019-09-10 07:42:01', '2020-08-05 11:14:46');
INSERT INTO `users` (`id`, `first_name`, `last_name`, `email`, `phone`, `birthday`, `city`, `address`, `created_at`, `updated_at`) VALUES ('18', 'Felton', 'Conroy', 'gjacobi@example.com', '02443956170', '1962-07-05', 'New Domenica', '2412 Reichel Club Apt. 591\nSouth Chesterbury, SD 43743-9881', '2020-08-22 15:41:10', '2020-08-16 03:31:39');
INSERT INTO `users` (`id`, `first_name`, `last_name`, `email`, `phone`, `birthday`, `city`, `address`, `created_at`, `updated_at`) VALUES ('19', 'Celestino', 'Koch', 'obosco@example.org', '191.168.8830x519', '1977-10-08', 'South Abbiebury', '151 Joe Parkway\nO\'Konburgh, KS 09858', '2020-04-19 02:52:22', '2020-08-02 03:11:28');
INSERT INTO `users` (`id`, `first_name`, `last_name`, `email`, `phone`, `birthday`, `city`, `address`, `created_at`, `updated_at`) VALUES ('20', 'Keegan', 'Krajcik', 'zack.kautzer@example.org', '+35(2)8521999128', '1933-01-05', 'South Aliya', '49139 Timothy Port Suite 249\nAlizeville, TN 97460-9790', '2020-07-30 19:26:56', '2020-08-01 16:05:41');
INSERT INTO `users` (`id`, `first_name`, `last_name`, `email`, `phone`, `birthday`, `city`, `address`, `created_at`, `updated_at`) VALUES ('21', 'Brendan', 'Walsh', 'june.jakubowski@example.org', '781-123-6841x75300', '1965-12-14', 'South Halie', '447 Champlin Village Apt. 944\nWest Darby, CT 20675', '2019-09-04 04:34:55', '2020-08-22 11:20:28');
INSERT INTO `users` (`id`, `first_name`, `last_name`, `email`, `phone`, `birthday`, `city`, `address`, `created_at`, `updated_at`) VALUES ('22', 'Gail', 'Reichert', 'tavares.hartmann@example.net', '(709)403-3335', '1934-03-25', 'North Shayne', '0336 Ritchie Meadow\nPort Bridie, OH 09615', '2019-09-29 17:48:21', '2020-08-16 23:07:40');
INSERT INTO `users` (`id`, `first_name`, `last_name`, `email`, `phone`, `birthday`, `city`, `address`, `created_at`, `updated_at`) VALUES ('23', 'Anastasia', 'Prosacco', 'santina.tromp@example.org', '847.105.7612', '1949-09-14', 'Lacymouth', '4831 Kiarra Prairie Suite 425\nEast Jessycahaven, KY 30720', '2019-11-14 08:16:27', '2020-07-31 20:05:11');
INSERT INTO `users` (`id`, `first_name`, `last_name`, `email`, `phone`, `birthday`, `city`, `address`, `created_at`, `updated_at`) VALUES ('24', 'Michael', 'Kassulke', 'maggio.deanna@example.net', '983-516-6793', '2014-04-17', 'Tannermouth', '42164 Vernice Mount Suite 861\nHeathcoteton, MS 91974-4020', '2019-11-21 22:42:46', '2020-08-09 02:13:52');
INSERT INTO `users` (`id`, `first_name`, `last_name`, `email`, `phone`, `birthday`, `city`, `address`, `created_at`, `updated_at`) VALUES ('25', 'Edward', 'Abshire', 'shanon.mertz@example.net', '606.487.0407x4532', '1956-10-25', 'Sydneychester', '61780 Jade Island\nBlandaside, AZ 78861', '2020-08-08 00:30:42', '2020-08-16 00:48:10');
INSERT INTO `users` (`id`, `first_name`, `last_name`, `email`, `phone`, `birthday`, `city`, `address`, `created_at`, `updated_at`) VALUES ('26', 'Queen', 'Bashirian', 'jorge19@example.net', '920-098-4915x9521', '1999-10-09', 'Lake Patience', '1390 Brandyn Shore Apt. 484\nWest Helena, NM 52545', '2020-04-12 07:22:48', '2020-08-12 11:27:37');
INSERT INTO `users` (`id`, `first_name`, `last_name`, `email`, `phone`, `birthday`, `city`, `address`, `created_at`, `updated_at`) VALUES ('27', 'Ariel', 'Thompson', 'gislason.kip@example.net', '366.065.0774', '2001-05-27', 'Olinside', '05574 Buckridge Radial Suite 192\nTorphyside, NV 05360-5525', '2020-08-08 06:44:25', '2020-08-03 01:40:55');
INSERT INTO `users` (`id`, `first_name`, `last_name`, `email`, `phone`, `birthday`, `city`, `address`, `created_at`, `updated_at`) VALUES ('28', 'Jules', 'Jakubowski', 'aubree97@example.com', '1-420-467-6897x54718', '1991-07-04', 'New Jaquan', '841 Kenna Forks\nEthanmouth, AR 35841', '2019-12-14 08:53:20', '2020-07-29 02:13:03');
INSERT INTO `users` (`id`, `first_name`, `last_name`, `email`, `phone`, `birthday`, `city`, `address`, `created_at`, `updated_at`) VALUES ('29', 'Ulises', 'Powlowski', 'westley.balistreri@example.org', '734.401.0515x667', '1968-08-13', 'Oletafort', '417 Ansley Gardens Suite 166\nNorth Haley, MN 65107-6103', '2020-07-12 17:49:10', '2020-08-13 13:31:35');
INSERT INTO `users` (`id`, `first_name`, `last_name`, `email`, `phone`, `birthday`, `city`, `address`, `created_at`, `updated_at`) VALUES ('30', 'Garett', 'Prosacco', 'hayes.trevor@example.com', '723.996.8947', '1997-07-19', 'Martintown', '3312 Jenkins Avenue Apt. 234\nEast Jadyn, AR 43695-7395', '2020-06-15 11:38:18', '2020-07-25 20:55:06');
INSERT INTO `users` (`id`, `first_name`, `last_name`, `email`, `phone`, `birthday`, `city`, `address`, `created_at`, `updated_at`) VALUES ('31', 'Juliet', 'Greenfelder', 'asteuber@example.org', '048-482-7467', '1969-08-09', 'South Juniusstad', '6556 Hulda Cliffs\nNorth Francisco, ND 13682-7674', '2020-05-01 12:54:21', '2020-07-24 21:58:49');
INSERT INTO `users` (`id`, `first_name`, `last_name`, `email`, `phone`, `birthday`, `city`, `address`, `created_at`, `updated_at`) VALUES ('32', 'Kadin', 'Keebler', 'msmith@example.com', '1-642-085-0493x03498', '1988-11-24', 'North Demarco', '022 Auer Mall\nSouth Sigmundfurt, AK 73725', '2020-05-16 21:23:22', '2020-08-13 08:50:02');
INSERT INTO `users` (`id`, `first_name`, `last_name`, `email`, `phone`, `birthday`, `city`, `address`, `created_at`, `updated_at`) VALUES ('33', 'Shannon', 'Kub', 'melyna.reilly@example.net', '1-569-515-2558', '2005-09-22', 'East Meggie', '7118 Crist Roads Suite 288\nNorth Fatimafort, WA 20070', '2020-01-21 18:59:14', '2020-08-10 17:27:36');
INSERT INTO `users` (`id`, `first_name`, `last_name`, `email`, `phone`, `birthday`, `city`, `address`, `created_at`, `updated_at`) VALUES ('34', 'Barry', 'Mills', 'mrohan@example.net', '(109)375-6513', '1985-08-10', 'Lake Ernestine', '23712 Weber Ferry Apt. 142\nWest Shanelleburgh, GA 98988', '2019-08-28 18:18:57', '2020-08-04 12:52:14');
INSERT INTO `users` (`id`, `first_name`, `last_name`, `email`, `phone`, `birthday`, `city`, `address`, `created_at`, `updated_at`) VALUES ('35', 'Kara', 'Gibson', 'kade28@example.org', '+04(9)6384151666', '1995-05-16', 'North Tyler', '709 Alverta Unions\nNew Nicoletteport, AR 39012-1031', '2019-11-25 12:18:47', '2020-08-19 13:12:24');
INSERT INTO `users` (`id`, `first_name`, `last_name`, `email`, `phone`, `birthday`, `city`, `address`, `created_at`, `updated_at`) VALUES ('36', 'Tressa', 'Mante', 'jhayes@example.net', '1-242-812-8280x9620', '1948-04-27', 'South Casandraport', '1790 Jacobi Parkway\nIgnatiusshire, WA 68440-4808', '2020-04-25 15:53:51', '2020-08-16 14:36:12');
INSERT INTO `users` (`id`, `first_name`, `last_name`, `email`, `phone`, `birthday`, `city`, `address`, `created_at`, `updated_at`) VALUES ('37', 'Halle', 'Schowalter', 'd\'amore.ulices@example.com', '1-878-222-5583x891', '1980-10-29', 'Kiehnton', '873 Mark Meadows Apt. 007\nNew Etha, NM 97170-0252', '2020-06-16 10:59:59', '2020-08-10 07:14:58');
INSERT INTO `users` (`id`, `first_name`, `last_name`, `email`, `phone`, `birthday`, `city`, `address`, `created_at`, `updated_at`) VALUES ('38', 'Rosemarie', 'Beier', 'elissa62@example.org', '+22(7)0001190086', '1997-03-20', 'Kilbackport', '52802 Lori Groves\nAshlyton, DE 84687', '2020-05-01 00:08:54', '2020-08-18 00:11:07');
INSERT INTO `users` (`id`, `first_name`, `last_name`, `email`, `phone`, `birthday`, `city`, `address`, `created_at`, `updated_at`) VALUES ('39', 'Noel', 'Vandervort', 'morris14@example.net', '882-316-5578x607', '1979-11-19', 'Arthurshire', '78014 Nicolas Glen\nWest Robertatown, NE 00964', '2020-08-07 02:13:43', '2020-08-17 00:21:17');
INSERT INTO `users` (`id`, `first_name`, `last_name`, `email`, `phone`, `birthday`, `city`, `address`, `created_at`, `updated_at`) VALUES ('40', 'Leland', 'Klein', 'elena.greenfelder@example.org', '+35(0)8220188653', '1959-05-26', 'New Pinkie', '842 Sydnee Fork Apt. 534\nSouth Beulahchester, NY 06135', '2019-09-14 16:50:46', '2020-08-17 05:39:02');
INSERT INTO `users` (`id`, `first_name`, `last_name`, `email`, `phone`, `birthday`, `city`, `address`, `created_at`, `updated_at`) VALUES ('41', 'Corrine', 'McGlynn', 'randi.o\'connell@example.com', '039-273-6331', '1965-01-02', 'Connellyberg', '1249 Maritza Port Apt. 356\nHodkiewiczborough, ME 67828-9877', '2019-12-25 06:12:00', '2020-08-02 16:50:13');
INSERT INTO `users` (`id`, `first_name`, `last_name`, `email`, `phone`, `birthday`, `city`, `address`, `created_at`, `updated_at`) VALUES ('42', 'Jenifer', 'Yundt', 'lue74@example.net', '1-379-587-7811', '1928-05-04', 'Gerholdside', '42448 Conroy Hollow\nLabadieland, TN 13906-4152', '2020-07-21 03:35:45', '2020-08-18 07:42:54');
INSERT INTO `users` (`id`, `first_name`, `last_name`, `email`, `phone`, `birthday`, `city`, `address`, `created_at`, `updated_at`) VALUES ('43', 'Agnes', 'Volkman', 'roger89@example.net', '1-996-321-5216x101', '2020-06-17', 'Avismouth', '407 Gutkowski Way Suite 464\nLottiestad, TN 79522-4061', '2020-08-21 21:06:19', '2020-07-30 08:10:52');
INSERT INTO `users` (`id`, `first_name`, `last_name`, `email`, `phone`, `birthday`, `city`, `address`, `created_at`, `updated_at`) VALUES ('44', 'Cindy', 'Towne', 'bnienow@example.net', '798.794.9326', '1972-10-17', 'Port Myrtis', '489 Maida Spring Suite 212\nDameonstad, RI 40944-5616', '2020-08-23 17:57:02', '2020-08-19 09:27:01');
INSERT INTO `users` (`id`, `first_name`, `last_name`, `email`, `phone`, `birthday`, `city`, `address`, `created_at`, `updated_at`) VALUES ('45', 'Felipa', 'Schultz', 'kohler.luciano@example.org', '(552)208-3133x24347', '1952-01-18', 'Vickyville', '5454 Lang Crescent Apt. 784\nEast Briabury, OK 33523', '2020-01-03 06:54:51', '2020-08-04 02:45:53');
INSERT INTO `users` (`id`, `first_name`, `last_name`, `email`, `phone`, `birthday`, `city`, `address`, `created_at`, `updated_at`) VALUES ('46', 'Dane', 'Adams', 'hoppe.opal@example.com', '518-345-0375x04941', '1994-08-16', 'South Stephanieshire', '948 Lauriane Square\nGorczanyhaven, ND 37391', '2019-11-19 10:19:00', '2020-07-29 05:27:21');
INSERT INTO `users` (`id`, `first_name`, `last_name`, `email`, `phone`, `birthday`, `city`, `address`, `created_at`, `updated_at`) VALUES ('47', 'Abdul', 'Keebler', 'ysenger@example.com', '694-918-0921', '1935-11-26', 'Gislasonmouth', '5392 Conn Pike\nWest Guillermo, VA 92639-7916', '2020-07-17 20:56:57', '2020-08-14 16:42:44');
INSERT INTO `users` (`id`, `first_name`, `last_name`, `email`, `phone`, `birthday`, `city`, `address`, `created_at`, `updated_at`) VALUES ('48', 'Theodora', 'Halvorson', 'daren94@example.com', '(963)304-0602x46165', '2019-02-11', 'Lorineshire', '17100 Jayme Junction\nEmiliaburgh, SC 35774', '2020-04-11 01:59:42', '2020-07-29 13:35:14');
INSERT INTO `users` (`id`, `first_name`, `last_name`, `email`, `phone`, `birthday`, `city`, `address`, `created_at`, `updated_at`) VALUES ('49', 'Leanna', 'Larson', 'princess.kertzmann@example.org', '(305)379-1559', '1922-10-28', 'West Kenny', '43694 Bode Hill Apt. 952\nLake Elissa, AZ 47642', '2019-11-16 02:00:31', '2020-08-23 12:43:08');
INSERT INTO `users` (`id`, `first_name`, `last_name`, `email`, `phone`, `birthday`, `city`, `address`, `created_at`, `updated_at`) VALUES ('50', 'Pearline', 'Daugherty', 'bernhard.jody@example.org', '1-225-460-6128x2717', '1939-03-31', 'Port Ozella', '4083 Mollie Overpass\nPort Kylee, NE 61744', '2020-05-22 06:09:32', '2020-08-09 22:01:53');
INSERT INTO `users` (`id`, `first_name`, `last_name`, `email`, `phone`, `birthday`, `city`, `address`, `created_at`, `updated_at`) VALUES ('51', 'Anabel', 'Lebsack', 'leola67@example.org', '571-936-0930x19744', '1986-06-14', 'Sallieborough', '1147 Gianni Ways\nGreenfurt, MS 97492-6763', '2020-01-11 23:18:54', '2020-08-24 12:02:10');
INSERT INTO `users` (`id`, `first_name`, `last_name`, `email`, `phone`, `birthday`, `city`, `address`, `created_at`, `updated_at`) VALUES ('52', 'Morgan', 'Bernier', 'kautzer.chloe@example.com', '1-724-499-5784x2173', '1988-06-08', 'East Rosina', '93995 Elena Tunnel\nLake Maurinemouth, SD 00393-7292', '2020-03-24 12:53:38', '2020-08-13 07:53:22');
INSERT INTO `users` (`id`, `first_name`, `last_name`, `email`, `phone`, `birthday`, `city`, `address`, `created_at`, `updated_at`) VALUES ('53', 'Jaeden', 'Mann', 'reymundo.glover@example.com', '(545)171-9989', '1995-11-11', 'East Eulahport', '5588 Nitzsche Causeway Suite 907\nIsabellamouth, SC 69041-5544', '2020-07-11 10:15:38', '2020-08-07 09:42:21');
INSERT INTO `users` (`id`, `first_name`, `last_name`, `email`, `phone`, `birthday`, `city`, `address`, `created_at`, `updated_at`) VALUES ('54', 'Tillman', 'Moen', 'collins.mabelle@example.org', '1-938-988-1271x279', '1966-10-14', 'McClureborough', '9344 Roberts Inlet\nWest Marlinton, AL 32187', '2020-08-18 09:08:48', '2020-07-28 10:45:23');
INSERT INTO `users` (`id`, `first_name`, `last_name`, `email`, `phone`, `birthday`, `city`, `address`, `created_at`, `updated_at`) VALUES ('55', 'Davion', 'Tromp', 'haley.schinner@example.com', '801.576.0780x4494', '1929-12-27', 'Brekkeview', '81996 Gabriella Dale\nMedhurstport, VT 66646', '2020-07-15 22:41:18', '2020-08-02 15:09:22');
INSERT INTO `users` (`id`, `first_name`, `last_name`, `email`, `phone`, `birthday`, `city`, `address`, `created_at`, `updated_at`) VALUES ('56', 'Sharon', 'Prosacco', 'sheila.marquardt@example.net', '(743)070-9709x9227', '1974-10-26', 'Emmaberg', '1370 Chaya Square Apt. 179\nKundestad, RI 40903-6529', '2019-10-06 18:30:45', '2020-08-19 16:00:53');
INSERT INTO `users` (`id`, `first_name`, `last_name`, `email`, `phone`, `birthday`, `city`, `address`, `created_at`, `updated_at`) VALUES ('57', 'Caitlyn', 'Hammes', 'scottie56@example.org', '1-474-025-0736x1928', '1948-01-15', 'North Abnerborough', '92920 Lola Plains Apt. 308\nSouth Jakayla, HI 30328-8732', '2020-02-04 08:35:12', '2020-08-12 20:09:52');
INSERT INTO `users` (`id`, `first_name`, `last_name`, `email`, `phone`, `birthday`, `city`, `address`, `created_at`, `updated_at`) VALUES ('58', 'Wellington', 'Yost', 'eddie47@example.org', '(883)176-5714x5803', '1981-05-29', 'West Janet', '890 Ola Knoll\nSouth Garrett, MN 08983', '2020-05-22 14:07:39', '2020-08-04 11:06:16');
INSERT INTO `users` (`id`, `first_name`, `last_name`, `email`, `phone`, `birthday`, `city`, `address`, `created_at`, `updated_at`) VALUES ('59', 'Raheem', 'Parker', 'ted.collier@example.net', '07310812025', '1954-07-28', 'Cathrinehaven', '1495 Delphine Route\nVincenzoside, NV 22857', '2020-07-25 16:24:48', '2020-08-22 04:49:14');
INSERT INTO `users` (`id`, `first_name`, `last_name`, `email`, `phone`, `birthday`, `city`, `address`, `created_at`, `updated_at`) VALUES ('60', 'Viola', 'Adams', 'halvorson.adam@example.com', '03185037534', '1993-12-10', 'Port Coryshire', '3771 Leta Orchard Apt. 947\nSouth Helen, ND 47404', '2019-09-04 14:57:55', '2020-08-21 21:14:50');
INSERT INTO `users` (`id`, `first_name`, `last_name`, `email`, `phone`, `birthday`, `city`, `address`, `created_at`, `updated_at`) VALUES ('61', 'Pierce', 'Witting', 'gbeer@example.org', '(225)158-0998x26903', '1981-07-22', 'Carlottabury', '188 Conn Greens\nLacyville, DC 93436', '2019-09-03 22:57:48', '2020-07-31 16:34:12');
INSERT INTO `users` (`id`, `first_name`, `last_name`, `email`, `phone`, `birthday`, `city`, `address`, `created_at`, `updated_at`) VALUES ('62', 'Gene', 'Grady', 'pokuneva@example.net', '+09(4)5731726737', '1977-05-22', 'North Tianahaven', '4040 Dariana Club\nSouth Fernehaven, OR 60954-3576', '2020-04-26 09:12:37', '2020-08-21 20:54:52');
INSERT INTO `users` (`id`, `first_name`, `last_name`, `email`, `phone`, `birthday`, `city`, `address`, `created_at`, `updated_at`) VALUES ('63', 'Earnest', 'Stokes', 'romaguera.virgie@example.net', '180.582.8687', '1976-02-24', 'New Darren', '50169 Davis Lights\nWest Ernie, KS 07887-5036', '2019-12-24 08:53:04', '2020-08-13 08:00:14');
INSERT INTO `users` (`id`, `first_name`, `last_name`, `email`, `phone`, `birthday`, `city`, `address`, `created_at`, `updated_at`) VALUES ('64', 'Enid', 'Jacobs', 'dale.hintz@example.org', '002-100-2740', '1921-07-31', 'West Demetris', '88074 Elisabeth Stravenue\nNew Sabina, WA 18032-4014', '2019-09-07 07:52:13', '2020-07-25 02:37:52');
INSERT INTO `users` (`id`, `first_name`, `last_name`, `email`, `phone`, `birthday`, `city`, `address`, `created_at`, `updated_at`) VALUES ('65', 'Timothy', 'Von', 'lafayette.hackett@example.com', '359.670.0356x121', '1958-02-13', 'West Izabellaton', '54320 Toy Drive\nNorth Rosemary, FL 25812', '2020-07-25 00:23:12', '2020-08-17 20:03:50');
INSERT INTO `users` (`id`, `first_name`, `last_name`, `email`, `phone`, `birthday`, `city`, `address`, `created_at`, `updated_at`) VALUES ('66', 'Jakayla', 'Wehner', 'brakus.mayra@example.org', '838-763-1690x22215', '1998-08-28', 'Linwoodville', '57729 Lockman Cove\nLake George, SD 76286', '2020-01-08 07:25:37', '2020-08-03 12:59:21');
INSERT INTO `users` (`id`, `first_name`, `last_name`, `email`, `phone`, `birthday`, `city`, `address`, `created_at`, `updated_at`) VALUES ('67', 'Sallie', 'Abshire', 'sarah.nitzsche@example.org', '1-502-963-9788', '1965-01-11', 'Christiansenland', '664 Shaniya Cove\nPort Brady, WA 78606-3111', '2020-03-13 08:02:45', '2020-07-27 17:41:15');
INSERT INTO `users` (`id`, `first_name`, `last_name`, `email`, `phone`, `birthday`, `city`, `address`, `created_at`, `updated_at`) VALUES ('68', 'Kale', 'Jakubowski', 'lebsack.mallie@example.net', '781-387-7393', '1996-05-12', 'Lake Mya', '041 Kovacek Circle\nHavenland, TN 38866-0321', '2020-01-16 10:15:53', '2020-08-06 08:20:55');
INSERT INTO `users` (`id`, `first_name`, `last_name`, `email`, `phone`, `birthday`, `city`, `address`, `created_at`, `updated_at`) VALUES ('69', 'Demetrius', 'Frami', 'bhuel@example.net', '1-444-992-5213x63209', '1963-05-17', 'Goyetteberg', '9370 Dean Pass Suite 048\nSouth Daneview, MD 50548-7402', '2020-05-14 05:41:42', '2020-08-09 14:40:46');
INSERT INTO `users` (`id`, `first_name`, `last_name`, `email`, `phone`, `birthday`, `city`, `address`, `created_at`, `updated_at`) VALUES ('70', 'Nina', 'McCullough', 'heathcote.braden@example.net', '555-364-7304x789', '1940-03-26', 'West Carolbury', '760 Tatyana River Suite 205\nPort Kelli, CA 47895', '2019-11-16 10:13:17', '2020-08-21 00:33:22');
INSERT INTO `users` (`id`, `first_name`, `last_name`, `email`, `phone`, `birthday`, `city`, `address`, `created_at`, `updated_at`) VALUES ('71', 'Justyn', 'Ernser', 'jon07@example.org', '445.924.7796x59495', '2010-01-10', 'Cassandraborough', '8147 Kshlerin Estate Suite 437\nLake Mireillestad, MA 11497', '2020-04-15 15:39:47', '2020-07-26 10:04:23');
INSERT INTO `users` (`id`, `first_name`, `last_name`, `email`, `phone`, `birthday`, `city`, `address`, `created_at`, `updated_at`) VALUES ('72', 'Austyn', 'Durgan', 'kieran.aufderhar@example.org', '(825)763-4649', '1934-04-02', 'South Alysha', '294 Darron Shoals\nEast Lenoremouth, MA 77771-7729', '2020-05-22 17:46:25', '2020-07-31 15:27:30');
INSERT INTO `users` (`id`, `first_name`, `last_name`, `email`, `phone`, `birthday`, `city`, `address`, `created_at`, `updated_at`) VALUES ('73', 'Roslyn', 'Feeney', 'wrogahn@example.org', '+11(3)5331799686', '1931-08-10', 'Alessandrobury', '17751 Stephanie Club Suite 273\nSusanaport, AZ 80966-7356', '2019-10-22 12:36:51', '2020-08-02 07:31:38');
INSERT INTO `users` (`id`, `first_name`, `last_name`, `email`, `phone`, `birthday`, `city`, `address`, `created_at`, `updated_at`) VALUES ('74', 'Rosetta', 'Keeling', 'treutel.anika@example.org', '211-064-6150', '1943-07-23', 'Judahport', '876 Burdette Passage\nArmstrongfort, ID 29920', '2020-07-20 18:26:34', '2020-08-04 03:00:21');
INSERT INTO `users` (`id`, `first_name`, `last_name`, `email`, `phone`, `birthday`, `city`, `address`, `created_at`, `updated_at`) VALUES ('75', 'Amina', 'Casper', 'bernier.estel@example.net', '(225)265-5233x739', '1965-06-27', 'Stiedemannville', '2027 Caroline Pine Apt. 835\nRoscoeland, TN 34818-8162', '2020-03-28 07:58:07', '2020-08-07 23:11:25');
INSERT INTO `users` (`id`, `first_name`, `last_name`, `email`, `phone`, `birthday`, `city`, `address`, `created_at`, `updated_at`) VALUES ('76', 'Heidi', 'Hansen', 'alejandra05@example.org', '1-582-523-5448', '1924-07-20', 'North Dameon', '326 Wunsch Burg Suite 622\nEast Keltonshire, MS 38268', '2020-03-31 05:45:46', '2020-08-08 19:42:37');
INSERT INTO `users` (`id`, `first_name`, `last_name`, `email`, `phone`, `birthday`, `city`, `address`, `created_at`, `updated_at`) VALUES ('77', 'Javonte', 'Marvin', 'franecki.sigrid@example.org', '1-141-696-9340x7050', '2002-06-11', 'Prosaccomouth', '002 Schroeder Village Apt. 761\nSouth Vanessamouth, UT 68910-4775', '2020-08-08 22:28:52', '2020-07-30 09:19:27');
INSERT INTO `users` (`id`, `first_name`, `last_name`, `email`, `phone`, `birthday`, `city`, `address`, `created_at`, `updated_at`) VALUES ('78', 'Kasandra', 'Thompson', 'kemmer.garret@example.com', '(519)674-3916', '2005-07-03', 'North Patburgh', '031 Solon Skyway Apt. 889\nWest Joeltown, WY 55569-5574', '2019-10-05 11:31:10', '2020-08-20 23:03:45');
INSERT INTO `users` (`id`, `first_name`, `last_name`, `email`, `phone`, `birthday`, `city`, `address`, `created_at`, `updated_at`) VALUES ('79', 'Al', 'Effertz', 'ymills@example.net', '598-326-2704x22453', '1942-10-03', 'Yostview', '1063 Heaven Curve\nWest Christianaburgh, AL 40897-6851', '2020-08-08 23:45:49', '2020-08-03 13:52:42');
INSERT INTO `users` (`id`, `first_name`, `last_name`, `email`, `phone`, `birthday`, `city`, `address`, `created_at`, `updated_at`) VALUES ('80', 'Herbert', 'Medhurst', 'runte.alba@example.org', '682-229-3004x43192', '2004-08-27', 'Kenyaton', '308 Haylie Rapid\nWest Corbinbury, ND 82667-3416', '2020-02-24 04:09:40', '2020-07-31 23:35:23');
INSERT INTO `users` (`id`, `first_name`, `last_name`, `email`, `phone`, `birthday`, `city`, `address`, `created_at`, `updated_at`) VALUES ('81', 'Viviane', 'Stamm', 'kaleb.erdman@example.net', '(341)081-5827x931', '1946-10-26', 'Lake Joanne', '617 Kutch Islands\nBeiershire, AZ 03488', '2019-08-27 05:35:38', '2020-08-07 10:35:27');
INSERT INTO `users` (`id`, `first_name`, `last_name`, `email`, `phone`, `birthday`, `city`, `address`, `created_at`, `updated_at`) VALUES ('82', 'Verlie', 'Steuber', 'mertie.breitenberg@example.com', '1-986-669-1006x29519', '1926-07-14', 'Koeppshire', '2213 Beahan Mountains\nRogahnfurt, NH 44374', '2020-02-16 12:22:02', '2020-08-19 23:32:24');
INSERT INTO `users` (`id`, `first_name`, `last_name`, `email`, `phone`, `birthday`, `city`, `address`, `created_at`, `updated_at`) VALUES ('83', 'Jazmyne', 'Jacobs', 'guillermo62@example.org', '(885)003-1547x6293', '1979-01-30', 'West Emmie', '417 Bogisich Avenue\nWymanfurt, MT 71320-8109', '2020-08-02 17:14:42', '2020-07-31 16:38:05');
INSERT INTO `users` (`id`, `first_name`, `last_name`, `email`, `phone`, `birthday`, `city`, `address`, `created_at`, `updated_at`) VALUES ('84', 'Imogene', 'Marvin', 'alfredo.little@example.net', '1-220-385-1561', '1956-12-07', 'South Cloydton', '205 Gutkowski Fork Suite 232\nNew Abigale, AL 81519', '2020-04-23 16:59:43', '2020-08-11 12:47:28');
INSERT INTO `users` (`id`, `first_name`, `last_name`, `email`, `phone`, `birthday`, `city`, `address`, `created_at`, `updated_at`) VALUES ('85', 'Griffin', 'Schiller', 'zgulgowski@example.net', '805-133-6175', '1934-10-12', 'Tellymouth', '992 Watson Shoals\nWest Augustus, SD 95672', '2020-08-19 10:35:38', '2020-07-30 12:38:29');
INSERT INTO `users` (`id`, `first_name`, `last_name`, `email`, `phone`, `birthday`, `city`, `address`, `created_at`, `updated_at`) VALUES ('86', 'Cooper', 'Bednar', 'elmer.bayer@example.net', '820-928-7261x379', '1939-11-06', 'Lake Millie', '473 Haylie Causeway\nAnnetteville, KY 10750', '2019-11-30 22:35:04', '2020-08-21 13:00:29');
INSERT INTO `users` (`id`, `first_name`, `last_name`, `email`, `phone`, `birthday`, `city`, `address`, `created_at`, `updated_at`) VALUES ('87', 'Percy', 'Jaskolski', 'ofranecki@example.org', '(537)977-4887', '1978-03-21', 'Ritchieshire', '241 Manley Inlet Suite 801\nMillsbury, DE 48060', '2020-05-05 01:27:52', '2020-08-13 21:38:59');
INSERT INTO `users` (`id`, `first_name`, `last_name`, `email`, `phone`, `birthday`, `city`, `address`, `created_at`, `updated_at`) VALUES ('88', 'Gerardo', 'Bergnaum', 'wraynor@example.net', '+25(2)2625272372', '1982-04-12', 'Hartmannbury', '100 Carroll Knolls Suite 058\nHarberside, AK 17098-7223', '2019-10-09 01:41:21', '2020-07-28 05:28:03');
INSERT INTO `users` (`id`, `first_name`, `last_name`, `email`, `phone`, `birthday`, `city`, `address`, `created_at`, `updated_at`) VALUES ('89', 'Jo', 'Bergstrom', 'syble00@example.org', '369-920-4531', '1932-06-09', 'East Melvina', '49730 Waelchi Highway\nNorth Tomasatown, WI 59088', '2020-08-21 09:13:07', '2020-08-18 12:17:17');
INSERT INTO `users` (`id`, `first_name`, `last_name`, `email`, `phone`, `birthday`, `city`, `address`, `created_at`, `updated_at`) VALUES ('90', 'Theo', 'Kohler', 'wilma.bernier@example.com', '(032)113-3578x434', '1989-02-11', 'East Rickiechester', '5338 Carroll Points\nJenkinsview, NM 91869', '2020-01-30 18:16:30', '2020-08-10 03:20:50');
INSERT INTO `users` (`id`, `first_name`, `last_name`, `email`, `phone`, `birthday`, `city`, `address`, `created_at`, `updated_at`) VALUES ('91', 'Elyssa', 'Bayer', 'ida28@example.net', '(643)214-9815', '1941-04-01', 'New Idella', '1407 Tre Cliffs Apt. 494\nArmandstad, RI 35942-3946', '2019-11-09 05:42:51', '2020-08-10 14:39:56');
INSERT INTO `users` (`id`, `first_name`, `last_name`, `email`, `phone`, `birthday`, `city`, `address`, `created_at`, `updated_at`) VALUES ('92', 'Brandyn', 'Flatley', 'cassin.caleigh@example.net', '(766)026-6465', '1962-02-20', 'Schuppebury', '087 Murray Mountain\nLake Nedra, WV 72525-4579', '2019-12-20 07:22:13', '2020-08-05 12:58:16');
INSERT INTO `users` (`id`, `first_name`, `last_name`, `email`, `phone`, `birthday`, `city`, `address`, `created_at`, `updated_at`) VALUES ('93', 'Sandra', 'Nader', 'terrill46@example.com', '(040)540-5964x185', '1974-05-24', 'Johaven', '04403 Jacobs Stravenue Apt. 065\nWest Georgette, NY 86039-0318', '2019-09-11 06:44:15', '2020-08-23 14:13:44');
INSERT INTO `users` (`id`, `first_name`, `last_name`, `email`, `phone`, `birthday`, `city`, `address`, `created_at`, `updated_at`) VALUES ('94', 'Garret', 'Wisoky', 'bmills@example.org', '(018)425-7397x19617', '1961-07-19', 'Strosinton', '52633 Huels Drives Apt. 725\nBridiehaven, ID 33067', '2019-09-25 15:54:03', '2020-08-18 04:25:58');
INSERT INTO `users` (`id`, `first_name`, `last_name`, `email`, `phone`, `birthday`, `city`, `address`, `created_at`, `updated_at`) VALUES ('95', 'Ernie', 'Vandervort', 'o\'keefe.ismael@example.net', '+91(8)8968553528', '1974-05-27', 'North Jordyn', '7062 Deangelo Manors Suite 725\nPort Josefina, UT 32204', '2020-05-10 01:33:34', '2020-08-19 13:20:42');
INSERT INTO `users` (`id`, `first_name`, `last_name`, `email`, `phone`, `birthday`, `city`, `address`, `created_at`, `updated_at`) VALUES ('96', 'Itzel', 'Haley', 'monahan.viva@example.org', '870.333.4805x91891', '1967-03-07', 'East Chaz', '6913 Reichert Square\nSpencerfort, TN 90824', '2020-06-27 14:38:31', '2020-07-26 08:15:01');
INSERT INTO `users` (`id`, `first_name`, `last_name`, `email`, `phone`, `birthday`, `city`, `address`, `created_at`, `updated_at`) VALUES ('97', 'Yazmin', 'Hand', 'hwalker@example.net', '(177)059-7594x91243', '2015-05-20', 'Watersport', '4379 Howell Plains\nWest Alfordfurt, MD 29173-4752', '2019-10-28 23:08:49', '2020-08-05 09:30:45');
INSERT INTO `users` (`id`, `first_name`, `last_name`, `email`, `phone`, `birthday`, `city`, `address`, `created_at`, `updated_at`) VALUES ('98', 'Myron', 'Tremblay', 'snikolaus@example.net', '228.998.8472', '1975-09-27', 'Krajcikfort', '5432 Jaycee Flat Apt. 852\nMcLaughlinshire, GA 27835', '2019-11-15 03:22:31', '2020-07-29 03:03:19');
INSERT INTO `users` (`id`, `first_name`, `last_name`, `email`, `phone`, `birthday`, `city`, `address`, `created_at`, `updated_at`) VALUES ('99', 'Stan', 'Beier', 'josianne20@example.net', '061.316.6191x86706', '2013-11-01', 'East Rickieville', '227 Fadel Center Suite 663\nHahnmouth, IA 22736-2800', '2020-01-31 20:29:06', '2020-07-27 09:22:25');
INSERT INTO `users` (`id`, `first_name`, `last_name`, `email`, `phone`, `birthday`, `city`, `address`, `created_at`, `updated_at`) VALUES ('100', 'Sonny', 'McDermott', 'darlene05@example.net', '(964)341-4290x4996', '1980-02-02', 'Windlerburgh', '804 Davonte Villages Apt. 296\nLake Jett, IA 66597', '2020-01-03 04:24:17', '2020-08-02 20:42:21');
/*catalogs*/
INSERT INTO `catalogs` (`id`, `name`, `created_at`, `updated_at`) VALUES ('1', 'reprehenderit', '2019-12-17 23:29:00', '2020-08-16 13:21:30');
INSERT INTO `catalogs` (`id`, `name`, `created_at`, `updated_at`) VALUES ('2', 'quibusdam', '2019-11-21 20:34:50', '2020-08-07 19:56:59');
INSERT INTO `catalogs` (`id`, `name`, `created_at`, `updated_at`) VALUES ('3', 'laborum', '2019-09-23 05:25:04', '2020-07-27 20:51:29');
INSERT INTO `catalogs` (`id`, `name`, `created_at`, `updated_at`) VALUES ('4', 'omnis', '2020-05-14 04:44:21', '2020-07-27 15:48:35');
INSERT INTO `catalogs` (`id`, `name`, `created_at`, `updated_at`) VALUES ('5', 'voluptatibus', '2020-07-06 21:58:43', '2020-08-19 10:02:11');
INSERT INTO `catalogs` (`id`, `name`, `created_at`, `updated_at`) VALUES ('6', 'quaerat', '2020-05-01 13:53:04', '2020-08-21 23:37:15');
INSERT INTO `catalogs` (`id`, `name`, `created_at`, `updated_at`) VALUES ('7', 'delectus', '2020-05-17 17:39:07', '2020-07-30 06:31:40');
INSERT INTO `catalogs` (`id`, `name`, `created_at`, `updated_at`) VALUES ('8', 'nemo', '2019-12-15 19:49:47', '2020-07-28 19:20:55');
INSERT INTO `catalogs` (`id`, `name`, `created_at`, `updated_at`) VALUES ('9', 'consequatur', '2019-12-09 05:31:47', '2020-08-11 16:56:21');
INSERT INTO `catalogs` (`id`, `name`, `created_at`, `updated_at`) VALUES ('10', 'cupiditate', '2019-10-05 06:56:45', '2020-08-19 01:02:13');
INSERT INTO `catalogs` (`id`, `name`, `created_at`, `updated_at`) VALUES ('11', 'nulla', '2019-12-24 05:01:36', '2020-08-13 13:19:08');
INSERT INTO `catalogs` (`id`, `name`, `created_at`, `updated_at`) VALUES ('12', 'quia', '2020-06-08 15:40:04', '2020-08-13 19:48:03');
INSERT INTO `catalogs` (`id`, `name`, `created_at`, `updated_at`) VALUES ('13', 'commodi', '2020-05-15 07:33:45', '2020-08-21 08:28:18');
INSERT INTO `catalogs` (`id`, `name`, `created_at`, `updated_at`) VALUES ('14', 'quas', '2019-09-08 19:50:13', '2020-08-12 16:55:27');
INSERT INTO `catalogs` (`id`, `name`, `created_at`, `updated_at`) VALUES ('15', 'adipisci', '2019-09-19 23:52:18', '2020-08-22 01:54:07');
INSERT INTO `catalogs` (`id`, `name`, `created_at`, `updated_at`) VALUES ('16', 'amet', '2020-05-03 00:10:19', '2020-07-26 13:59:03');
INSERT INTO `catalogs` (`id`, `name`, `created_at`, `updated_at`) VALUES ('17', 'ea', '2019-11-03 12:49:51', '2020-08-15 05:07:39');
INSERT INTO `catalogs` (`id`, `name`, `created_at`, `updated_at`) VALUES ('18', 'facere', '2020-01-22 21:26:14', '2020-08-14 04:27:42');
INSERT INTO `catalogs` (`id`, `name`, `created_at`, `updated_at`) VALUES ('19', 'similique', '2019-10-19 20:13:20', '2020-08-16 07:38:11');
INSERT INTO `catalogs` (`id`, `name`, `created_at`, `updated_at`) VALUES ('20', 'illo', '2020-04-14 20:06:56', '2020-07-25 20:16:40');
/*products*/
INSERT INTO `products` (`id`, `name`, `code`, `barcode`, `description`, `catalog_id`, `price_id`, `created_at`, `updated_at`) VALUES ('1', 'suscipit', '10 wy', '4785253664478', 'Quos omnis assumenda ab modi. Ipsam quos aspernatur nulla nihil. Voluptatem architecto maxime sit. Error modi a sit accusantium qui.', '17', NULL, '2020-08-24 15:00:45', '2020-08-24 15:00:45');
INSERT INTO `products` (`id`, `name`, `code`, `barcode`, `description`, `catalog_id`, `price_id`, `created_at`, `updated_at`) VALUES ('2', 'voluptatem', '76 so', '2119593398645', 'Animi quisquam consectetur fugiat sunt ut dolores porro. Aliquam et eum esse quisquam. Cumque enim ipsa nostrum culpa eum.', '13', NULL, '2020-08-24 15:00:45', '2020-08-24 15:00:45');
INSERT INTO `products` (`id`, `name`, `code`, `barcode`, `description`, `catalog_id`, `price_id`, `created_at`, `updated_at`) VALUES ('3', 'atque', '69 to', '5324984014965', 'Aliquam pariatur voluptas at enim. Sit voluptas quis sunt facilis qui. A eos occaecati vero quos nihil beatae doloremque ut.', '11', NULL, '2020-08-24 15:00:45', '2020-08-24 15:00:45');
INSERT INTO `products` (`id`, `name`, `code`, `barcode`, `description`, `catalog_id`, `price_id`, `created_at`, `updated_at`) VALUES ('4', 'quaerat', '91 pi', '1116307109594', 'Veniam officia quia tenetur ab quo quas. Deleniti aut aspernatur molestias laudantium numquam. Quaerat ipsa in a ea et laborum natus. Ad ab dolor amet officiis voluptatem.', '6', NULL, '2020-08-24 15:00:45', '2020-08-24 15:00:45');
INSERT INTO `products` (`id`, `name`, `code`, `barcode`, `description`, `catalog_id`, `price_id`, `created_at`, `updated_at`) VALUES ('5', 'laborum', '46 xa', '6801197690889', 'Officia et natus voluptas voluptatem veritatis. Dolores nihil quam dolorum ad. Dolor et perferendis et illum aperiam eos quo cum. Vel eum nobis a dolorum.', '3', NULL, '2020-08-24 15:00:45', '2020-08-24 15:00:45');
INSERT INTO `products` (`id`, `name`, `code`, `barcode`, `description`, `catalog_id`, `price_id`, `created_at`, `updated_at`) VALUES ('6', 'excepturi', '35 bv', '6214479684829', 'Eos exercitationem ipsam quos eum ullam quo aut. Labore temporibus hic incidunt iusto. Commodi et natus ipsum consequatur magnam.', '4', NULL, '2020-08-24 15:00:45', '2020-08-24 15:00:45');
INSERT INTO `products` (`id`, `name`, `code`, `barcode`, `description`, `catalog_id`, `price_id`, `created_at`, `updated_at`) VALUES ('7', 'nihil', '88 uw', '2239545239135', 'Temporibus aut exercitationem ipsum. Ab nemo quasi labore qui adipisci sed aut. Iste dignissimos consequatur ex rerum sit officia quisquam.', '14', NULL, '2020-08-24 15:00:45', '2020-08-24 15:00:45');
INSERT INTO `products` (`id`, `name`, `code`, `barcode`, `description`, `catalog_id`, `price_id`, `created_at`, `updated_at`) VALUES ('8', 'ea', '39 fy', '3365605594590', 'Eos ut molestias quasi aut et error alias. Dolorem voluptatem quo nulla sit quo. Aut voluptas possimus quia temporibus non. Ut nihil sit tempora. Est et consequatur ab et.', '9', NULL, '2020-08-24 15:00:45', '2020-08-24 15:00:45');
INSERT INTO `products` (`id`, `name`, `code`, `barcode`, `description`, `catalog_id`, `price_id`, `created_at`, `updated_at`) VALUES ('9', 'nemo', '67 dk', '1894982041791', 'Magnam rem numquam consequatur tempore. Harum provident molestias voluptatem accusantium et. Sit amet possimus et possimus cupiditate.', '8', NULL, '2020-08-24 15:00:45', '2020-08-24 15:00:45');
INSERT INTO `products` (`id`, `name`, `code`, `barcode`, `description`, `catalog_id`, `price_id`, `created_at`, `updated_at`) VALUES ('10', 'fugiat', '54 sb', '2740507496520', 'Qui non cumque dolores dignissimos omnis itaque. Dignissimos amet ut et dolore qui qui doloremque ut. Enim ducimus voluptate provident iusto quisquam quidem.', '12', NULL, '2020-08-24 15:00:45', '2020-08-24 15:00:45');
INSERT INTO `products` (`id`, `name`, `code`, `barcode`, `description`, `catalog_id`, `price_id`, `created_at`, `updated_at`) VALUES ('11', 'perspiciatis', '68 ak', '1033269830048', 'Rerum enim totam sint dolor magnam. Nesciunt voluptatum eaque sed itaque et. Nobis eius optio blanditiis eligendi quibusdam molestiae.', '9', NULL, '2020-08-24 15:00:45', '2020-08-24 15:00:45');
INSERT INTO `products` (`id`, `name`, `code`, `barcode`, `description`, `catalog_id`, `price_id`, `created_at`, `updated_at`) VALUES ('12', 'neque', '14 hx', '6510264388285', 'Quia ducimus nam ut. Qui distinctio repudiandae necessitatibus. Reprehenderit optio tempora facere sed.', '20', NULL, '2020-08-24 15:00:45', '2020-08-24 15:00:45');
INSERT INTO `products` (`id`, `name`, `code`, `barcode`, `description`, `catalog_id`, `price_id`, `created_at`, `updated_at`) VALUES ('13', 'ullam', '35 ms', '6174826851114', 'Neque non est ut non est. Facilis omnis suscipit accusantium omnis recusandae consequatur fugit. Sequi illo quibusdam omnis et corrupti est.', '1', NULL, '2020-08-24 15:00:45', '2020-08-24 15:00:45');
INSERT INTO `products` (`id`, `name`, `code`, `barcode`, `description`, `catalog_id`, `price_id`, `created_at`, `updated_at`) VALUES ('14', 'magnam', '27 jq', '5848423010669', 'Assumenda excepturi corrupti qui alias velit. Nesciunt ut animi vel sunt facilis dolor. Alias velit ut enim rerum. Eos ut voluptatem aliquam et odio.', '8', NULL, '2020-08-24 15:00:45', '2020-08-24 15:00:45');
INSERT INTO `products` (`id`, `name`, `code`, `barcode`, `description`, `catalog_id`, `price_id`, `created_at`, `updated_at`) VALUES ('15', 'non', '79 xh', '4165698136202', 'Temporibus dolor sit vitae sunt. Ipsum ut quae sint dolor. Nihil aut exercitationem dolores. Soluta eos expedita impedit excepturi consequuntur neque.', '7', NULL, '2020-08-24 15:00:45', '2020-08-24 15:00:45');
INSERT INTO `products` (`id`, `name`, `code`, `barcode`, `description`, `catalog_id`, `price_id`, `created_at`, `updated_at`) VALUES ('16', 'doloremque', '03 ek', '5727090332657', 'Autem vel earum nesciunt aut quas officia. Commodi incidunt molestiae officia. Quisquam ea nisi reiciendis delectus.', '13', NULL, '2020-08-24 15:00:45', '2020-08-24 15:00:45');
INSERT INTO `products` (`id`, `name`, `code`, `barcode`, `description`, `catalog_id`, `price_id`, `created_at`, `updated_at`) VALUES ('17', 'odio', '47 hk', '1332501876167', 'Perspiciatis amet dignissimos natus sapiente harum aut. Aliquam occaecati quo enim qui sint earum. Hic rem sapiente perferendis iste tempore dolore.', '11', NULL, '2020-08-24 15:00:45', '2020-08-24 15:00:45');
INSERT INTO `products` (`id`, `name`, `code`, `barcode`, `description`, `catalog_id`, `price_id`, `created_at`, `updated_at`) VALUES ('18', 'modi', '86 al', '5700454804114', 'Porro error voluptatum fuga fugiat eveniet atque. Dolor ad reiciendis consectetur voluptas occaecati. Et qui ratione in ut est sint deserunt.', '2', NULL, '2020-08-24 15:00:45', '2020-08-24 15:00:45');
INSERT INTO `products` (`id`, `name`, `code`, `barcode`, `description`, `catalog_id`, `price_id`, `created_at`, `updated_at`) VALUES ('19', 'omnis', '12 qr', '2242974328808', 'Optio illo sunt aut delectus deleniti. Et animi alias facilis eum et est. Corporis sed voluptatem rerum voluptatibus.', '10', NULL, '2020-08-24 15:00:45', '2020-08-24 15:00:45');
INSERT INTO `products` (`id`, `name`, `code`, `barcode`, `description`, `catalog_id`, `price_id`, `created_at`, `updated_at`) VALUES ('20', 'quia', '13 er', '6515766660682', 'Consectetur esse corrupti modi itaque nihil ipsam. Perspiciatis quia maxime amet. Possimus eos quas possimus aperiam. Ut illum unde voluptatem sapiente.', '6', NULL, '2020-08-24 15:00:45', '2020-08-24 15:00:45');
INSERT INTO `products` (`id`, `name`, `code`, `barcode`, `description`, `catalog_id`, `price_id`, `created_at`, `updated_at`) VALUES ('21', 'laudantium', '00 ap', '2434758584946', 'Alias natus qui dolor et qui ut. Quia doloremque beatae culpa non cumque. Aspernatur delectus voluptatum ipsum nulla. Totam omnis unde qui omnis.', '9', NULL, '2020-08-24 15:00:45', '2020-08-24 15:00:45');
INSERT INTO `products` (`id`, `name`, `code`, `barcode`, `description`, `catalog_id`, `price_id`, `created_at`, `updated_at`) VALUES ('22', 'quidem', '78 jp', '5737108545377', 'Occaecati similique suscipit quos quaerat est. Molestiae deserunt laudantium tempora. Placeat officia molestiae ipsa laudantium voluptas.', '8', NULL, '2020-08-24 15:00:45', '2020-08-24 15:00:45');
INSERT INTO `products` (`id`, `name`, `code`, `barcode`, `description`, `catalog_id`, `price_id`, `created_at`, `updated_at`) VALUES ('23', 'quo', '80 ha', '2204004609026', 'Aut nulla cum vitae voluptates fugit consectetur voluptatem. Nobis nam explicabo accusamus non molestias. Placeat molestias ab quasi veritatis eius. Asperiores tempora distinctio asperiores quis ratione impedit doloribus.', '1', NULL, '2020-08-24 15:00:45', '2020-08-24 15:00:45');
INSERT INTO `products` (`id`, `name`, `code`, `barcode`, `description`, `catalog_id`, `price_id`, `created_at`, `updated_at`) VALUES ('24', 'totam', '66 za', '3280805408023', 'Hic porro mollitia aliquam minima ut accusamus. Corrupti ut temporibus eveniet. Mollitia ea sunt provident amet aut.', '6', NULL, '2020-08-24 15:00:45', '2020-08-24 15:00:45');
INSERT INTO `products` (`id`, `name`, `code`, `barcode`, `description`, `catalog_id`, `price_id`, `created_at`, `updated_at`) VALUES ('25', 'possimus', '62 zs', '4122364828363', 'Nihil sint aut est inventore explicabo nihil. Laudantium totam nisi natus. Porro omnis unde aut a placeat et iusto.', '12', NULL, '2020-08-24 15:00:45', '2020-08-24 15:00:45');
INSERT INTO `products` (`id`, `name`, `code`, `barcode`, `description`, `catalog_id`, `price_id`, `created_at`, `updated_at`) VALUES ('26', 'impedit', '57 lb', '4669566955417', 'Maiores aut architecto hic et. Quia corporis at qui. Sit error qui excepturi voluptas voluptate. Repellendus ad maxime dolore quibusdam.', '20', NULL, '2020-08-24 15:00:45', '2020-08-24 15:00:45');
INSERT INTO `products` (`id`, `name`, `code`, `barcode`, `description`, `catalog_id`, `price_id`, `created_at`, `updated_at`) VALUES ('27', 'ut', '89 ci', '4431929562240', 'Voluptas qui laudantium aut animi beatae quasi qui. Aut enim et eum quae ex iure excepturi repellat. Tempora eius et unde.', '15', NULL, '2020-08-24 15:00:45', '2020-08-24 15:00:45');
INSERT INTO `products` (`id`, `name`, `code`, `barcode`, `description`, `catalog_id`, `price_id`, `created_at`, `updated_at`) VALUES ('28', 'qui', '98 kq', '2751023421064', 'Dolor veritatis nemo harum magnam. Qui impedit voluptatem et ratione tempora et. Quaerat veniam et laborum deserunt qui tempore occaecati.', '4', NULL, '2020-08-24 15:00:45', '2020-08-24 15:00:45');
INSERT INTO `products` (`id`, `name`, `code`, `barcode`, `description`, `catalog_id`, `price_id`, `created_at`, `updated_at`) VALUES ('29', 'beatae', '56 ls', '5714993684552', 'Vel autem velit quam voluptas quia. Est in quo sed qui mollitia. Quam alias consequatur sit dolores sapiente eum quas ab. Eum consequatur itaque voluptates.', '13', NULL, '2020-08-24 15:00:45', '2020-08-24 15:00:45');
INSERT INTO `products` (`id`, `name`, `code`, `barcode`, `description`, `catalog_id`, `price_id`, `created_at`, `updated_at`) VALUES ('30', 'quia', '31 bb', '3264610442332', 'Adipisci omnis modi sit. Voluptate delectus consequatur nihil. Impedit libero omnis aspernatur tempora eius.', '7', NULL, '2020-08-24 15:00:45', '2020-08-24 15:00:45');
INSERT INTO `products` (`id`, `name`, `code`, `barcode`, `description`, `catalog_id`, `price_id`, `created_at`, `updated_at`) VALUES ('31', 'occaecati', '20 jn', '4524466695263', 'Id a sit reprehenderit dolorem ex et. Dolores alias nemo distinctio quos quidem libero quia iste. Enim harum ad iste at iusto perferendis fugiat et. Debitis accusantium ipsa dignissimos et aspernatur.', '12', NULL, '2020-08-24 15:00:45', '2020-08-24 15:00:45');
INSERT INTO `products` (`id`, `name`, `code`, `barcode`, `description`, `catalog_id`, `price_id`, `created_at`, `updated_at`) VALUES ('32', 'corrupti', '61 zh', '5946188283152', 'Iusto aut aut eligendi. Ad vitae omnis minus.', '12', NULL, '2020-08-24 15:00:45', '2020-08-24 15:00:45');
INSERT INTO `products` (`id`, `name`, `code`, `barcode`, `description`, `catalog_id`, `price_id`, `created_at`, `updated_at`) VALUES ('33', 'accusantium', '05 sk', '1390122305601', 'Error qui ut est quia accusamus vero. Et dolore eum voluptatem soluta quos rem cupiditate. Labore ipsum sit et aut facilis. Autem qui corporis aut suscipit doloremque.', '4', NULL, '2020-08-24 15:00:45', '2020-08-24 15:00:45');
INSERT INTO `products` (`id`, `name`, `code`, `barcode`, `description`, `catalog_id`, `price_id`, `created_at`, `updated_at`) VALUES ('34', 'repellendus', '87 rv', '3530441791750', 'Et voluptas cupiditate repellendus sit id. Voluptatibus nulla in voluptates quis laborum consectetur. Et non enim et.', '10', NULL, '2020-08-24 15:00:45', '2020-08-24 15:00:45');
INSERT INTO `products` (`id`, `name`, `code`, `barcode`, `description`, `catalog_id`, `price_id`, `created_at`, `updated_at`) VALUES ('35', 'ullam', '83 qe', '3881548198871', 'Quia commodi velit aut qui. Sed praesentium fugit molestias nesciunt aut nihil. Dolorem et asperiores incidunt ut velit occaecati. Totam molestias quis voluptas.', '12', NULL, '2020-08-24 15:00:45', '2020-08-24 15:00:45');
INSERT INTO `products` (`id`, `name`, `code`, `barcode`, `description`, `catalog_id`, `price_id`, `created_at`, `updated_at`) VALUES ('36', 'explicabo', '04 su', '4057377499528', 'Voluptatem maxime porro omnis iure fugit impedit. Illo officiis dolorem rerum voluptatem ea esse quaerat. Beatae unde quaerat harum dolor.', '14', NULL, '2020-08-24 15:00:45', '2020-08-24 15:00:45');
INSERT INTO `products` (`id`, `name`, `code`, `barcode`, `description`, `catalog_id`, `price_id`, `created_at`, `updated_at`) VALUES ('37', 'molestiae', '21 wx', '4580409123562', 'In tenetur est itaque. Saepe quas quasi blanditiis eaque. Et eos aliquid voluptatibus laboriosam natus voluptas.', '11', NULL, '2020-08-24 15:00:45', '2020-08-24 15:00:45');
INSERT INTO `products` (`id`, `name`, `code`, `barcode`, `description`, `catalog_id`, `price_id`, `created_at`, `updated_at`) VALUES ('38', 'sint', '02 ke', '2639580475166', 'Impedit impedit cum quod vitae culpa sint et rerum. Magnam eius sed est iusto corporis quam neque expedita. Et ducimus officia consequatur perspiciatis molestiae laborum ea.', '10', NULL, '2020-08-24 15:00:45', '2020-08-24 15:00:45');
INSERT INTO `products` (`id`, `name`, `code`, `barcode`, `description`, `catalog_id`, `price_id`, `created_at`, `updated_at`) VALUES ('39', 'placeat', '84 eg', '1533744277432', 'Est explicabo iure voluptatibus amet reiciendis architecto dolorum. Et ea dolore enim aspernatur. Repudiandae aspernatur rerum provident.', '2', NULL, '2020-08-24 15:00:45', '2020-08-24 15:00:45');
INSERT INTO `products` (`id`, `name`, `code`, `barcode`, `description`, `catalog_id`, `price_id`, `created_at`, `updated_at`) VALUES ('40', 'optio', '14 dd', '3221397113054', 'Suscipit sunt quasi et nisi dolorum laborum. Hic maiores accusantium animi asperiores nobis exercitationem harum. Soluta hic eos ipsum labore quo hic.', '6', NULL, '2020-08-24 15:00:45', '2020-08-24 15:00:45');
INSERT INTO `products` (`id`, `name`, `code`, `barcode`, `description`, `catalog_id`, `price_id`, `created_at`, `updated_at`) VALUES ('41', 'aut', '05 gi', '5314651153981', 'Dicta cupiditate vitae soluta exercitationem. Dolor voluptatem non eius nobis fugiat commodi quia. Recusandae sapiente est consequatur assumenda sint. Ut laboriosam odio sunt vitae est.', '1', NULL, '2020-08-24 15:00:45', '2020-08-24 15:00:45');
INSERT INTO `products` (`id`, `name`, `code`, `barcode`, `description`, `catalog_id`, `price_id`, `created_at`, `updated_at`) VALUES ('42', 'id', '40 ie', '4056616151705', 'Et consequatur est asperiores harum eius fugit illum. Accusantium a recusandae magni optio sapiente ullam. Quis veritatis vel vel quibusdam eum aut. Numquam eum ratione inventore.', '13', NULL, '2020-08-24 15:00:45', '2020-08-24 15:00:45');
INSERT INTO `products` (`id`, `name`, `code`, `barcode`, `description`, `catalog_id`, `price_id`, `created_at`, `updated_at`) VALUES ('43', 'consequatur', '23 qf', '3397444996982', 'Tenetur voluptatem aperiam labore laborum dolores debitis. Nemo voluptas ea porro debitis illum et vel veritatis. Recusandae voluptas omnis vel aut necessitatibus et. Blanditiis distinctio quidem debitis mollitia. Aut id ipsam eius ullam placeat.', '8', NULL, '2020-08-24 15:00:45', '2020-08-24 15:00:45');
INSERT INTO `products` (`id`, `name`, `code`, `barcode`, `description`, `catalog_id`, `price_id`, `created_at`, `updated_at`) VALUES ('44', 'eos', '25 nj', '5432324765250', 'Nemo sunt ab distinctio nihil maiores ex quia. Doloribus qui quia error repellat voluptates. Et vitae vel et omnis sint et aspernatur. Est eos aut sed maxime cumque voluptatem non non. Possimus sunt provident iure tempora corporis enim possimus.', '13', NULL, '2020-08-24 15:00:45', '2020-08-24 15:00:45');
INSERT INTO `products` (`id`, `name`, `code`, `barcode`, `description`, `catalog_id`, `price_id`, `created_at`, `updated_at`) VALUES ('45', 'maxime', '23 sr', '4708550158888', 'Cumque esse deserunt voluptates necessitatibus. Ut cum autem pariatur ut consequatur. Sunt qui accusantium eos reprehenderit doloremque. Doloremque sit neque ut.', '13', NULL, '2020-08-24 15:00:45', '2020-08-24 15:00:45');
INSERT INTO `products` (`id`, `name`, `code`, `barcode`, `description`, `catalog_id`, `price_id`, `created_at`, `updated_at`) VALUES ('46', 'facere', '53 zc', '5391173697076', 'Nesciunt ut provident aut explicabo dolores est. Et quos esse voluptas porro quia suscipit et. Rerum aut quidem ut magnam eaque officiis. Ut beatae maiores vel reprehenderit ipsum quos velit voluptatibus.', '13', NULL, '2020-08-24 15:00:45', '2020-08-24 15:00:45');
INSERT INTO `products` (`id`, `name`, `code`, `barcode`, `description`, `catalog_id`, `price_id`, `created_at`, `updated_at`) VALUES ('47', 'voluptatem', '41 wt', '3773527159355', 'Qui adipisci et deserunt est quibusdam ut magnam. Excepturi cupiditate velit necessitatibus ut consectetur cumque nobis. Et sequi ab officia saepe voluptate dolor porro. Exercitationem esse placeat dolorum numquam perspiciatis quo magnam. Molestiae recusandae debitis quos dolor sed.', '20', NULL, '2020-08-24 15:00:45', '2020-08-24 15:00:45');
INSERT INTO `products` (`id`, `name`, `code`, `barcode`, `description`, `catalog_id`, `price_id`, `created_at`, `updated_at`) VALUES ('48', 'unde', '33 qr', '1989924331195', 'Inventore architecto voluptatibus qui voluptatem consequuntur. Explicabo delectus culpa doloribus quo sapiente error rerum omnis. Veritatis rem dicta tempora rerum.', '19', NULL, '2020-08-24 15:00:45', '2020-08-24 15:00:45');
INSERT INTO `products` (`id`, `name`, `code`, `barcode`, `description`, `catalog_id`, `price_id`, `created_at`, `updated_at`) VALUES ('49', 'ut', '61 zl', '3829604209400', 'Laborum aperiam et dolorem. Expedita ea non quaerat. Consequuntur molestias vel doloremque iure.', '6', NULL, '2020-08-24 15:00:45', '2020-08-24 15:00:45');
INSERT INTO `products` (`id`, `name`, `code`, `barcode`, `description`, `catalog_id`, `price_id`, `created_at`, `updated_at`) VALUES ('50', 'explicabo', '90 ze', '6918313313275', 'Inventore et a sunt sapiente. Iure dolor eos officiis et in. Sit aut ut non. Expedita laborum quasi ea ut aut est.', '11', NULL, '2020-08-24 15:00:45', '2020-08-24 15:00:45');
INSERT INTO `products` (`id`, `name`, `code`, `barcode`, `description`, `catalog_id`, `price_id`, `created_at`, `updated_at`) VALUES ('51', 'voluptatem', '01 st', '5648049198091', 'Minus quibusdam totam sed et. Veritatis eum quaerat quidem perspiciatis. Quas temporibus ut id id architecto doloremque ipsa.', '12', NULL, '2020-08-24 15:00:45', '2020-08-24 15:00:45');
INSERT INTO `products` (`id`, `name`, `code`, `barcode`, `description`, `catalog_id`, `price_id`, `created_at`, `updated_at`) VALUES ('52', 'expedita', '71 qe', '5142437309026', 'Ullam occaecati magnam blanditiis exercitationem. Harum temporibus officiis quia quam unde. Qui autem dolores numquam ut.', '4', NULL, '2020-08-24 15:00:45', '2020-08-24 15:00:45');
INSERT INTO `products` (`id`, `name`, `code`, `barcode`, `description`, `catalog_id`, `price_id`, `created_at`, `updated_at`) VALUES ('53', 'quis', '27 fd', '1384090967476', 'Quibusdam autem eos rerum voluptate et. Ipsa reiciendis expedita molestiae. Fuga natus est a quam nisi repellendus. Temporibus officiis in quos non. Est sit corporis nihil voluptas deleniti et officiis.', '14', NULL, '2020-08-24 15:00:45', '2020-08-24 15:00:45');
INSERT INTO `products` (`id`, `name`, `code`, `barcode`, `description`, `catalog_id`, `price_id`, `created_at`, `updated_at`) VALUES ('54', 'ex', '13 sr', '1950662585906', 'Velit sapiente aut nulla quae qui. Ratione sunt dicta aut maiores impedit quia ad sunt. Eaque voluptate suscipit nisi quas.', '12', NULL, '2020-08-24 15:00:45', '2020-08-24 15:00:45');
INSERT INTO `products` (`id`, `name`, `code`, `barcode`, `description`, `catalog_id`, `price_id`, `created_at`, `updated_at`) VALUES ('55', 'natus', '22 gr', '4553599759936', 'Quia voluptatum magnam beatae sit tempora qui est. Autem qui eum praesentium.', '20', NULL, '2020-08-24 15:00:45', '2020-08-24 15:00:45');
INSERT INTO `products` (`id`, `name`, `code`, `barcode`, `description`, `catalog_id`, `price_id`, `created_at`, `updated_at`) VALUES ('56', 'dicta', '68 of', '4834058966487', 'Et quisquam aliquid aliquid fugit. Labore mollitia aperiam molestias nostrum voluptatem modi doloremque. Veniam fuga optio tempora non et iusto.', '14', NULL, '2020-08-24 15:00:45', '2020-08-24 15:00:45');
INSERT INTO `products` (`id`, `name`, `code`, `barcode`, `description`, `catalog_id`, `price_id`, `created_at`, `updated_at`) VALUES ('57', 'molestias', '81 so', '5049173724837', 'Ratione facere voluptates autem dicta fugit rerum quis. Dolores velit temporibus laudantium non nisi non voluptatum. Eius autem quia beatae repellendus consequatur. Qui atque non minus iste sunt inventore id. Fugiat molestiae sequi delectus dolor.', '2', NULL, '2020-08-24 15:00:45', '2020-08-24 15:00:45');
INSERT INTO `products` (`id`, `name`, `code`, `barcode`, `description`, `catalog_id`, `price_id`, `created_at`, `updated_at`) VALUES ('58', 'ab', '65 uj', '3227761902846', 'Velit ipsum id qui est blanditiis quos. Eligendi fugiat quidem fugit est est.', '17', NULL, '2020-08-24 15:00:45', '2020-08-24 15:00:45');
INSERT INTO `products` (`id`, `name`, `code`, `barcode`, `description`, `catalog_id`, `price_id`, `created_at`, `updated_at`) VALUES ('59', 'aspernatur', '89 nv', '1240609459578', 'Animi voluptas sit molestiae deleniti consequatur corporis et. Sit hic suscipit et et tempore.', '4', NULL, '2020-08-24 15:00:45', '2020-08-24 15:00:45');
INSERT INTO `products` (`id`, `name`, `code`, `barcode`, `description`, `catalog_id`, `price_id`, `created_at`, `updated_at`) VALUES ('60', 'in', '40 oq', '3929052911698', 'Aut quia ea sit est delectus et. Facilis harum veritatis omnis sit. Qui velit sequi delectus nihil deserunt vero. Nulla error non atque occaecati.', '7', NULL, '2020-08-24 15:00:45', '2020-08-24 15:00:45');
INSERT INTO `products` (`id`, `name`, `code`, `barcode`, `description`, `catalog_id`, `price_id`, `created_at`, `updated_at`) VALUES ('61', 'ratione', '71 pv', '1109618540853', 'Saepe repellendus laboriosam qui perferendis repellat. Alias est eos et minima. Harum rem eveniet numquam et voluptas. Nulla ut sint quis a iure provident.', '19', NULL, '2020-08-24 15:00:45', '2020-08-24 15:00:45');
INSERT INTO `products` (`id`, `name`, `code`, `barcode`, `description`, `catalog_id`, `price_id`, `created_at`, `updated_at`) VALUES ('62', 'exercitationem', '62 ig', '4565962916240', 'Eum ut explicabo velit animi placeat. Molestias aut accusantium similique aut. Dolore expedita odio est voluptate ea laboriosam id. Magni officia dolores perspiciatis perferendis molestias officia cupiditate animi. Officiis ea voluptas quod maxime eveniet qui debitis.', '19', NULL, '2020-08-24 15:00:45', '2020-08-24 15:00:45');
INSERT INTO `products` (`id`, `name`, `code`, `barcode`, `description`, `catalog_id`, `price_id`, `created_at`, `updated_at`) VALUES ('63', 'eos', '71 aq', '4523286914452', 'Veritatis nihil odit et deserunt dolor laudantium. Eveniet quibusdam dolores est recusandae sunt eius nihil. Consectetur qui nesciunt nesciunt ea.', '2', NULL, '2020-08-24 15:00:45', '2020-08-24 15:00:45');
INSERT INTO `products` (`id`, `name`, `code`, `barcode`, `description`, `catalog_id`, `price_id`, `created_at`, `updated_at`) VALUES ('64', 'in', '91 xp', '6163058312609', 'Voluptas fugit aspernatur in est ipsa. Esse doloribus reprehenderit accusamus dolores quas temporibus. Quos et consequatur exercitationem at enim in culpa.', '10', NULL, '2020-08-24 15:00:45', '2020-08-24 15:00:45');
INSERT INTO `products` (`id`, `name`, `code`, `barcode`, `description`, `catalog_id`, `price_id`, `created_at`, `updated_at`) VALUES ('65', 'similique', '87 qi', '2012125891633', 'Nulla neque voluptas voluptas sit incidunt voluptatem. Explicabo officiis dolor aut in vero quia debitis. Ea sunt eos repellat sit quidem et voluptate.', '14', NULL, '2020-08-24 15:00:45', '2020-08-24 15:00:45');
INSERT INTO `products` (`id`, `name`, `code`, `barcode`, `description`, `catalog_id`, `price_id`, `created_at`, `updated_at`) VALUES ('66', 'ut', '83 zj', '2453677160665', 'Dolorem tempora occaecati temporibus cumque. Incidunt deserunt quod qui expedita veritatis. Id quos dignissimos aspernatur ea. Nobis deserunt quisquam dolor qui voluptate repellat adipisci fugiat.', '13', NULL, '2020-08-24 15:00:45', '2020-08-24 15:00:45');
INSERT INTO `products` (`id`, `name`, `code`, `barcode`, `description`, `catalog_id`, `price_id`, `created_at`, `updated_at`) VALUES ('67', 'aliquid', '13 lo', '5739754511043', 'Temporibus architecto reiciendis possimus repellat. Eos nostrum labore blanditiis in voluptas. Iusto molestias accusantium iure ut. Omnis quia eligendi molestiae et eligendi nostrum eligendi.', '17', NULL, '2020-08-24 15:00:45', '2020-08-24 15:00:45');
INSERT INTO `products` (`id`, `name`, `code`, `barcode`, `description`, `catalog_id`, `price_id`, `created_at`, `updated_at`) VALUES ('68', 'delectus', '41 ms', '3079746559262', 'Quos omnis aliquid nesciunt eos est. Aut aut facere earum. Hic sapiente tempora adipisci.', '7', NULL, '2020-08-24 15:00:45', '2020-08-24 15:00:45');
INSERT INTO `products` (`id`, `name`, `code`, `barcode`, `description`, `catalog_id`, `price_id`, `created_at`, `updated_at`) VALUES ('69', 'nihil', '63 sb', '3867612002417', 'Et provident nostrum magni nihil incidunt est aut. Reiciendis sint quo et est ut.', '11', NULL, '2020-08-24 15:00:45', '2020-08-24 15:00:45');
INSERT INTO `products` (`id`, `name`, `code`, `barcode`, `description`, `catalog_id`, `price_id`, `created_at`, `updated_at`) VALUES ('70', 'quia', '90 kf', '3131561269052', 'Sed nemo ea dolores dignissimos minus. Consectetur voluptatem dolor et porro et.', '20', NULL, '2020-08-24 15:00:45', '2020-08-24 15:00:45');
INSERT INTO `products` (`id`, `name`, `code`, `barcode`, `description`, `catalog_id`, `price_id`, `created_at`, `updated_at`) VALUES ('71', 'illo', '98 kf', '2036208149977', 'Eum qui asperiores qui magnam maxime alias sequi. Esse ea laborum aliquid omnis exercitationem iste quaerat. Dignissimos tenetur quaerat assumenda. Aut rerum quisquam dolore reiciendis.', '14', NULL, '2020-08-24 15:00:45', '2020-08-24 15:00:45');
INSERT INTO `products` (`id`, `name`, `code`, `barcode`, `description`, `catalog_id`, `price_id`, `created_at`, `updated_at`) VALUES ('72', 'fugit', '10 hz', '6598406691104', 'Doloribus labore est quis. Quos amet sed maiores fugiat. Dolores soluta nihil enim voluptatem vero. Dolorum est consequuntur et consequatur sapiente nisi.', '5', NULL, '2020-08-24 15:00:45', '2020-08-24 15:00:45');
INSERT INTO `products` (`id`, `name`, `code`, `barcode`, `description`, `catalog_id`, `price_id`, `created_at`, `updated_at`) VALUES ('73', 'soluta', '20 hj', '6725345725193', 'Laboriosam ut blanditiis et cumque repellat. Praesentium porro voluptas eos fugit nesciunt. Vel animi qui quae eius atque omnis. Minus voluptatem reprehenderit magnam vel.', '14', NULL, '2020-08-24 15:00:45', '2020-08-24 15:00:45');
INSERT INTO `products` (`id`, `name`, `code`, `barcode`, `description`, `catalog_id`, `price_id`, `created_at`, `updated_at`) VALUES ('74', 'ullam', '97 bi', '4926687590777', 'Voluptatem nemo qui eos facere dolorem rem iusto. Architecto velit praesentium facere explicabo et. Incidunt nesciunt harum maiores exercitationem deleniti. Voluptatem non consequatur minima.', '19', NULL, '2020-08-24 15:00:45', '2020-08-24 15:00:45');
INSERT INTO `products` (`id`, `name`, `code`, `barcode`, `description`, `catalog_id`, `price_id`, `created_at`, `updated_at`) VALUES ('75', 'aliquid', '30 cc', '1668589329347', 'Exercitationem ex officiis facere ut. Praesentium provident nesciunt ipsa eum voluptatem unde autem. Ut facere earum quia voluptates. Minima saepe quia dicta minima quo veniam mollitia quis.', '9', NULL, '2020-08-24 15:00:45', '2020-08-24 15:00:45');
INSERT INTO `products` (`id`, `name`, `code`, `barcode`, `description`, `catalog_id`, `price_id`, `created_at`, `updated_at`) VALUES ('76', 'fuga', '75 fr', '5065175814554', 'Fuga dolorem quis dolor adipisci occaecati adipisci aperiam. Qui maxime commodi et placeat consequatur voluptatem dolore amet. Perferendis labore repellendus quia voluptate atque. Omnis aut ducimus rem aperiam.', '9', NULL, '2020-08-24 15:00:45', '2020-08-24 15:00:45');
INSERT INTO `products` (`id`, `name`, `code`, `barcode`, `description`, `catalog_id`, `price_id`, `created_at`, `updated_at`) VALUES ('77', 'quo', '82 it', '5878919076174', 'Sapiente quibusdam quia in eveniet amet illum nesciunt. Rerum aperiam veniam quaerat voluptatem quia. Ut odio cupiditate et iusto consequuntur dolores.', '16', NULL, '2020-08-24 15:00:45', '2020-08-24 15:00:45');
INSERT INTO `products` (`id`, `name`, `code`, `barcode`, `description`, `catalog_id`, `price_id`, `created_at`, `updated_at`) VALUES ('78', 'ipsum', '34 tg', '1613990109413', 'Ea maiores et voluptates sed velit sunt aut. Rerum placeat alias libero beatae sunt possimus. Odio animi modi fuga minus cum et totam. Dolorem veritatis voluptates maiores.', '8', NULL, '2020-08-24 15:00:45', '2020-08-24 15:00:45');
INSERT INTO `products` (`id`, `name`, `code`, `barcode`, `description`, `catalog_id`, `price_id`, `created_at`, `updated_at`) VALUES ('79', 'et', '74 kh', '6923749969340', 'Dolorem aut tempore error ea enim. Libero delectus sapiente repellendus quos ea. Dolor dolorum illo accusamus doloribus architecto eveniet tempore facere. Aut ut ut in incidunt nulla et occaecati.', '8', NULL, '2020-08-24 15:00:45', '2020-08-24 15:00:45');
INSERT INTO `products` (`id`, `name`, `code`, `barcode`, `description`, `catalog_id`, `price_id`, `created_at`, `updated_at`) VALUES ('80', 'neque', '03 ip', '5607805412262', 'Sit sed assumenda rem modi. In facere tempora voluptatibus rerum pariatur ea. Voluptas exercitationem quis dolor. Consequatur dicta asperiores ab laborum.', '20', NULL, '2020-08-24 15:00:45', '2020-08-24 15:00:45');
INSERT INTO `products` (`id`, `name`, `code`, `barcode`, `description`, `catalog_id`, `price_id`, `created_at`, `updated_at`) VALUES ('81', 'ex', '85 ty', '3454888674430', 'Facere repellat occaecati repudiandae veniam eos ipsa atque. Occaecati illo iste nam sint. Et labore autem itaque fugiat. Maiores autem sint veritatis dolorem.', '8', NULL, '2020-08-24 15:00:45', '2020-08-24 15:00:45');
INSERT INTO `products` (`id`, `name`, `code`, `barcode`, `description`, `catalog_id`, `price_id`, `created_at`, `updated_at`) VALUES ('82', 'et', '03 qa', '6223982438445', 'Aliquam quo libero possimus dolorem maxime minima. Placeat quia ullam quaerat nulla ex ut quo. Sed velit quia sed velit inventore et id distinctio. Illum omnis quia sint.', '3', NULL, '2020-08-24 15:00:45', '2020-08-24 15:00:45');
INSERT INTO `products` (`id`, `name`, `code`, `barcode`, `description`, `catalog_id`, `price_id`, `created_at`, `updated_at`) VALUES ('83', 'et', '71 bp', '4580550009384', 'Autem ipsum assumenda corrupti dolores velit molestiae odit. Deserunt dignissimos quia sed iusto ullam incidunt et. Sit velit quidem aut autem ipsum.', '3', NULL, '2020-08-24 15:00:45', '2020-08-24 15:00:45');
INSERT INTO `products` (`id`, `name`, `code`, `barcode`, `description`, `catalog_id`, `price_id`, `created_at`, `updated_at`) VALUES ('84', 'quia', '08 ef', '2401840719394', 'Doloribus nihil cupiditate corrupti eius deserunt. Est aliquid culpa labore fuga cum.', '8', NULL, '2020-08-24 15:00:45', '2020-08-24 15:00:45');
INSERT INTO `products` (`id`, `name`, `code`, `barcode`, `description`, `catalog_id`, `price_id`, `created_at`, `updated_at`) VALUES ('85', 'cumque', '54 wp', '1211692424491', 'Officiis ut exercitationem assumenda laudantium aut blanditiis. Quis iure molestiae corrupti et labore. Et neque perspiciatis commodi ratione libero provident corrupti. Qui illum quis sapiente est et.', '17', NULL, '2020-08-24 15:00:45', '2020-08-24 15:00:45');
INSERT INTO `products` (`id`, `name`, `code`, `barcode`, `description`, `catalog_id`, `price_id`, `created_at`, `updated_at`) VALUES ('86', 'et', '29 bx', '4581528230570', 'Illum quibusdam quibusdam minima quae quae aut libero. Ut est explicabo ut est incidunt est aut. Alias totam qui natus rerum debitis.', '15', NULL, '2020-08-24 15:00:45', '2020-08-24 15:00:45');
INSERT INTO `products` (`id`, `name`, `code`, `barcode`, `description`, `catalog_id`, `price_id`, `created_at`, `updated_at`) VALUES ('87', 'qui', '97 mi', '4097237827256', 'Adipisci nobis fugiat consequatur consequuntur quas rerum repellat. Cum eligendi ducimus ut aliquid consequuntur alias incidunt. Sequi repudiandae quod voluptas asperiores est excepturi. Dignissimos laborum numquam fugit quibusdam quia quas eligendi. Qui voluptas reprehenderit tenetur ex est impedit quo.', '11', NULL, '2020-08-24 15:00:45', '2020-08-24 15:00:45');
INSERT INTO `products` (`id`, `name`, `code`, `barcode`, `description`, `catalog_id`, `price_id`, `created_at`, `updated_at`) VALUES ('88', 'quas', '46 kg', '2911931618116', 'Ipsa asperiores odio a molestiae. Molestiae unde tempora dolore at. Accusantium ipsam aliquam doloribus voluptas iure. Doloremque vero ab dolores est eveniet consequatur.', '10', NULL, '2020-08-24 15:00:45', '2020-08-24 15:00:45');
INSERT INTO `products` (`id`, `name`, `code`, `barcode`, `description`, `catalog_id`, `price_id`, `created_at`, `updated_at`) VALUES ('89', 'veniam', '99 ox', '1052857823669', 'Et neque omnis quod et. Quod adipisci eligendi facere laudantium necessitatibus eum dolores. Aliquid dolorem ab repudiandae.', '13', NULL, '2020-08-24 15:00:45', '2020-08-24 15:00:45');
INSERT INTO `products` (`id`, `name`, `code`, `barcode`, `description`, `catalog_id`, `price_id`, `created_at`, `updated_at`) VALUES ('90', 'error', '08 ff', '3391541538760', 'Illum repellat reiciendis fugiat. Ipsam enim rem dicta fugit totam temporibus iusto. Dolor voluptatem id est est sit necessitatibus.', '2', NULL, '2020-08-24 15:00:45', '2020-08-24 15:00:45');
INSERT INTO `products` (`id`, `name`, `code`, `barcode`, `description`, `catalog_id`, `price_id`, `created_at`, `updated_at`) VALUES ('91', 'quidem', '24 uu', '6043641463853', 'Et dolorem omnis consectetur totam et dolor facere. Blanditiis magnam est aut nemo sit. Cupiditate dolores veritatis nobis est.', '20', NULL, '2020-08-24 15:00:45', '2020-08-24 15:00:45');
INSERT INTO `products` (`id`, `name`, `code`, `barcode`, `description`, `catalog_id`, `price_id`, `created_at`, `updated_at`) VALUES ('92', 'sed', '46 qt', '1516885844990', 'Commodi necessitatibus necessitatibus consectetur quos. Quibusdam et asperiores ut quo.', '10', NULL, '2020-08-24 15:00:45', '2020-08-24 15:00:45');
INSERT INTO `products` (`id`, `name`, `code`, `barcode`, `description`, `catalog_id`, `price_id`, `created_at`, `updated_at`) VALUES ('93', 'explicabo', '13 yq', '1034656400792', 'Ut dolorum dolor nulla unde incidunt quo. Odit dolores quam culpa quae mollitia qui. Blanditiis ea occaecati a nisi.', '7', NULL, '2020-08-24 15:00:45', '2020-08-24 15:00:45');
INSERT INTO `products` (`id`, `name`, `code`, `barcode`, `description`, `catalog_id`, `price_id`, `created_at`, `updated_at`) VALUES ('94', 'placeat', '91 pi', '2788015422411', 'Praesentium optio consequatur et itaque sit eaque. Ad hic eum neque et. Quidem laborum recusandae adipisci. Quia quas beatae aut odit maiores veritatis. Porro sapiente distinctio quia est dolor dolor sint quis.', '12', NULL, '2020-08-24 15:00:45', '2020-08-24 15:00:45');
INSERT INTO `products` (`id`, `name`, `code`, `barcode`, `description`, `catalog_id`, `price_id`, `created_at`, `updated_at`) VALUES ('95', 'totam', '23 kx', '6522808238863', 'Ad beatae quos voluptatibus non quo. Est autem dolor aliquid ut ratione eos voluptas. Quasi quaerat et id repellat delectus neque id. Sapiente sint at distinctio et.', '20', NULL, '2020-08-24 15:00:45', '2020-08-24 15:00:45');
INSERT INTO `products` (`id`, `name`, `code`, `barcode`, `description`, `catalog_id`, `price_id`, `created_at`, `updated_at`) VALUES ('96', 'eos', '26 ho', '4132336909882', 'Pariatur et aut eveniet quisquam qui sint accusantium. Unde suscipit nulla possimus. Omnis sint sunt voluptates tenetur eum mollitia mollitia. Saepe optio est voluptas qui ea dicta.', '7', NULL, '2020-08-24 15:00:45', '2020-08-24 15:00:45');
INSERT INTO `products` (`id`, `name`, `code`, `barcode`, `description`, `catalog_id`, `price_id`, `created_at`, `updated_at`) VALUES ('97', 'numquam', '17 jy', '1578012008219', 'Omnis quis deserunt nam praesentium fuga est. Magni numquam itaque et maiores ut dolores culpa accusamus. Libero deserunt consequatur ut consequatur autem.', '7', NULL, '2020-08-24 15:00:45', '2020-08-24 15:00:45');
INSERT INTO `products` (`id`, `name`, `code`, `barcode`, `description`, `catalog_id`, `price_id`, `created_at`, `updated_at`) VALUES ('98', 'beatae', '48 jo', '5424728525802', 'Voluptates quidem qui velit atque ut et cupiditate. Qui nobis eos repellendus excepturi non. Deleniti harum et laboriosam ut illum.', '6', NULL, '2020-08-24 15:00:45', '2020-08-24 15:00:45');
INSERT INTO `products` (`id`, `name`, `code`, `barcode`, `description`, `catalog_id`, `price_id`, `created_at`, `updated_at`) VALUES ('99', 'sit', '51 kp', '4915268792770', 'Labore ullam ipsa tempore eligendi. Et tempora corporis est eum totam itaque. Et quos voluptatem et soluta quia tenetur ea. Occaecati consectetur qui dolorem reiciendis eligendi libero provident.', '16', NULL, '2020-08-24 15:00:45', '2020-08-24 15:00:45');
INSERT INTO `products` (`id`, `name`, `code`, `barcode`, `description`, `catalog_id`, `price_id`, `created_at`, `updated_at`) VALUES ('100', 'debitis', '24 aa', '6750377530232', 'Et distinctio labore veritatis aliquid. Ut animi sed eaque distinctio dolores. Debitis officiis illum totam incidunt sed aut recusandae. Doloribus earum et animi ut. Libero impedit blanditiis laborum id.', '13', NULL, '2020-08-24 15:00:45', '2020-08-24 15:00:45');
/*specifications*/
INSERT INTO `specifications` (`id`, `name`, `value`, `created_at`, `updated_at`) VALUES ('1', 'country', 'Jordan', '2020-08-15 07:02:49', '1979-04-10 07:02:40');
INSERT INTO `specifications` (`id`, `name`, `value`, `created_at`, `updated_at`) VALUES ('2', 'country', 'Ireland', '2020-08-24 12:14:27', '2005-12-07 01:01:24');
INSERT INTO `specifications` (`id`, `name`, `value`, `created_at`, `updated_at`) VALUES ('3', 'country', 'Thailand', '2020-08-18 19:44:29', '1979-06-03 18:49:04');
INSERT INTO `specifications` (`id`, `name`, `value`, `created_at`, `updated_at`) VALUES ('4', 'country', 'Egypt', '2020-08-22 14:32:40', '2009-03-02 21:07:39');
INSERT INTO `specifications` (`id`, `name`, `value`, `created_at`, `updated_at`) VALUES ('5', 'country', 'Togo', '2020-08-09 11:54:42', '1974-04-20 18:28:27');
INSERT INTO `specifications` (`id`, `name`, `value`, `created_at`, `updated_at`) VALUES ('6', 'country', 'Lithuania', '2020-08-14 08:08:05', '1981-11-30 00:48:00');
INSERT INTO `specifications` (`id`, `name`, `value`, `created_at`, `updated_at`) VALUES ('7', 'country', 'Turkey', '2020-07-25 09:14:40', '2020-06-21 15:41:06');
INSERT INTO `specifications` (`id`, `name`, `value`, `created_at`, `updated_at`) VALUES ('8', 'country', 'Norfolk Island', '2020-08-18 09:10:01', '1989-01-01 08:00:19');
INSERT INTO `specifications` (`id`, `name`, `value`, `created_at`, `updated_at`) VALUES ('9', 'country', 'Grenada', '2020-08-13 12:09:00', '1979-09-29 13:00:21');
INSERT INTO `specifications` (`id`, `name`, `value`, `created_at`, `updated_at`) VALUES ('10', 'country', 'Montenegro', '2020-08-07 08:09:02', '2017-12-11 09:38:40');
INSERT INTO `specifications` (`id`, `name`, `value`, `created_at`, `updated_at`) VALUES ('11', 'age', '0-3', '2020-08-14 08:08:05', '1981-11-30 00:48:00');
INSERT INTO `specifications` (`id`, `name`, `value`, `created_at`, `updated_at`) VALUES ('12', 'age', '3-5', '2020-07-25 09:14:40', '2020-06-21 15:41:06');
INSERT INTO `specifications` (`id`, `name`, `value`, `created_at`, `updated_at`) VALUES ('13', 'age', '5-7', '2020-08-18 09:10:01', '1989-01-01 08:00:19');
INSERT INTO `specifications` (`id`, `name`, `value`, `created_at`, `updated_at`) VALUES ('14', 'age', '7-9', '2020-08-13 12:09:00', '1979-09-29 13:00:21');
INSERT INTO `specifications` (`id`, `name`, `value`, `created_at`, `updated_at`) VALUES ('15', 'age', '9-12', '2020-08-07 08:09:02', '2017-12-11 09:38:40');
INSERT INTO `specifications` (`id`, `name`, `value`, `created_at`, `updated_at`) VALUES ('16', 'brand', 'voluptas', '2020-08-24 15:19:13', '2020-08-24 15:19:13');
INSERT INTO `specifications` (`id`, `name`, `value`, `created_at`, `updated_at`) VALUES ('17', 'brand', 'autem', '2020-08-24 15:19:13', '2020-08-24 15:19:13');
INSERT INTO `specifications` (`id`, `name`, `value`, `created_at`, `updated_at`) VALUES ('18', 'brand', 'et', '2020-08-24 15:19:13', '2020-08-24 15:19:13');
INSERT INTO `specifications` (`id`, `name`, `value`, `created_at`, `updated_at`) VALUES ('19', 'brand', 'velit', '2020-08-24 15:19:13', '2020-08-24 15:19:13');
INSERT INTO `specifications` (`id`, `name`, `value`, `created_at`, `updated_at`) VALUES ('20', 'brand', 'sint', '2020-08-24 15:19:13', '2020-08-24 15:19:13');
INSERT INTO `specifications` (`id`, `name`, `value`, `created_at`, `updated_at`) VALUES ('21', 'brand', 'laborum', '2020-08-24 15:19:13', '2020-08-24 15:19:13');
INSERT INTO `specifications` (`id`, `name`, `value`, `created_at`, `updated_at`) VALUES ('22', 'brand', 'consequatur', '2020-08-24 15:19:13', '2020-08-24 15:19:13');
INSERT INTO `specifications` (`id`, `name`, `value`, `created_at`, `updated_at`) VALUES ('23', 'brand', 'delectus', '2020-08-24 15:19:13', '2020-08-24 15:19:13');
INSERT INTO `specifications` (`id`, `name`, `value`, `created_at`, `updated_at`) VALUES ('24', 'brand', 'voluptatem', '2020-08-24 15:19:13', '2020-08-24 15:19:13');
INSERT INTO `specifications` (`id`, `name`, `value`, `created_at`, `updated_at`) VALUES ('25', 'brand', 'dignissimos', '2020-08-24 15:19:13', '2020-08-24 15:19:13');
INSERT INTO `specifications` (`id`, `name`, `value`, `created_at`, `updated_at`) VALUES ('26', 'brand', 'quis', '2020-08-24 15:19:13', '2020-08-24 15:19:13');
INSERT INTO `specifications` (`id`, `name`, `value`, `created_at`, `updated_at`) VALUES ('27', 'brand', 'aut', '2020-08-24 15:19:13', '2020-08-24 15:19:13');
INSERT INTO `specifications` (`id`, `name`, `value`, `created_at`, `updated_at`) VALUES ('28', 'brand', 'ducimus', '2020-08-24 15:19:13', '2020-08-24 15:19:13');
INSERT INTO `specifications` (`id`, `name`, `value`, `created_at`, `updated_at`) VALUES ('29', 'brand', 'voluptatum', '2020-08-24 15:19:13', '2020-08-24 15:19:13');
INSERT INTO `specifications` (`id`, `name`, `value`, `created_at`, `updated_at`) VALUES ('30', 'brand', 'enim', '2020-08-24 15:19:13', '2020-08-24 15:19:13');
INSERT INTO `specifications` (`id`, `name`, `value`, `created_at`, `updated_at`) VALUES ('31', 'gender', 'male', '2020-08-24 15:19:13', '2020-08-24 15:19:13');
INSERT INTO `specifications` (`id`, `name`, `value`, `created_at`, `updated_at`) VALUES ('32', 'gender', 'female', '2020-08-24 15:19:13', '2020-08-24 15:19:13');
/*products_specifications*/
INSERT INTO `products_specifications` (`product_id`, `name`, `value_id`) VALUES ('1', 'country', '4');
INSERT INTO `products_specifications` (`product_id`, `name`, `value_id`) VALUES ('2', 'country', '8');
INSERT INTO `products_specifications` (`product_id`, `name`, `value_id`) VALUES ('3', 'country', '5');
INSERT INTO `products_specifications` (`product_id`, `name`, `value_id`) VALUES ('4', 'country', '9');
INSERT INTO `products_specifications` (`product_id`, `name`, `value_id`) VALUES ('5', 'country', '1');
INSERT INTO `products_specifications` (`product_id`, `name`, `value_id`) VALUES ('6', 'country', '8');
INSERT INTO `products_specifications` (`product_id`, `name`, `value_id`) VALUES ('7', 'country', '8');
INSERT INTO `products_specifications` (`product_id`, `name`, `value_id`) VALUES ('8', 'country', '6');
INSERT INTO `products_specifications` (`product_id`, `name`, `value_id`) VALUES ('9', 'country', '10');
INSERT INTO `products_specifications` (`product_id`, `name`, `value_id`) VALUES ('10', 'country', '5');
INSERT INTO `products_specifications` (`product_id`, `name`, `value_id`) VALUES ('11', 'country', '4');
INSERT INTO `products_specifications` (`product_id`, `name`, `value_id`) VALUES ('12', 'country', '3');
INSERT INTO `products_specifications` (`product_id`, `name`, `value_id`) VALUES ('13', 'country', '3');
INSERT INTO `products_specifications` (`product_id`, `name`, `value_id`) VALUES ('14', 'country', '8');
INSERT INTO `products_specifications` (`product_id`, `name`, `value_id`) VALUES ('15', 'country', '3');
INSERT INTO `products_specifications` (`product_id`, `name`, `value_id`) VALUES ('16', 'country', '4');
INSERT INTO `products_specifications` (`product_id`, `name`, `value_id`) VALUES ('17', 'country', '3');
INSERT INTO `products_specifications` (`product_id`, `name`, `value_id`) VALUES ('18', 'country', '4');
INSERT INTO `products_specifications` (`product_id`, `name`, `value_id`) VALUES ('19', 'country', '3');
INSERT INTO `products_specifications` (`product_id`, `name`, `value_id`) VALUES ('20', 'country', '4');
INSERT INTO `products_specifications` (`product_id`, `name`, `value_id`) VALUES ('21', 'country', '1');
INSERT INTO `products_specifications` (`product_id`, `name`, `value_id`) VALUES ('22', 'country', '2');
INSERT INTO `products_specifications` (`product_id`, `name`, `value_id`) VALUES ('23', 'country', '1');
INSERT INTO `products_specifications` (`product_id`, `name`, `value_id`) VALUES ('24', 'country', '2');
INSERT INTO `products_specifications` (`product_id`, `name`, `value_id`) VALUES ('25', 'country', '5');
INSERT INTO `products_specifications` (`product_id`, `name`, `value_id`) VALUES ('26', 'country', '6');
INSERT INTO `products_specifications` (`product_id`, `name`, `value_id`) VALUES ('27', 'country', '2');
INSERT INTO `products_specifications` (`product_id`, `name`, `value_id`) VALUES ('28', 'country', '8');
INSERT INTO `products_specifications` (`product_id`, `name`, `value_id`) VALUES ('29', 'country', '2');
INSERT INTO `products_specifications` (`product_id`, `name`, `value_id`) VALUES ('30', 'country', '3');
INSERT INTO `products_specifications` (`product_id`, `name`, `value_id`) VALUES ('31', 'country', '4');
INSERT INTO `products_specifications` (`product_id`, `name`, `value_id`) VALUES ('32', 'country', '6');
INSERT INTO `products_specifications` (`product_id`, `name`, `value_id`) VALUES ('33', 'country', '7');
INSERT INTO `products_specifications` (`product_id`, `name`, `value_id`) VALUES ('34', 'country', '1');
INSERT INTO `products_specifications` (`product_id`, `name`, `value_id`) VALUES ('35', 'country', '1');
INSERT INTO `products_specifications` (`product_id`, `name`, `value_id`) VALUES ('36', 'country', '7');
INSERT INTO `products_specifications` (`product_id`, `name`, `value_id`) VALUES ('37', 'country', '2');
INSERT INTO `products_specifications` (`product_id`, `name`, `value_id`) VALUES ('38', 'country', '6');
INSERT INTO `products_specifications` (`product_id`, `name`, `value_id`) VALUES ('39', 'country', '8');
INSERT INTO `products_specifications` (`product_id`, `name`, `value_id`) VALUES ('40', 'country', '5');
INSERT INTO `products_specifications` (`product_id`, `name`, `value_id`) VALUES ('41', 'country', '10');
INSERT INTO `products_specifications` (`product_id`, `name`, `value_id`) VALUES ('42', 'country', '1');
INSERT INTO `products_specifications` (`product_id`, `name`, `value_id`) VALUES ('43', 'country', '10');
INSERT INTO `products_specifications` (`product_id`, `name`, `value_id`) VALUES ('44', 'country', '4');
INSERT INTO `products_specifications` (`product_id`, `name`, `value_id`) VALUES ('45', 'country', '6');
INSERT INTO `products_specifications` (`product_id`, `name`, `value_id`) VALUES ('46', 'country', '7');
INSERT INTO `products_specifications` (`product_id`, `name`, `value_id`) VALUES ('47', 'country', '1');
INSERT INTO `products_specifications` (`product_id`, `name`, `value_id`) VALUES ('48', 'country', '10');
INSERT INTO `products_specifications` (`product_id`, `name`, `value_id`) VALUES ('49', 'country', '3');
INSERT INTO `products_specifications` (`product_id`, `name`, `value_id`) VALUES ('50', 'country', '6');
INSERT INTO `products_specifications` (`product_id`, `name`, `value_id`) VALUES ('51', 'country', '1');
INSERT INTO `products_specifications` (`product_id`, `name`, `value_id`) VALUES ('52', 'country', '2');
INSERT INTO `products_specifications` (`product_id`, `name`, `value_id`) VALUES ('53', 'country', '7');
INSERT INTO `products_specifications` (`product_id`, `name`, `value_id`) VALUES ('54', 'country', '1');
INSERT INTO `products_specifications` (`product_id`, `name`, `value_id`) VALUES ('55', 'country', '4');
INSERT INTO `products_specifications` (`product_id`, `name`, `value_id`) VALUES ('56', 'country', '3');
INSERT INTO `products_specifications` (`product_id`, `name`, `value_id`) VALUES ('57', 'country', '2');
INSERT INTO `products_specifications` (`product_id`, `name`, `value_id`) VALUES ('58', 'country', '3');
INSERT INTO `products_specifications` (`product_id`, `name`, `value_id`) VALUES ('59', 'country', '8');
INSERT INTO `products_specifications` (`product_id`, `name`, `value_id`) VALUES ('60', 'country', '1');
INSERT INTO `products_specifications` (`product_id`, `name`, `value_id`) VALUES ('61', 'country', '6');
INSERT INTO `products_specifications` (`product_id`, `name`, `value_id`) VALUES ('62', 'country', '4');
INSERT INTO `products_specifications` (`product_id`, `name`, `value_id`) VALUES ('63', 'country', '7');
INSERT INTO `products_specifications` (`product_id`, `name`, `value_id`) VALUES ('64', 'country', '4');
INSERT INTO `products_specifications` (`product_id`, `name`, `value_id`) VALUES ('65', 'country', '4');
INSERT INTO `products_specifications` (`product_id`, `name`, `value_id`) VALUES ('66', 'country', '1');
INSERT INTO `products_specifications` (`product_id`, `name`, `value_id`) VALUES ('67', 'country', '8');
INSERT INTO `products_specifications` (`product_id`, `name`, `value_id`) VALUES ('68', 'country', '6');
INSERT INTO `products_specifications` (`product_id`, `name`, `value_id`) VALUES ('69', 'country', '4');
INSERT INTO `products_specifications` (`product_id`, `name`, `value_id`) VALUES ('70', 'country', '6');
INSERT INTO `products_specifications` (`product_id`, `name`, `value_id`) VALUES ('71', 'country', '2');
INSERT INTO `products_specifications` (`product_id`, `name`, `value_id`) VALUES ('72', 'country', '3');
INSERT INTO `products_specifications` (`product_id`, `name`, `value_id`) VALUES ('73', 'country', '6');
INSERT INTO `products_specifications` (`product_id`, `name`, `value_id`) VALUES ('74', 'country', '10');
INSERT INTO `products_specifications` (`product_id`, `name`, `value_id`) VALUES ('75', 'country', '3');
INSERT INTO `products_specifications` (`product_id`, `name`, `value_id`) VALUES ('76', 'country', '1');
INSERT INTO `products_specifications` (`product_id`, `name`, `value_id`) VALUES ('77', 'country', '6');
INSERT INTO `products_specifications` (`product_id`, `name`, `value_id`) VALUES ('78', 'country', '1');
INSERT INTO `products_specifications` (`product_id`, `name`, `value_id`) VALUES ('79', 'country', '1');
INSERT INTO `products_specifications` (`product_id`, `name`, `value_id`) VALUES ('80', 'country', '8');
INSERT INTO `products_specifications` (`product_id`, `name`, `value_id`) VALUES ('81', 'country', '8');
INSERT INTO `products_specifications` (`product_id`, `name`, `value_id`) VALUES ('82', 'country', '3');
INSERT INTO `products_specifications` (`product_id`, `name`, `value_id`) VALUES ('83', 'country', '3');
INSERT INTO `products_specifications` (`product_id`, `name`, `value_id`) VALUES ('84', 'country', '8');
INSERT INTO `products_specifications` (`product_id`, `name`, `value_id`) VALUES ('85', 'country', '3');
INSERT INTO `products_specifications` (`product_id`, `name`, `value_id`) VALUES ('86', 'country', '8');
INSERT INTO `products_specifications` (`product_id`, `name`, `value_id`) VALUES ('87', 'country', '5');
INSERT INTO `products_specifications` (`product_id`, `name`, `value_id`) VALUES ('88', 'country', '5');
INSERT INTO `products_specifications` (`product_id`, `name`, `value_id`) VALUES ('89', 'country', '2');
INSERT INTO `products_specifications` (`product_id`, `name`, `value_id`) VALUES ('90', 'country', '7');
INSERT INTO `products_specifications` (`product_id`, `name`, `value_id`) VALUES ('91', 'country', '2');
INSERT INTO `products_specifications` (`product_id`, `name`, `value_id`) VALUES ('92', 'country', '1');
INSERT INTO `products_specifications` (`product_id`, `name`, `value_id`) VALUES ('93', 'country', '3');
INSERT INTO `products_specifications` (`product_id`, `name`, `value_id`) VALUES ('94', 'country', '8');
INSERT INTO `products_specifications` (`product_id`, `name`, `value_id`) VALUES ('95', 'country', '9');
INSERT INTO `products_specifications` (`product_id`, `name`, `value_id`) VALUES ('96', 'country', '7');
INSERT INTO `products_specifications` (`product_id`, `name`, `value_id`) VALUES ('97', 'country', '8');
INSERT INTO `products_specifications` (`product_id`, `name`, `value_id`) VALUES ('98', 'country', '5');
INSERT INTO `products_specifications` (`product_id`, `name`, `value_id`) VALUES ('99', 'country', '1');
INSERT INTO `products_specifications` (`product_id`, `name`, `value_id`) VALUES ('100', 'country', '5');
INSERT INTO `products_specifications` (`product_id`, `name`, `value_id`) VALUES ('1', 'age', '14');
INSERT INTO `products_specifications` (`product_id`, `name`, `value_id`) VALUES ('2', 'age', '15');
INSERT INTO `products_specifications` (`product_id`, `name`, `value_id`) VALUES ('3', 'age', '13');
INSERT INTO `products_specifications` (`product_id`, `name`, `value_id`) VALUES ('4', 'age', '14');
INSERT INTO `products_specifications` (`product_id`, `name`, `value_id`) VALUES ('5', 'age', '13');
INSERT INTO `products_specifications` (`product_id`, `name`, `value_id`) VALUES ('6', 'age', '13');
INSERT INTO `products_specifications` (`product_id`, `name`, `value_id`) VALUES ('7', 'age', '13');
INSERT INTO `products_specifications` (`product_id`, `name`, `value_id`) VALUES ('8', 'age', '14');
INSERT INTO `products_specifications` (`product_id`, `name`, `value_id`) VALUES ('9', 'age', '15');
INSERT INTO `products_specifications` (`product_id`, `name`, `value_id`) VALUES ('10', 'age', '12');
INSERT INTO `products_specifications` (`product_id`, `name`, `value_id`) VALUES ('11', 'age', '14');
INSERT INTO `products_specifications` (`product_id`, `name`, `value_id`) VALUES ('12', 'age', '14');
INSERT INTO `products_specifications` (`product_id`, `name`, `value_id`) VALUES ('13', 'age', '13');
INSERT INTO `products_specifications` (`product_id`, `name`, `value_id`) VALUES ('14', 'age', '15');
INSERT INTO `products_specifications` (`product_id`, `name`, `value_id`) VALUES ('15', 'age', '11');
INSERT INTO `products_specifications` (`product_id`, `name`, `value_id`) VALUES ('16', 'age', '12');
INSERT INTO `products_specifications` (`product_id`, `name`, `value_id`) VALUES ('17', 'age', '14');
INSERT INTO `products_specifications` (`product_id`, `name`, `value_id`) VALUES ('18', 'age', '12');
INSERT INTO `products_specifications` (`product_id`, `name`, `value_id`) VALUES ('19', 'age', '15');
INSERT INTO `products_specifications` (`product_id`, `name`, `value_id`) VALUES ('20', 'age', '14');
INSERT INTO `products_specifications` (`product_id`, `name`, `value_id`) VALUES ('21', 'age', '11');
INSERT INTO `products_specifications` (`product_id`, `name`, `value_id`) VALUES ('22', 'age', '13');
INSERT INTO `products_specifications` (`product_id`, `name`, `value_id`) VALUES ('23', 'age', '13');
INSERT INTO `products_specifications` (`product_id`, `name`, `value_id`) VALUES ('24', 'age', '12');
INSERT INTO `products_specifications` (`product_id`, `name`, `value_id`) VALUES ('25', 'age', '14');
INSERT INTO `products_specifications` (`product_id`, `name`, `value_id`) VALUES ('26', 'age', '15');
INSERT INTO `products_specifications` (`product_id`, `name`, `value_id`) VALUES ('27', 'age', '14');
INSERT INTO `products_specifications` (`product_id`, `name`, `value_id`) VALUES ('28', 'age', '13');
INSERT INTO `products_specifications` (`product_id`, `name`, `value_id`) VALUES ('29', 'age', '14');
INSERT INTO `products_specifications` (`product_id`, `name`, `value_id`) VALUES ('30', 'age', '11');
INSERT INTO `products_specifications` (`product_id`, `name`, `value_id`) VALUES ('31', 'age', '11');
INSERT INTO `products_specifications` (`product_id`, `name`, `value_id`) VALUES ('32', 'age', '12');
INSERT INTO `products_specifications` (`product_id`, `name`, `value_id`) VALUES ('33', 'age', '14');
INSERT INTO `products_specifications` (`product_id`, `name`, `value_id`) VALUES ('34', 'age', '15');
INSERT INTO `products_specifications` (`product_id`, `name`, `value_id`) VALUES ('35', 'age', '14');
INSERT INTO `products_specifications` (`product_id`, `name`, `value_id`) VALUES ('36', 'age', '11');
INSERT INTO `products_specifications` (`product_id`, `name`, `value_id`) VALUES ('37', 'age', '15');
INSERT INTO `products_specifications` (`product_id`, `name`, `value_id`) VALUES ('38', 'age', '13');
INSERT INTO `products_specifications` (`product_id`, `name`, `value_id`) VALUES ('39', 'age', '13');
INSERT INTO `products_specifications` (`product_id`, `name`, `value_id`) VALUES ('40', 'age', '13');
INSERT INTO `products_specifications` (`product_id`, `name`, `value_id`) VALUES ('41', 'age', '15');
INSERT INTO `products_specifications` (`product_id`, `name`, `value_id`) VALUES ('42', 'age', '13');
INSERT INTO `products_specifications` (`product_id`, `name`, `value_id`) VALUES ('43', 'age', '15');
INSERT INTO `products_specifications` (`product_id`, `name`, `value_id`) VALUES ('44', 'age', '13');
INSERT INTO `products_specifications` (`product_id`, `name`, `value_id`) VALUES ('45', 'age', '13');
INSERT INTO `products_specifications` (`product_id`, `name`, `value_id`) VALUES ('46', 'age', '11');
INSERT INTO `products_specifications` (`product_id`, `name`, `value_id`) VALUES ('47', 'age', '11');
INSERT INTO `products_specifications` (`product_id`, `name`, `value_id`) VALUES ('48', 'age', '15');
INSERT INTO `products_specifications` (`product_id`, `name`, `value_id`) VALUES ('49', 'age', '14');
INSERT INTO `products_specifications` (`product_id`, `name`, `value_id`) VALUES ('50', 'age', '15');
INSERT INTO `products_specifications` (`product_id`, `name`, `value_id`) VALUES ('51', 'age', '12');
INSERT INTO `products_specifications` (`product_id`, `name`, `value_id`) VALUES ('52', 'age', '12');
INSERT INTO `products_specifications` (`product_id`, `name`, `value_id`) VALUES ('53', 'age', '13');
INSERT INTO `products_specifications` (`product_id`, `name`, `value_id`) VALUES ('54', 'age', '12');
INSERT INTO `products_specifications` (`product_id`, `name`, `value_id`) VALUES ('55', 'age', '12');
INSERT INTO `products_specifications` (`product_id`, `name`, `value_id`) VALUES ('56', 'age', '15');
INSERT INTO `products_specifications` (`product_id`, `name`, `value_id`) VALUES ('57', 'age', '12');
INSERT INTO `products_specifications` (`product_id`, `name`, `value_id`) VALUES ('58', 'age', '14');
INSERT INTO `products_specifications` (`product_id`, `name`, `value_id`) VALUES ('59', 'age', '13');
INSERT INTO `products_specifications` (`product_id`, `name`, `value_id`) VALUES ('60', 'age', '12');
INSERT INTO `products_specifications` (`product_id`, `name`, `value_id`) VALUES ('61', 'age', '12');
INSERT INTO `products_specifications` (`product_id`, `name`, `value_id`) VALUES ('62', 'age', '14');
INSERT INTO `products_specifications` (`product_id`, `name`, `value_id`) VALUES ('63', 'age', '14');
INSERT INTO `products_specifications` (`product_id`, `name`, `value_id`) VALUES ('64', 'age', '11');
INSERT INTO `products_specifications` (`product_id`, `name`, `value_id`) VALUES ('65', 'age', '14');
INSERT INTO `products_specifications` (`product_id`, `name`, `value_id`) VALUES ('66', 'age', '12');
INSERT INTO `products_specifications` (`product_id`, `name`, `value_id`) VALUES ('67', 'age', '14');
INSERT INTO `products_specifications` (`product_id`, `name`, `value_id`) VALUES ('68', 'age', '15');
INSERT INTO `products_specifications` (`product_id`, `name`, `value_id`) VALUES ('69', 'age', '13');
INSERT INTO `products_specifications` (`product_id`, `name`, `value_id`) VALUES ('70', 'age', '11');
INSERT INTO `products_specifications` (`product_id`, `name`, `value_id`) VALUES ('71', 'age', '12');
INSERT INTO `products_specifications` (`product_id`, `name`, `value_id`) VALUES ('72', 'age', '15');
INSERT INTO `products_specifications` (`product_id`, `name`, `value_id`) VALUES ('73', 'age', '15');
INSERT INTO `products_specifications` (`product_id`, `name`, `value_id`) VALUES ('74', 'age', '13');
INSERT INTO `products_specifications` (`product_id`, `name`, `value_id`) VALUES ('75', 'age', '15');
INSERT INTO `products_specifications` (`product_id`, `name`, `value_id`) VALUES ('76', 'age', '12');
INSERT INTO `products_specifications` (`product_id`, `name`, `value_id`) VALUES ('77', 'age', '14');
INSERT INTO `products_specifications` (`product_id`, `name`, `value_id`) VALUES ('78', 'age', '15');
INSERT INTO `products_specifications` (`product_id`, `name`, `value_id`) VALUES ('79', 'age', '15');
INSERT INTO `products_specifications` (`product_id`, `name`, `value_id`) VALUES ('80', 'age', '15');
INSERT INTO `products_specifications` (`product_id`, `name`, `value_id`) VALUES ('81', 'age', '14');
INSERT INTO `products_specifications` (`product_id`, `name`, `value_id`) VALUES ('82', 'age', '12');
INSERT INTO `products_specifications` (`product_id`, `name`, `value_id`) VALUES ('83', 'age', '12');
INSERT INTO `products_specifications` (`product_id`, `name`, `value_id`) VALUES ('84', 'age', '11');
INSERT INTO `products_specifications` (`product_id`, `name`, `value_id`) VALUES ('85', 'age', '14');
INSERT INTO `products_specifications` (`product_id`, `name`, `value_id`) VALUES ('86', 'age', '11');
INSERT INTO `products_specifications` (`product_id`, `name`, `value_id`) VALUES ('87', 'age', '14');
INSERT INTO `products_specifications` (`product_id`, `name`, `value_id`) VALUES ('88', 'age', '13');
INSERT INTO `products_specifications` (`product_id`, `name`, `value_id`) VALUES ('89', 'age', '12');
INSERT INTO `products_specifications` (`product_id`, `name`, `value_id`) VALUES ('90', 'age', '11');
INSERT INTO `products_specifications` (`product_id`, `name`, `value_id`) VALUES ('91', 'age', '14');
INSERT INTO `products_specifications` (`product_id`, `name`, `value_id`) VALUES ('92', 'age', '14');
INSERT INTO `products_specifications` (`product_id`, `name`, `value_id`) VALUES ('93', 'age', '11');
INSERT INTO `products_specifications` (`product_id`, `name`, `value_id`) VALUES ('94', 'age', '13');
INSERT INTO `products_specifications` (`product_id`, `name`, `value_id`) VALUES ('95', 'age', '13');
INSERT INTO `products_specifications` (`product_id`, `name`, `value_id`) VALUES ('96', 'age', '12');
INSERT INTO `products_specifications` (`product_id`, `name`, `value_id`) VALUES ('97', 'age', '15');
INSERT INTO `products_specifications` (`product_id`, `name`, `value_id`) VALUES ('98', 'age', '15');
INSERT INTO `products_specifications` (`product_id`, `name`, `value_id`) VALUES ('99', 'age', '14');
INSERT INTO `products_specifications` (`product_id`, `name`, `value_id`) VALUES ('100', 'age', '15');
INSERT INTO `products_specifications` (`product_id`, `name`, `value_id`) VALUES ('1', 'brand', '18');
INSERT INTO `products_specifications` (`product_id`, `name`, `value_id`) VALUES ('2', 'brand', '27');
INSERT INTO `products_specifications` (`product_id`, `name`, `value_id`) VALUES ('3', 'brand', '18');
INSERT INTO `products_specifications` (`product_id`, `name`, `value_id`) VALUES ('4', 'brand', '24');
INSERT INTO `products_specifications` (`product_id`, `name`, `value_id`) VALUES ('5', 'brand', '22');
INSERT INTO `products_specifications` (`product_id`, `name`, `value_id`) VALUES ('6', 'brand', '18');
INSERT INTO `products_specifications` (`product_id`, `name`, `value_id`) VALUES ('7', 'brand', '29');
INSERT INTO `products_specifications` (`product_id`, `name`, `value_id`) VALUES ('8', 'brand', '29');
INSERT INTO `products_specifications` (`product_id`, `name`, `value_id`) VALUES ('9', 'brand', '30');
INSERT INTO `products_specifications` (`product_id`, `name`, `value_id`) VALUES ('10', 'brand', '22');
INSERT INTO `products_specifications` (`product_id`, `name`, `value_id`) VALUES ('11', 'brand', '30');
INSERT INTO `products_specifications` (`product_id`, `name`, `value_id`) VALUES ('12', 'brand', '21');
INSERT INTO `products_specifications` (`product_id`, `name`, `value_id`) VALUES ('13', 'brand', '26');
INSERT INTO `products_specifications` (`product_id`, `name`, `value_id`) VALUES ('14', 'brand', '30');
INSERT INTO `products_specifications` (`product_id`, `name`, `value_id`) VALUES ('15', 'brand', '28');
INSERT INTO `products_specifications` (`product_id`, `name`, `value_id`) VALUES ('16', 'brand', '18');
INSERT INTO `products_specifications` (`product_id`, `name`, `value_id`) VALUES ('17', 'brand', '23');
INSERT INTO `products_specifications` (`product_id`, `name`, `value_id`) VALUES ('18', 'brand', '27');
INSERT INTO `products_specifications` (`product_id`, `name`, `value_id`) VALUES ('19', 'brand', '25');
INSERT INTO `products_specifications` (`product_id`, `name`, `value_id`) VALUES ('20', 'brand', '25');
INSERT INTO `products_specifications` (`product_id`, `name`, `value_id`) VALUES ('21', 'brand', '19');
INSERT INTO `products_specifications` (`product_id`, `name`, `value_id`) VALUES ('22', 'brand', '28');
INSERT INTO `products_specifications` (`product_id`, `name`, `value_id`) VALUES ('23', 'brand', '26');
INSERT INTO `products_specifications` (`product_id`, `name`, `value_id`) VALUES ('24', 'brand', '25');
INSERT INTO `products_specifications` (`product_id`, `name`, `value_id`) VALUES ('25', 'brand', '16');
INSERT INTO `products_specifications` (`product_id`, `name`, `value_id`) VALUES ('26', 'brand', '19');
INSERT INTO `products_specifications` (`product_id`, `name`, `value_id`) VALUES ('27', 'brand', '19');
INSERT INTO `products_specifications` (`product_id`, `name`, `value_id`) VALUES ('28', 'brand', '16');
INSERT INTO `products_specifications` (`product_id`, `name`, `value_id`) VALUES ('29', 'brand', '28');
INSERT INTO `products_specifications` (`product_id`, `name`, `value_id`) VALUES ('30', 'brand', '24');
INSERT INTO `products_specifications` (`product_id`, `name`, `value_id`) VALUES ('31', 'brand', '17');
INSERT INTO `products_specifications` (`product_id`, `name`, `value_id`) VALUES ('32', 'brand', '28');
INSERT INTO `products_specifications` (`product_id`, `name`, `value_id`) VALUES ('33', 'brand', '16');
INSERT INTO `products_specifications` (`product_id`, `name`, `value_id`) VALUES ('34', 'brand', '22');
INSERT INTO `products_specifications` (`product_id`, `name`, `value_id`) VALUES ('35', 'brand', '29');
INSERT INTO `products_specifications` (`product_id`, `name`, `value_id`) VALUES ('36', 'brand', '20');
INSERT INTO `products_specifications` (`product_id`, `name`, `value_id`) VALUES ('37', 'brand', '29');
INSERT INTO `products_specifications` (`product_id`, `name`, `value_id`) VALUES ('38', 'brand', '27');
INSERT INTO `products_specifications` (`product_id`, `name`, `value_id`) VALUES ('39', 'brand', '27');
INSERT INTO `products_specifications` (`product_id`, `name`, `value_id`) VALUES ('40', 'brand', '21');
INSERT INTO `products_specifications` (`product_id`, `name`, `value_id`) VALUES ('41', 'brand', '20');
INSERT INTO `products_specifications` (`product_id`, `name`, `value_id`) VALUES ('42', 'brand', '23');
INSERT INTO `products_specifications` (`product_id`, `name`, `value_id`) VALUES ('43', 'brand', '27');
INSERT INTO `products_specifications` (`product_id`, `name`, `value_id`) VALUES ('44', 'brand', '27');
INSERT INTO `products_specifications` (`product_id`, `name`, `value_id`) VALUES ('45', 'brand', '20');
INSERT INTO `products_specifications` (`product_id`, `name`, `value_id`) VALUES ('46', 'brand', '17');
INSERT INTO `products_specifications` (`product_id`, `name`, `value_id`) VALUES ('47', 'brand', '22');
INSERT INTO `products_specifications` (`product_id`, `name`, `value_id`) VALUES ('48', 'brand', '22');
INSERT INTO `products_specifications` (`product_id`, `name`, `value_id`) VALUES ('49', 'brand', '16');
INSERT INTO `products_specifications` (`product_id`, `name`, `value_id`) VALUES ('50', 'brand', '16');
INSERT INTO `products_specifications` (`product_id`, `name`, `value_id`) VALUES ('51', 'brand', '21');
INSERT INTO `products_specifications` (`product_id`, `name`, `value_id`) VALUES ('52', 'brand', '29');
INSERT INTO `products_specifications` (`product_id`, `name`, `value_id`) VALUES ('53', 'brand', '25');
INSERT INTO `products_specifications` (`product_id`, `name`, `value_id`) VALUES ('54', 'brand', '28');
INSERT INTO `products_specifications` (`product_id`, `name`, `value_id`) VALUES ('55', 'brand', '25');
INSERT INTO `products_specifications` (`product_id`, `name`, `value_id`) VALUES ('56', 'brand', '23');
INSERT INTO `products_specifications` (`product_id`, `name`, `value_id`) VALUES ('57', 'brand', '22');
INSERT INTO `products_specifications` (`product_id`, `name`, `value_id`) VALUES ('58', 'brand', '28');
INSERT INTO `products_specifications` (`product_id`, `name`, `value_id`) VALUES ('59', 'brand', '19');
INSERT INTO `products_specifications` (`product_id`, `name`, `value_id`) VALUES ('60', 'brand', '27');
INSERT INTO `products_specifications` (`product_id`, `name`, `value_id`) VALUES ('61', 'brand', '27');
INSERT INTO `products_specifications` (`product_id`, `name`, `value_id`) VALUES ('62', 'brand', '21');
INSERT INTO `products_specifications` (`product_id`, `name`, `value_id`) VALUES ('63', 'brand', '23');
INSERT INTO `products_specifications` (`product_id`, `name`, `value_id`) VALUES ('64', 'brand', '26');
INSERT INTO `products_specifications` (`product_id`, `name`, `value_id`) VALUES ('65', 'brand', '23');
INSERT INTO `products_specifications` (`product_id`, `name`, `value_id`) VALUES ('66', 'brand', '21');
INSERT INTO `products_specifications` (`product_id`, `name`, `value_id`) VALUES ('67', 'brand', '16');
INSERT INTO `products_specifications` (`product_id`, `name`, `value_id`) VALUES ('68', 'brand', '16');
INSERT INTO `products_specifications` (`product_id`, `name`, `value_id`) VALUES ('69', 'brand', '29');
INSERT INTO `products_specifications` (`product_id`, `name`, `value_id`) VALUES ('70', 'brand', '20');
INSERT INTO `products_specifications` (`product_id`, `name`, `value_id`) VALUES ('71', 'brand', '28');
INSERT INTO `products_specifications` (`product_id`, `name`, `value_id`) VALUES ('72', 'brand', '25');
INSERT INTO `products_specifications` (`product_id`, `name`, `value_id`) VALUES ('73', 'brand', '27');
INSERT INTO `products_specifications` (`product_id`, `name`, `value_id`) VALUES ('74', 'brand', '27');
INSERT INTO `products_specifications` (`product_id`, `name`, `value_id`) VALUES ('75', 'brand', '26');
INSERT INTO `products_specifications` (`product_id`, `name`, `value_id`) VALUES ('76', 'brand', '24');
INSERT INTO `products_specifications` (`product_id`, `name`, `value_id`) VALUES ('77', 'brand', '23');
INSERT INTO `products_specifications` (`product_id`, `name`, `value_id`) VALUES ('78', 'brand', '27');
INSERT INTO `products_specifications` (`product_id`, `name`, `value_id`) VALUES ('79', 'brand', '25');
INSERT INTO `products_specifications` (`product_id`, `name`, `value_id`) VALUES ('80', 'brand', '21');
INSERT INTO `products_specifications` (`product_id`, `name`, `value_id`) VALUES ('81', 'brand', '30');
INSERT INTO `products_specifications` (`product_id`, `name`, `value_id`) VALUES ('82', 'brand', '19');
INSERT INTO `products_specifications` (`product_id`, `name`, `value_id`) VALUES ('83', 'brand', '18');
INSERT INTO `products_specifications` (`product_id`, `name`, `value_id`) VALUES ('84', 'brand', '30');
INSERT INTO `products_specifications` (`product_id`, `name`, `value_id`) VALUES ('85', 'brand', '26');
INSERT INTO `products_specifications` (`product_id`, `name`, `value_id`) VALUES ('86', 'brand', '23');
INSERT INTO `products_specifications` (`product_id`, `name`, `value_id`) VALUES ('87', 'brand', '17');
INSERT INTO `products_specifications` (`product_id`, `name`, `value_id`) VALUES ('88', 'brand', '25');
INSERT INTO `products_specifications` (`product_id`, `name`, `value_id`) VALUES ('89', 'brand', '23');
INSERT INTO `products_specifications` (`product_id`, `name`, `value_id`) VALUES ('90', 'brand', '17');
INSERT INTO `products_specifications` (`product_id`, `name`, `value_id`) VALUES ('91', 'brand', '27');
INSERT INTO `products_specifications` (`product_id`, `name`, `value_id`) VALUES ('92', 'brand', '30');
INSERT INTO `products_specifications` (`product_id`, `name`, `value_id`) VALUES ('93', 'brand', '24');
INSERT INTO `products_specifications` (`product_id`, `name`, `value_id`) VALUES ('94', 'brand', '22');
INSERT INTO `products_specifications` (`product_id`, `name`, `value_id`) VALUES ('95', 'brand', '29');
INSERT INTO `products_specifications` (`product_id`, `name`, `value_id`) VALUES ('96', 'brand', '22');
INSERT INTO `products_specifications` (`product_id`, `name`, `value_id`) VALUES ('97', 'brand', '26');
INSERT INTO `products_specifications` (`product_id`, `name`, `value_id`) VALUES ('98', 'brand', '30');
INSERT INTO `products_specifications` (`product_id`, `name`, `value_id`) VALUES ('99', 'brand', '25');
INSERT INTO `products_specifications` (`product_id`, `name`, `value_id`) VALUES ('100', 'brand', '29');
INSERT INTO `products_specifications` (`product_id`, `name`, `value_id`) VALUES ('1', 'gender', '31');
INSERT INTO `products_specifications` (`product_id`, `name`, `value_id`) VALUES ('2', 'gender', '32');
INSERT INTO `products_specifications` (`product_id`, `name`, `value_id`) VALUES ('3', 'gender', '31');
INSERT INTO `products_specifications` (`product_id`, `name`, `value_id`) VALUES ('4', 'gender', '32');
INSERT INTO `products_specifications` (`product_id`, `name`, `value_id`) VALUES ('5', 'gender', '32');
INSERT INTO `products_specifications` (`product_id`, `name`, `value_id`) VALUES ('6', 'gender', '32');
INSERT INTO `products_specifications` (`product_id`, `name`, `value_id`) VALUES ('7', 'gender', '32');
INSERT INTO `products_specifications` (`product_id`, `name`, `value_id`) VALUES ('8', 'gender', '32');
INSERT INTO `products_specifications` (`product_id`, `name`, `value_id`) VALUES ('9', 'gender', '31');
INSERT INTO `products_specifications` (`product_id`, `name`, `value_id`) VALUES ('10', 'gender', '31');
INSERT INTO `products_specifications` (`product_id`, `name`, `value_id`) VALUES ('11', 'gender', '31');
INSERT INTO `products_specifications` (`product_id`, `name`, `value_id`) VALUES ('12', 'gender', '31');
INSERT INTO `products_specifications` (`product_id`, `name`, `value_id`) VALUES ('13', 'gender', '31');
INSERT INTO `products_specifications` (`product_id`, `name`, `value_id`) VALUES ('14', 'gender', '31');
INSERT INTO `products_specifications` (`product_id`, `name`, `value_id`) VALUES ('15', 'gender', '31');
INSERT INTO `products_specifications` (`product_id`, `name`, `value_id`) VALUES ('16', 'gender', '32');
INSERT INTO `products_specifications` (`product_id`, `name`, `value_id`) VALUES ('17', 'gender', '31');
INSERT INTO `products_specifications` (`product_id`, `name`, `value_id`) VALUES ('18', 'gender', '31');
INSERT INTO `products_specifications` (`product_id`, `name`, `value_id`) VALUES ('19', 'gender', '32');
INSERT INTO `products_specifications` (`product_id`, `name`, `value_id`) VALUES ('20', 'gender', '31');
INSERT INTO `products_specifications` (`product_id`, `name`, `value_id`) VALUES ('21', 'gender', '32');
INSERT INTO `products_specifications` (`product_id`, `name`, `value_id`) VALUES ('22', 'gender', '31');
INSERT INTO `products_specifications` (`product_id`, `name`, `value_id`) VALUES ('23', 'gender', '31');
INSERT INTO `products_specifications` (`product_id`, `name`, `value_id`) VALUES ('24', 'gender', '32');
INSERT INTO `products_specifications` (`product_id`, `name`, `value_id`) VALUES ('25', 'gender', '32');
INSERT INTO `products_specifications` (`product_id`, `name`, `value_id`) VALUES ('26', 'gender', '31');
INSERT INTO `products_specifications` (`product_id`, `name`, `value_id`) VALUES ('27', 'gender', '32');
INSERT INTO `products_specifications` (`product_id`, `name`, `value_id`) VALUES ('28', 'gender', '32');
INSERT INTO `products_specifications` (`product_id`, `name`, `value_id`) VALUES ('29', 'gender', '32');
INSERT INTO `products_specifications` (`product_id`, `name`, `value_id`) VALUES ('30', 'gender', '31');
INSERT INTO `products_specifications` (`product_id`, `name`, `value_id`) VALUES ('31', 'gender', '31');
INSERT INTO `products_specifications` (`product_id`, `name`, `value_id`) VALUES ('32', 'gender', '32');
INSERT INTO `products_specifications` (`product_id`, `name`, `value_id`) VALUES ('33', 'gender', '32');
INSERT INTO `products_specifications` (`product_id`, `name`, `value_id`) VALUES ('34', 'gender', '31');
INSERT INTO `products_specifications` (`product_id`, `name`, `value_id`) VALUES ('35', 'gender', '31');
INSERT INTO `products_specifications` (`product_id`, `name`, `value_id`) VALUES ('36', 'gender', '32');
INSERT INTO `products_specifications` (`product_id`, `name`, `value_id`) VALUES ('37', 'gender', '31');
INSERT INTO `products_specifications` (`product_id`, `name`, `value_id`) VALUES ('38', 'gender', '32');
INSERT INTO `products_specifications` (`product_id`, `name`, `value_id`) VALUES ('39', 'gender', '32');
INSERT INTO `products_specifications` (`product_id`, `name`, `value_id`) VALUES ('40', 'gender', '31');
INSERT INTO `products_specifications` (`product_id`, `name`, `value_id`) VALUES ('41', 'gender', '32');
INSERT INTO `products_specifications` (`product_id`, `name`, `value_id`) VALUES ('42', 'gender', '32');
INSERT INTO `products_specifications` (`product_id`, `name`, `value_id`) VALUES ('43', 'gender', '31');
INSERT INTO `products_specifications` (`product_id`, `name`, `value_id`) VALUES ('44', 'gender', '31');
INSERT INTO `products_specifications` (`product_id`, `name`, `value_id`) VALUES ('45', 'gender', '31');
INSERT INTO `products_specifications` (`product_id`, `name`, `value_id`) VALUES ('46', 'gender', '32');
INSERT INTO `products_specifications` (`product_id`, `name`, `value_id`) VALUES ('47', 'gender', '32');
INSERT INTO `products_specifications` (`product_id`, `name`, `value_id`) VALUES ('48', 'gender', '32');
INSERT INTO `products_specifications` (`product_id`, `name`, `value_id`) VALUES ('49', 'gender', '32');
INSERT INTO `products_specifications` (`product_id`, `name`, `value_id`) VALUES ('50', 'gender', '31');
INSERT INTO `products_specifications` (`product_id`, `name`, `value_id`) VALUES ('51', 'gender', '32');
INSERT INTO `products_specifications` (`product_id`, `name`, `value_id`) VALUES ('52', 'gender', '32');
INSERT INTO `products_specifications` (`product_id`, `name`, `value_id`) VALUES ('53', 'gender', '31');
INSERT INTO `products_specifications` (`product_id`, `name`, `value_id`) VALUES ('54', 'gender', '32');
INSERT INTO `products_specifications` (`product_id`, `name`, `value_id`) VALUES ('55', 'gender', '32');
INSERT INTO `products_specifications` (`product_id`, `name`, `value_id`) VALUES ('56', 'gender', '31');
INSERT INTO `products_specifications` (`product_id`, `name`, `value_id`) VALUES ('57', 'gender', '31');
INSERT INTO `products_specifications` (`product_id`, `name`, `value_id`) VALUES ('58', 'gender', '31');
INSERT INTO `products_specifications` (`product_id`, `name`, `value_id`) VALUES ('59', 'gender', '32');
INSERT INTO `products_specifications` (`product_id`, `name`, `value_id`) VALUES ('60', 'gender', '31');
INSERT INTO `products_specifications` (`product_id`, `name`, `value_id`) VALUES ('61', 'gender', '31');
INSERT INTO `products_specifications` (`product_id`, `name`, `value_id`) VALUES ('62', 'gender', '32');
INSERT INTO `products_specifications` (`product_id`, `name`, `value_id`) VALUES ('63', 'gender', '31');
INSERT INTO `products_specifications` (`product_id`, `name`, `value_id`) VALUES ('64', 'gender', '32');
INSERT INTO `products_specifications` (`product_id`, `name`, `value_id`) VALUES ('65', 'gender', '31');
INSERT INTO `products_specifications` (`product_id`, `name`, `value_id`) VALUES ('66', 'gender', '32');
INSERT INTO `products_specifications` (`product_id`, `name`, `value_id`) VALUES ('67', 'gender', '31');
INSERT INTO `products_specifications` (`product_id`, `name`, `value_id`) VALUES ('68', 'gender', '32');
INSERT INTO `products_specifications` (`product_id`, `name`, `value_id`) VALUES ('69', 'gender', '32');
INSERT INTO `products_specifications` (`product_id`, `name`, `value_id`) VALUES ('70', 'gender', '32');
INSERT INTO `products_specifications` (`product_id`, `name`, `value_id`) VALUES ('71', 'gender', '32');
INSERT INTO `products_specifications` (`product_id`, `name`, `value_id`) VALUES ('72', 'gender', '31');
INSERT INTO `products_specifications` (`product_id`, `name`, `value_id`) VALUES ('73', 'gender', '32');
INSERT INTO `products_specifications` (`product_id`, `name`, `value_id`) VALUES ('74', 'gender', '31');
INSERT INTO `products_specifications` (`product_id`, `name`, `value_id`) VALUES ('75', 'gender', '31');
INSERT INTO `products_specifications` (`product_id`, `name`, `value_id`) VALUES ('76', 'gender', '32');
INSERT INTO `products_specifications` (`product_id`, `name`, `value_id`) VALUES ('77', 'gender', '31');
INSERT INTO `products_specifications` (`product_id`, `name`, `value_id`) VALUES ('78', 'gender', '31');
INSERT INTO `products_specifications` (`product_id`, `name`, `value_id`) VALUES ('79', 'gender', '31');
INSERT INTO `products_specifications` (`product_id`, `name`, `value_id`) VALUES ('80', 'gender', '31');
INSERT INTO `products_specifications` (`product_id`, `name`, `value_id`) VALUES ('81', 'gender', '32');
INSERT INTO `products_specifications` (`product_id`, `name`, `value_id`) VALUES ('82', 'gender', '31');
INSERT INTO `products_specifications` (`product_id`, `name`, `value_id`) VALUES ('83', 'gender', '32');
INSERT INTO `products_specifications` (`product_id`, `name`, `value_id`) VALUES ('84', 'gender', '32');
INSERT INTO `products_specifications` (`product_id`, `name`, `value_id`) VALUES ('85', 'gender', '32');
INSERT INTO `products_specifications` (`product_id`, `name`, `value_id`) VALUES ('86', 'gender', '32');
INSERT INTO `products_specifications` (`product_id`, `name`, `value_id`) VALUES ('87', 'gender', '32');
INSERT INTO `products_specifications` (`product_id`, `name`, `value_id`) VALUES ('88', 'gender', '31');
INSERT INTO `products_specifications` (`product_id`, `name`, `value_id`) VALUES ('89', 'gender', '31');
INSERT INTO `products_specifications` (`product_id`, `name`, `value_id`) VALUES ('90', 'gender', '32');
INSERT INTO `products_specifications` (`product_id`, `name`, `value_id`) VALUES ('91', 'gender', '31');
INSERT INTO `products_specifications` (`product_id`, `name`, `value_id`) VALUES ('92', 'gender', '31');
INSERT INTO `products_specifications` (`product_id`, `name`, `value_id`) VALUES ('93', 'gender', '32');
INSERT INTO `products_specifications` (`product_id`, `name`, `value_id`) VALUES ('94', 'gender', '32');
INSERT INTO `products_specifications` (`product_id`, `name`, `value_id`) VALUES ('95', 'gender', '31');
INSERT INTO `products_specifications` (`product_id`, `name`, `value_id`) VALUES ('96', 'gender', '31');
INSERT INTO `products_specifications` (`product_id`, `name`, `value_id`) VALUES ('97', 'gender', '32');
INSERT INTO `products_specifications` (`product_id`, `name`, `value_id`) VALUES ('98', 'gender', '31');
INSERT INTO `products_specifications` (`product_id`, `name`, `value_id`) VALUES ('99', 'gender', '31');
INSERT INTO `products_specifications` (`product_id`, `name`, `value_id`) VALUES ('100', 'gender', '32');
/*media*/
INSERT INTO `media` (`product_id`, `filename`, `size`, `media_type`) VALUES ('1', 'http://lorempixel.com/640/480/', 6439, 'image');
INSERT INTO `media` (`product_id`, `filename`, `size`, `media_type`) VALUES ('2', 'http://lorempixel.com/640/480/', 5855, 'image');
INSERT INTO `media` (`product_id`, `filename`, `size`, `media_type`) VALUES ('3', 'http://lorempixel.com/640/480/', 5213, 'image');
INSERT INTO `media` (`product_id`, `filename`, `size`, `media_type`) VALUES ('4', 'http://lorempixel.com/640/480/', 6314, 'image');
INSERT INTO `media` (`product_id`, `filename`, `size`, `media_type`) VALUES ('5', 'http://lorempixel.com/640/480/', 6654, 'image');
INSERT INTO `media` (`product_id`, `filename`, `size`, `media_type`) VALUES ('6', 'http://lorempixel.com/640/480/', 5088, 'image');
INSERT INTO `media` (`product_id`, `filename`, `size`, `media_type`) VALUES ('7', 'http://lorempixel.com/640/480/', 5774, 'image');
INSERT INTO `media` (`product_id`, `filename`, `size`, `media_type`) VALUES ('8', 'http://lorempixel.com/640/480/', 5267, 'image');
INSERT INTO `media` (`product_id`, `filename`, `size`, `media_type`) VALUES ('9', 'http://lorempixel.com/640/480/', 5334, 'image');
INSERT INTO `media` (`product_id`, `filename`, `size`, `media_type`) VALUES ('10', 'http://lorempixel.com/640/480/', 5527, 'image');
INSERT INTO `media` (`product_id`, `filename`, `size`, `media_type`) VALUES ('11', 'http://lorempixel.com/640/480/', 5820, 'image');
INSERT INTO `media` (`product_id`, `filename`, `size`, `media_type`) VALUES ('12', 'http://lorempixel.com/640/480/', 6008, 'image');
INSERT INTO `media` (`product_id`, `filename`, `size`, `media_type`) VALUES ('13', 'http://lorempixel.com/640/480/', 5378, 'image');
INSERT INTO `media` (`product_id`, `filename`, `size`, `media_type`) VALUES ('14', 'http://lorempixel.com/640/480/', 6909, 'image');
INSERT INTO `media` (`product_id`, `filename`, `size`, `media_type`) VALUES ('15', 'http://lorempixel.com/640/480/', 6306, 'image');
INSERT INTO `media` (`product_id`, `filename`, `size`, `media_type`) VALUES ('16', 'http://lorempixel.com/640/480/', 5701, 'image');
INSERT INTO `media` (`product_id`, `filename`, `size`, `media_type`) VALUES ('17', 'http://lorempixel.com/640/480/', 6129, 'image');
INSERT INTO `media` (`product_id`, `filename`, `size`, `media_type`) VALUES ('18', 'http://lorempixel.com/640/480/', 6510, 'image');
INSERT INTO `media` (`product_id`, `filename`, `size`, `media_type`) VALUES ('19', 'http://lorempixel.com/640/480/', 5990, 'image');
INSERT INTO `media` (`product_id`, `filename`, `size`, `media_type`) VALUES ('20', 'http://lorempixel.com/640/480/', 5869, 'image');
INSERT INTO `media` (`product_id`, `filename`, `size`, `media_type`) VALUES ('21', 'http://lorempixel.com/640/480/', 5871, 'image');
INSERT INTO `media` (`product_id`, `filename`, `size`, `media_type`) VALUES ('22', 'http://lorempixel.com/640/480/', 5721, 'image');
INSERT INTO `media` (`product_id`, `filename`, `size`, `media_type`) VALUES ('23', 'http://lorempixel.com/640/480/', 6848, 'image');
INSERT INTO `media` (`product_id`, `filename`, `size`, `media_type`) VALUES ('24', 'http://lorempixel.com/640/480/', 6738, 'image');
INSERT INTO `media` (`product_id`, `filename`, `size`, `media_type`) VALUES ('25', 'http://lorempixel.com/640/480/', 5385, 'image');
INSERT INTO `media` (`product_id`, `filename`, `size`, `media_type`) VALUES ('26', 'http://lorempixel.com/640/480/', 5303, 'image');
INSERT INTO `media` (`product_id`, `filename`, `size`, `media_type`) VALUES ('27', 'http://lorempixel.com/640/480/', 5870, 'image');
INSERT INTO `media` (`product_id`, `filename`, `size`, `media_type`) VALUES ('28', 'http://lorempixel.com/640/480/', 5259, 'image');
INSERT INTO `media` (`product_id`, `filename`, `size`, `media_type`) VALUES ('29', 'http://lorempixel.com/640/480/', 5816, 'image');
INSERT INTO `media` (`product_id`, `filename`, `size`, `media_type`) VALUES ('30', 'http://lorempixel.com/640/480/', 5170, 'image');
INSERT INTO `media` (`product_id`, `filename`, `size`, `media_type`) VALUES ('31', 'http://lorempixel.com/640/480/', 5071, 'image');
INSERT INTO `media` (`product_id`, `filename`, `size`, `media_type`) VALUES ('32', 'http://lorempixel.com/640/480/', 5460, 'image');
INSERT INTO `media` (`product_id`, `filename`, `size`, `media_type`) VALUES ('33', 'http://lorempixel.com/640/480/', 6711, 'image');
INSERT INTO `media` (`product_id`, `filename`, `size`, `media_type`) VALUES ('34', 'http://lorempixel.com/640/480/', 6702, 'image');
INSERT INTO `media` (`product_id`, `filename`, `size`, `media_type`) VALUES ('35', 'http://lorempixel.com/640/480/', 5521, 'image');
INSERT INTO `media` (`product_id`, `filename`, `size`, `media_type`) VALUES ('36', 'http://lorempixel.com/640/480/', 5310, 'image');
INSERT INTO `media` (`product_id`, `filename`, `size`, `media_type`) VALUES ('37', 'http://lorempixel.com/640/480/', 5293, 'image');
INSERT INTO `media` (`product_id`, `filename`, `size`, `media_type`) VALUES ('38', 'http://lorempixel.com/640/480/', 5980, 'image');
INSERT INTO `media` (`product_id`, `filename`, `size`, `media_type`) VALUES ('39', 'http://lorempixel.com/640/480/', 6621, 'image');
INSERT INTO `media` (`product_id`, `filename`, `size`, `media_type`) VALUES ('40', 'http://lorempixel.com/640/480/', 5844, 'image');
INSERT INTO `media` (`product_id`, `filename`, `size`, `media_type`) VALUES ('41', 'http://lorempixel.com/640/480/', 6157, 'image');
INSERT INTO `media` (`product_id`, `filename`, `size`, `media_type`) VALUES ('42', 'http://lorempixel.com/640/480/', 5505, 'image');
INSERT INTO `media` (`product_id`, `filename`, `size`, `media_type`) VALUES ('43', 'http://lorempixel.com/640/480/', 6878, 'image');
INSERT INTO `media` (`product_id`, `filename`, `size`, `media_type`) VALUES ('44', 'http://lorempixel.com/640/480/', 6913, 'image');
INSERT INTO `media` (`product_id`, `filename`, `size`, `media_type`) VALUES ('45', 'http://lorempixel.com/640/480/', 5738, 'image');
INSERT INTO `media` (`product_id`, `filename`, `size`, `media_type`) VALUES ('46', 'http://lorempixel.com/640/480/', 6489, 'image');
INSERT INTO `media` (`product_id`, `filename`, `size`, `media_type`) VALUES ('47', 'http://lorempixel.com/640/480/', 6485, 'image');
INSERT INTO `media` (`product_id`, `filename`, `size`, `media_type`) VALUES ('48', 'http://lorempixel.com/640/480/', 6172, 'image');
INSERT INTO `media` (`product_id`, `filename`, `size`, `media_type`) VALUES ('49', 'http://lorempixel.com/640/480/', 5243, 'image');
INSERT INTO `media` (`product_id`, `filename`, `size`, `media_type`) VALUES ('50', 'http://lorempixel.com/640/480/', 5907, 'image');
INSERT INTO `media` (`product_id`, `filename`, `size`, `media_type`) VALUES ('51', 'http://lorempixel.com/640/480/', 6250, 'image');
INSERT INTO `media` (`product_id`, `filename`, `size`, `media_type`) VALUES ('52', 'http://lorempixel.com/640/480/', 5641, 'image');
INSERT INTO `media` (`product_id`, `filename`, `size`, `media_type`) VALUES ('53', 'http://lorempixel.com/640/480/', 5693, 'image');
INSERT INTO `media` (`product_id`, `filename`, `size`, `media_type`) VALUES ('54', 'http://lorempixel.com/640/480/', 5918, 'image');
INSERT INTO `media` (`product_id`, `filename`, `size`, `media_type`) VALUES ('55', 'http://lorempixel.com/640/480/', 6043, 'image');
INSERT INTO `media` (`product_id`, `filename`, `size`, `media_type`) VALUES ('56', 'http://lorempixel.com/640/480/', 5895, 'image');
INSERT INTO `media` (`product_id`, `filename`, `size`, `media_type`) VALUES ('57', 'http://lorempixel.com/640/480/', 5741, 'image');
INSERT INTO `media` (`product_id`, `filename`, `size`, `media_type`) VALUES ('58', 'http://lorempixel.com/640/480/', 6728, 'image');
INSERT INTO `media` (`product_id`, `filename`, `size`, `media_type`) VALUES ('59', 'http://lorempixel.com/640/480/', 6655, 'image');
INSERT INTO `media` (`product_id`, `filename`, `size`, `media_type`) VALUES ('60', 'http://lorempixel.com/640/480/', 6206, 'image');
INSERT INTO `media` (`product_id`, `filename`, `size`, `media_type`) VALUES ('61', 'http://lorempixel.com/640/480/', 6113, 'image');
INSERT INTO `media` (`product_id`, `filename`, `size`, `media_type`) VALUES ('62', 'http://lorempixel.com/640/480/', 6731, 'image');
INSERT INTO `media` (`product_id`, `filename`, `size`, `media_type`) VALUES ('63', 'http://lorempixel.com/640/480/', 6328, 'image');
INSERT INTO `media` (`product_id`, `filename`, `size`, `media_type`) VALUES ('64', 'http://lorempixel.com/640/480/', 5301, 'image');
INSERT INTO `media` (`product_id`, `filename`, `size`, `media_type`) VALUES ('65', 'http://lorempixel.com/640/480/', 6925, 'image');
INSERT INTO `media` (`product_id`, `filename`, `size`, `media_type`) VALUES ('66', 'http://lorempixel.com/640/480/', 6684, 'image');
INSERT INTO `media` (`product_id`, `filename`, `size`, `media_type`) VALUES ('67', 'http://lorempixel.com/640/480/', 6781, 'image');
INSERT INTO `media` (`product_id`, `filename`, `size`, `media_type`) VALUES ('68', 'http://lorempixel.com/640/480/', 6020, 'image');
INSERT INTO `media` (`product_id`, `filename`, `size`, `media_type`) VALUES ('69', 'http://lorempixel.com/640/480/', 6679, 'image');
INSERT INTO `media` (`product_id`, `filename`, `size`, `media_type`) VALUES ('70', 'http://lorempixel.com/640/480/', 5056, 'image');
INSERT INTO `media` (`product_id`, `filename`, `size`, `media_type`) VALUES ('71', 'http://lorempixel.com/640/480/', 5937, 'image');
INSERT INTO `media` (`product_id`, `filename`, `size`, `media_type`) VALUES ('72', 'http://lorempixel.com/640/480/', 6050, 'image');
INSERT INTO `media` (`product_id`, `filename`, `size`, `media_type`) VALUES ('73', 'http://lorempixel.com/640/480/', 5491, 'image');
INSERT INTO `media` (`product_id`, `filename`, `size`, `media_type`) VALUES ('74', 'http://lorempixel.com/640/480/', 6322, 'image');
INSERT INTO `media` (`product_id`, `filename`, `size`, `media_type`) VALUES ('75', 'http://lorempixel.com/640/480/', 5309, 'image');
INSERT INTO `media` (`product_id`, `filename`, `size`, `media_type`) VALUES ('76', 'http://lorempixel.com/640/480/', 5710, 'image');
INSERT INTO `media` (`product_id`, `filename`, `size`, `media_type`) VALUES ('77', 'http://lorempixel.com/640/480/', 5113, 'image');
INSERT INTO `media` (`product_id`, `filename`, `size`, `media_type`) VALUES ('78', 'http://lorempixel.com/640/480/', 6227, 'image');
INSERT INTO `media` (`product_id`, `filename`, `size`, `media_type`) VALUES ('79', 'http://lorempixel.com/640/480/', 6153, 'image');
INSERT INTO `media` (`product_id`, `filename`, `size`, `media_type`) VALUES ('80', 'http://lorempixel.com/640/480/', 6928, 'image');
INSERT INTO `media` (`product_id`, `filename`, `size`, `media_type`) VALUES ('81', 'http://lorempixel.com/640/480/', 6724, 'image');
INSERT INTO `media` (`product_id`, `filename`, `size`, `media_type`) VALUES ('82', 'http://lorempixel.com/640/480/', 6319, 'image');
INSERT INTO `media` (`product_id`, `filename`, `size`, `media_type`) VALUES ('83', 'http://lorempixel.com/640/480/', 5475, 'image');
INSERT INTO `media` (`product_id`, `filename`, `size`, `media_type`) VALUES ('84', 'http://lorempixel.com/640/480/', 6435, 'image');
INSERT INTO `media` (`product_id`, `filename`, `size`, `media_type`) VALUES ('85', 'http://lorempixel.com/640/480/', 6199, 'image');
INSERT INTO `media` (`product_id`, `filename`, `size`, `media_type`) VALUES ('86', 'http://lorempixel.com/640/480/', 5255, 'image');
INSERT INTO `media` (`product_id`, `filename`, `size`, `media_type`) VALUES ('87', 'http://lorempixel.com/640/480/', 5405, 'image');
INSERT INTO `media` (`product_id`, `filename`, `size`, `media_type`) VALUES ('88', 'http://lorempixel.com/640/480/', 6011, 'image');
INSERT INTO `media` (`product_id`, `filename`, `size`, `media_type`) VALUES ('89', 'http://lorempixel.com/640/480/', 5414, 'image');
INSERT INTO `media` (`product_id`, `filename`, `size`, `media_type`) VALUES ('90', 'http://lorempixel.com/640/480/', 5133, 'image');
INSERT INTO `media` (`product_id`, `filename`, `size`, `media_type`) VALUES ('91', 'http://lorempixel.com/640/480/', 6917, 'image');
INSERT INTO `media` (`product_id`, `filename`, `size`, `media_type`) VALUES ('92', 'http://lorempixel.com/640/480/', 5205, 'image');
INSERT INTO `media` (`product_id`, `filename`, `size`, `media_type`) VALUES ('93', 'http://lorempixel.com/640/480/', 6230, 'image');
INSERT INTO `media` (`product_id`, `filename`, `size`, `media_type`) VALUES ('94', 'http://lorempixel.com/640/480/', 6407, 'image');
INSERT INTO `media` (`product_id`, `filename`, `size`, `media_type`) VALUES ('95', 'http://lorempixel.com/640/480/', 5282, 'image');
INSERT INTO `media` (`product_id`, `filename`, `size`, `media_type`) VALUES ('96', 'http://lorempixel.com/640/480/', 5750, 'image');
INSERT INTO `media` (`product_id`, `filename`, `size`, `media_type`) VALUES ('97', 'http://lorempixel.com/640/480/', 5338, 'image');
INSERT INTO `media` (`product_id`, `filename`, `size`, `media_type`) VALUES ('98', 'http://lorempixel.com/640/480/', 6290, 'image');
INSERT INTO `media` (`product_id`, `filename`, `size`, `media_type`) VALUES ('99', 'http://lorempixel.com/640/480/', 6836, 'image');
INSERT INTO `media` (`product_id`, `filename`, `size`, `media_type`) VALUES ('100', 'http://lorempixel.com/640/480/', 6831, 'image');
INSERT INTO `media` (`product_id`, `filename`, `size`, `media_type`) VALUES ('21', 'http://www.keebler.com/', 8413, 'video');
INSERT INTO `media` (`product_id`, `filename`, `size`, `media_type`) VALUES ('22', 'http://www.auer.org/', 8853, 'video');
INSERT INTO `media` (`product_id`, `filename`, `size`, `media_type`) VALUES ('23', 'http://shanahan.com/', 8555, 'video');
INSERT INTO `media` (`product_id`, `filename`, `size`, `media_type`) VALUES ('24', 'http://hamillrolfson.com/', 8723, 'video');
INSERT INTO `media` (`product_id`, `filename`, `size`, `media_type`) VALUES ('25', 'http://orn.com/', 7010, 'video');
INSERT INTO `media` (`product_id`, `filename`, `size`, `media_type`) VALUES ('26', 'http://boehm.net/', 7499, 'video');
INSERT INTO `media` (`product_id`, `filename`, `size`, `media_type`) VALUES ('27', 'http://www.batz.com/', 8874, 'video');
INSERT INTO `media` (`product_id`, `filename`, `size`, `media_type`) VALUES ('28', 'http://www.pollich.biz/', 9756, 'video');
INSERT INTO `media` (`product_id`, `filename`, `size`, `media_type`) VALUES ('29', 'http://www.mraz.com/', 9309, 'video');
INSERT INTO `media` (`product_id`, `filename`, `size`, `media_type`) VALUES ('30', 'http://cummerata.com/', 8515, 'video');
INSERT INTO `media` (`product_id`, `filename`, `size`, `media_type`) VALUES ('31', 'http://barrowscassin.com/', 9253, 'video');
INSERT INTO `media` (`product_id`, `filename`, `size`, `media_type`) VALUES ('32', 'http://walter.com/', 7535, 'video');
INSERT INTO `media` (`product_id`, `filename`, `size`, `media_type`) VALUES ('33', 'http://braun.org/', 9718, 'video');
INSERT INTO `media` (`product_id`, `filename`, `size`, `media_type`) VALUES ('34', 'http://kassulkeschoen.com/', 8395, 'video');
INSERT INTO `media` (`product_id`, `filename`, `size`, `media_type`) VALUES ('35', 'http://carrollanderson.info/', 7603, 'video');
INSERT INTO `media` (`product_id`, `filename`, `size`, `media_type`) VALUES ('36', 'http://www.greenholt.com/', 9082, 'video');
INSERT INTO `media` (`product_id`, `filename`, `size`, `media_type`) VALUES ('37', 'http://mcglynn.info/', 7452, 'video');
INSERT INTO `media` (`product_id`, `filename`, `size`, `media_type`) VALUES ('38', 'http://crist.com/', 7369, 'video');
INSERT INTO `media` (`product_id`, `filename`, `size`, `media_type`) VALUES ('39', 'http://www.parker.com/', 7067, 'video');
INSERT INTO `media` (`product_id`, `filename`, `size`, `media_type`) VALUES ('40', 'http://wunschprice.com/', 7228, 'video');
INSERT INTO `media` (`product_id`, `filename`, `size`, `media_type`) VALUES ('41', 'http://www.hilll.com/', 9525, 'video');
INSERT INTO `media` (`product_id`, `filename`, `size`, `media_type`) VALUES ('42', 'http://www.marks.com/', 9686, 'video');
INSERT INTO `media` (`product_id`, `filename`, `size`, `media_type`) VALUES ('43', 'http://dubuque.com/', 9989, 'video');
INSERT INTO `media` (`product_id`, `filename`, `size`, `media_type`) VALUES ('44', 'http://www.krajcik.biz/', 7940, 'video');
INSERT INTO `media` (`product_id`, `filename`, `size`, `media_type`) VALUES ('45', 'http://www.medhurst.com/', 7929, 'video');
INSERT INTO `media` (`product_id`, `filename`, `size`, `media_type`) VALUES ('46', 'http://blandawolff.com/', 7595, 'video');
INSERT INTO `media` (`product_id`, `filename`, `size`, `media_type`) VALUES ('47', 'http://okon.com/', 9885, 'video');
INSERT INTO `media` (`product_id`, `filename`, `size`, `media_type`) VALUES ('48', 'http://keebler.biz/', 9783, 'video');
INSERT INTO `media` (`product_id`, `filename`, `size`, `media_type`) VALUES ('49', 'http://kilbackpagac.com/', 9496, 'video');
INSERT INTO `media` (`product_id`, `filename`, `size`, `media_type`) VALUES ('50', 'http://mcdermottfarrell.biz/', 9397, 'video');
INSERT INTO `media` (`product_id`, `filename`, `size`, `media_type`) VALUES ('51', 'http://streichshields.com/', 7580, 'video');
INSERT INTO `media` (`product_id`, `filename`, `size`, `media_type`) VALUES ('52', 'http://goldnerkerluke.biz/', 9544, 'video');
INSERT INTO `media` (`product_id`, `filename`, `size`, `media_type`) VALUES ('53', 'http://daviszulauf.org/', 9121, 'video');
INSERT INTO `media` (`product_id`, `filename`, `size`, `media_type`) VALUES ('54', 'http://powlowskikeeling.com/', 9037, 'video');
INSERT INTO `media` (`product_id`, `filename`, `size`, `media_type`) VALUES ('55', 'http://www.mosciski.biz/', 7268, 'video');
INSERT INTO `media` (`product_id`, `filename`, `size`, `media_type`) VALUES ('56', 'http://www.hickle.com/', 9188, 'video');
INSERT INTO `media` (`product_id`, `filename`, `size`, `media_type`) VALUES ('57', 'http://www.hamillrogahn.info/', 9701, 'video');
INSERT INTO `media` (`product_id`, `filename`, `size`, `media_type`) VALUES ('58', 'http://haagschneider.biz/', 9877, 'video');
INSERT INTO `media` (`product_id`, `filename`, `size`, `media_type`) VALUES ('59', 'http://www.spinka.com/', 8883, 'video');
INSERT INTO `media` (`product_id`, `filename`, `size`, `media_type`) VALUES ('60', 'http://www.kunze.com/', 8890, 'video');
INSERT INTO `media` (`product_id`, `filename`, `size`, `media_type`) VALUES ('61', 'http://torphyosinski.com/', 8765, 'video');
INSERT INTO `media` (`product_id`, `filename`, `size`, `media_type`) VALUES ('62', 'http://stiedemann.com/', 8735, 'video');
INSERT INTO `media` (`product_id`, `filename`, `size`, `media_type`) VALUES ('63', 'http://www.nikolaus.com/', 7105, 'video');
INSERT INTO `media` (`product_id`, `filename`, `size`, `media_type`) VALUES ('64', 'http://jacobi.info/', 7555, 'video');
INSERT INTO `media` (`product_id`, `filename`, `size`, `media_type`) VALUES ('65', 'http://russellebsack.biz/', 9564, 'video');
INSERT INTO `media` (`product_id`, `filename`, `size`, `media_type`) VALUES ('66', 'http://www.murray.com/', 9634, 'video');
INSERT INTO `media` (`product_id`, `filename`, `size`, `media_type`) VALUES ('67', 'http://www.sauer.com/', 8934, 'video');
INSERT INTO `media` (`product_id`, `filename`, `size`, `media_type`) VALUES ('68', 'http://zulauf.info/', 7722, 'video');
INSERT INTO `media` (`product_id`, `filename`, `size`, `media_type`) VALUES ('69', 'http://hoppe.com/', 7989, 'video');
INSERT INTO `media` (`product_id`, `filename`, `size`, `media_type`) VALUES ('70', 'http://robertsframi.org/', 8552, 'video');
INSERT INTO `media` (`product_id`, `filename`, `size`, `media_type`) VALUES ('71', 'http://www.cronin.com/', 7056, 'video');
INSERT INTO `media` (`product_id`, `filename`, `size`, `media_type`) VALUES ('72', 'http://wisozk.org/', 8471, 'video');
INSERT INTO `media` (`product_id`, `filename`, `size`, `media_type`) VALUES ('73', 'http://www.effertzwelch.org/', 7042, 'video');
INSERT INTO `media` (`product_id`, `filename`, `size`, `media_type`) VALUES ('74', 'http://www.kertzmannrohan.biz/', 7005, 'video');
INSERT INTO `media` (`product_id`, `filename`, `size`, `media_type`) VALUES ('75', 'http://mullermccullough.com/', 8278, 'video');
INSERT INTO `media` (`product_id`, `filename`, `size`, `media_type`) VALUES ('76', 'http://www.mckenziewilliamson.net/', 7584, 'video');
INSERT INTO `media` (`product_id`, `filename`, `size`, `media_type`) VALUES ('77', 'http://www.damore.net/', 7229, 'video');
INSERT INTO `media` (`product_id`, `filename`, `size`, `media_type`) VALUES ('78', 'http://boganweissnat.net/', 9106, 'video');
INSERT INTO `media` (`product_id`, `filename`, `size`, `media_type`) VALUES ('79', 'http://wiegand.com/', 7056, 'video');
INSERT INTO `media` (`product_id`, `filename`, `size`, `media_type`) VALUES ('80', 'http://www.bins.biz/', 7393, 'video');
/*prices*/
INSERT INTO `prices` (`product_id`, `price_type`, `price`) VALUES ('1', 'normal', '2455.58');
INSERT INTO `prices` (`product_id`, `price_type`, `price`) VALUES ('2', 'normal', '556.32');
INSERT INTO `prices` (`product_id`, `price_type`, `price`) VALUES ('3', 'normal', '1802.21');
INSERT INTO `prices` (`product_id`, `price_type`, `price`) VALUES ('4', 'normal', '4270.94');
INSERT INTO `prices` (`product_id`, `price_type`, `price`) VALUES ('5', 'normal', '1300.91');
INSERT INTO `prices` (`product_id`, `price_type`, `price`) VALUES ('6', 'normal', '4384.68');
INSERT INTO `prices` (`product_id`, `price_type`, `price`) VALUES ('7', 'normal', '1298.26');
INSERT INTO `prices` (`product_id`, `price_type`, `price`) VALUES ('8', 'normal', '3017.35');
INSERT INTO `prices` (`product_id`, `price_type`, `price`) VALUES ('9', 'normal', '4996.53');
INSERT INTO `prices` (`product_id`, `price_type`, `price`) VALUES ('10', 'normal', '4227.86');
INSERT INTO `prices` (`product_id`, `price_type`, `price`) VALUES ('11', 'normal', '4593.08');
INSERT INTO `prices` (`product_id`, `price_type`, `price`) VALUES ('12', 'normal', '4137.3');
INSERT INTO `prices` (`product_id`, `price_type`, `price`) VALUES ('13', 'normal', '3729.85');
INSERT INTO `prices` (`product_id`, `price_type`, `price`) VALUES ('14', 'normal', '2528.52');
INSERT INTO `prices` (`product_id`, `price_type`, `price`) VALUES ('15', 'normal', '2594.98');
INSERT INTO `prices` (`product_id`, `price_type`, `price`) VALUES ('16', 'normal', '4061.06');
INSERT INTO `prices` (`product_id`, `price_type`, `price`) VALUES ('17', 'normal', '1370.65');
INSERT INTO `prices` (`product_id`, `price_type`, `price`) VALUES ('18', 'normal', '4769.95');
INSERT INTO `prices` (`product_id`, `price_type`, `price`) VALUES ('19', 'normal', '3824.01');
INSERT INTO `prices` (`product_id`, `price_type`, `price`) VALUES ('20', 'normal', '3471.09');
INSERT INTO `prices` (`product_id`, `price_type`, `price`) VALUES ('21', 'normal', '3166.68');
INSERT INTO `prices` (`product_id`, `price_type`, `price`) VALUES ('22', 'normal', '4513.2');
INSERT INTO `prices` (`product_id`, `price_type`, `price`) VALUES ('23', 'normal', '544.81');
INSERT INTO `prices` (`product_id`, `price_type`, `price`) VALUES ('24', 'normal', '4573');
INSERT INTO `prices` (`product_id`, `price_type`, `price`) VALUES ('25', 'normal', '4318.91');
INSERT INTO `prices` (`product_id`, `price_type`, `price`) VALUES ('26', 'normal', '4593.69');
INSERT INTO `prices` (`product_id`, `price_type`, `price`) VALUES ('27', 'normal', '4087.4');
INSERT INTO `prices` (`product_id`, `price_type`, `price`) VALUES ('28', 'normal', '2962.65');
INSERT INTO `prices` (`product_id`, `price_type`, `price`) VALUES ('29', 'normal', '952.43');
INSERT INTO `prices` (`product_id`, `price_type`, `price`) VALUES ('30', 'normal', '4078.33');
INSERT INTO `prices` (`product_id`, `price_type`, `price`) VALUES ('31', 'normal', '3172.32');
INSERT INTO `prices` (`product_id`, `price_type`, `price`) VALUES ('32', 'normal', '3575.45');
INSERT INTO `prices` (`product_id`, `price_type`, `price`) VALUES ('33', 'normal', '1112.38');
INSERT INTO `prices` (`product_id`, `price_type`, `price`) VALUES ('34', 'normal', '2616.02');
INSERT INTO `prices` (`product_id`, `price_type`, `price`) VALUES ('35', 'normal', '3046.7');
INSERT INTO `prices` (`product_id`, `price_type`, `price`) VALUES ('36', 'normal', '4789.71');
INSERT INTO `prices` (`product_id`, `price_type`, `price`) VALUES ('37', 'normal', '3619.67');
INSERT INTO `prices` (`product_id`, `price_type`, `price`) VALUES ('38', 'normal', '1132.57');
INSERT INTO `prices` (`product_id`, `price_type`, `price`) VALUES ('39', 'normal', '1324.83');
INSERT INTO `prices` (`product_id`, `price_type`, `price`) VALUES ('40', 'normal', '4296.35');
INSERT INTO `prices` (`product_id`, `price_type`, `price`) VALUES ('41', 'normal', '3799.93');
INSERT INTO `prices` (`product_id`, `price_type`, `price`) VALUES ('42', 'normal', '2013.51');
INSERT INTO `prices` (`product_id`, `price_type`, `price`) VALUES ('43', 'normal', '1032.33');
INSERT INTO `prices` (`product_id`, `price_type`, `price`) VALUES ('44', 'normal', '4575.03');
INSERT INTO `prices` (`product_id`, `price_type`, `price`) VALUES ('45', 'normal', '4995.14');
INSERT INTO `prices` (`product_id`, `price_type`, `price`) VALUES ('46', 'normal', '2242.45');
INSERT INTO `prices` (`product_id`, `price_type`, `price`) VALUES ('47', 'normal', '1762.52');
INSERT INTO `prices` (`product_id`, `price_type`, `price`) VALUES ('48', 'normal', '3514.23');
INSERT INTO `prices` (`product_id`, `price_type`, `price`) VALUES ('49', 'normal', '1508.71');
INSERT INTO `prices` (`product_id`, `price_type`, `price`) VALUES ('50', 'normal', '3734.35');
INSERT INTO `prices` (`product_id`, `price_type`, `price`) VALUES ('51', 'normal', '756.86');
INSERT INTO `prices` (`product_id`, `price_type`, `price`) VALUES ('52', 'normal', '4906.42');
INSERT INTO `prices` (`product_id`, `price_type`, `price`) VALUES ('53', 'normal', '3559.39');
INSERT INTO `prices` (`product_id`, `price_type`, `price`) VALUES ('54', 'normal', '4129.25');
INSERT INTO `prices` (`product_id`, `price_type`, `price`) VALUES ('55', 'normal', '4111.8');
INSERT INTO `prices` (`product_id`, `price_type`, `price`) VALUES ('56', 'normal', '1232.94');
INSERT INTO `prices` (`product_id`, `price_type`, `price`) VALUES ('57', 'normal', '3680.11');
INSERT INTO `prices` (`product_id`, `price_type`, `price`) VALUES ('58', 'normal', '1417.19');
INSERT INTO `prices` (`product_id`, `price_type`, `price`) VALUES ('59', 'normal', '2105.39');
INSERT INTO `prices` (`product_id`, `price_type`, `price`) VALUES ('60', 'normal', '1044.47');
INSERT INTO `prices` (`product_id`, `price_type`, `price`) VALUES ('61', 'normal', '693.7');
INSERT INTO `prices` (`product_id`, `price_type`, `price`) VALUES ('62', 'normal', '3163.53');
INSERT INTO `prices` (`product_id`, `price_type`, `price`) VALUES ('63', 'normal', '1838.36');
INSERT INTO `prices` (`product_id`, `price_type`, `price`) VALUES ('64', 'normal', '4877.4');
INSERT INTO `prices` (`product_id`, `price_type`, `price`) VALUES ('65', 'normal', '3280.11');
INSERT INTO `prices` (`product_id`, `price_type`, `price`) VALUES ('66', 'normal', '2796.35');
INSERT INTO `prices` (`product_id`, `price_type`, `price`) VALUES ('67', 'normal', '4829.98');
INSERT INTO `prices` (`product_id`, `price_type`, `price`) VALUES ('68', 'normal', '2970.16');
INSERT INTO `prices` (`product_id`, `price_type`, `price`) VALUES ('69', 'normal', '4899.75');
INSERT INTO `prices` (`product_id`, `price_type`, `price`) VALUES ('70', 'normal', '2406.56');
INSERT INTO `prices` (`product_id`, `price_type`, `price`) VALUES ('71', 'normal', '3757.1');
INSERT INTO `prices` (`product_id`, `price_type`, `price`) VALUES ('72', 'normal', '2315.46');
INSERT INTO `prices` (`product_id`, `price_type`, `price`) VALUES ('73', 'normal', '924.87');
INSERT INTO `prices` (`product_id`, `price_type`, `price`) VALUES ('74', 'normal', '1598.47');
INSERT INTO `prices` (`product_id`, `price_type`, `price`) VALUES ('75', 'normal', '4041.83');
INSERT INTO `prices` (`product_id`, `price_type`, `price`) VALUES ('76', 'normal', '1254.62');
INSERT INTO `prices` (`product_id`, `price_type`, `price`) VALUES ('77', 'normal', '1880.66');
INSERT INTO `prices` (`product_id`, `price_type`, `price`) VALUES ('78', 'normal', '1295.4');
INSERT INTO `prices` (`product_id`, `price_type`, `price`) VALUES ('79', 'normal', '1713.48');
INSERT INTO `prices` (`product_id`, `price_type`, `price`) VALUES ('80', 'normal', '4366.32');
INSERT INTO `prices` (`product_id`, `price_type`, `price`) VALUES ('81', 'normal', '4666.92');
INSERT INTO `prices` (`product_id`, `price_type`, `price`) VALUES ('82', 'normal', '1237.18');
INSERT INTO `prices` (`product_id`, `price_type`, `price`) VALUES ('83', 'normal', '2383.6');
INSERT INTO `prices` (`product_id`, `price_type`, `price`) VALUES ('84', 'normal', '4407.37');
INSERT INTO `prices` (`product_id`, `price_type`, `price`) VALUES ('85', 'normal', '3053.83');
INSERT INTO `prices` (`product_id`, `price_type`, `price`) VALUES ('86', 'normal', '4709.83');
INSERT INTO `prices` (`product_id`, `price_type`, `price`) VALUES ('87', 'normal', '3673.65');
INSERT INTO `prices` (`product_id`, `price_type`, `price`) VALUES ('88', 'normal', '1897.86');
INSERT INTO `prices` (`product_id`, `price_type`, `price`) VALUES ('89', 'normal', '3853.55');
INSERT INTO `prices` (`product_id`, `price_type`, `price`) VALUES ('90', 'normal', '3077.78');
INSERT INTO `prices` (`product_id`, `price_type`, `price`) VALUES ('91', 'normal', '3640.79');
INSERT INTO `prices` (`product_id`, `price_type`, `price`) VALUES ('92', 'normal', '1984.85');
INSERT INTO `prices` (`product_id`, `price_type`, `price`) VALUES ('93', 'normal', '4800.96');
INSERT INTO `prices` (`product_id`, `price_type`, `price`) VALUES ('94', 'normal', '2851.6');
INSERT INTO `prices` (`product_id`, `price_type`, `price`) VALUES ('95', 'normal', '2500.38');
INSERT INTO `prices` (`product_id`, `price_type`, `price`) VALUES ('96', 'normal', '731.1');
INSERT INTO `prices` (`product_id`, `price_type`, `price`) VALUES ('97', 'normal', '1001.92');
INSERT INTO `prices` (`product_id`, `price_type`, `price`) VALUES ('98', 'normal', '2480.34');
INSERT INTO `prices` (`product_id`, `price_type`, `price`) VALUES ('99', 'normal', '4575.37');
INSERT INTO `prices` (`product_id`, `price_type`, `price`) VALUES ('100', 'normal', '1384.84');

INSERT INTO `prices` (`product_id`, `price_type`, `price`)
select product_id, 'discount', price * 0.9
from prices
where price_type = 'normal';
INSERT INTO `prices` (`product_id`, `price_type`, `price`)
select product_id, 'sale', price * 0.7
from prices
where price_type = 'normal';
INSERT INTO `prices` (`product_id`, `price_type`, `price`)
select product_id, 'super sale', price * 0.5
from prices
where price_type = 'normal';
INSERT INTO `prices` (`product_id`, `price_type`, `price`)
select product_id, 'novelty', price * 1.4
from prices
where price_type = 'normal';

UPDATE products
  set price_id = (select prices.id from prices where product_id = products.id and price_type = 1)
where id between 1 and 20;
UPDATE products
  set price_id = (select prices.id from prices where product_id = products.id and price_type = 2)
where id between 21 and 40;
UPDATE products
  set price_id = (select prices.id from prices where product_id = products.id and price_type = 3)
where id between 41 and 60;
UPDATE products
  set price_id = (select prices.id from prices where product_id = products.id and price_type = 4)
where id between 61 and 80;
UPDATE products
  set price_id = (select prices.id from prices where product_id = products.id and price_type = 5)
where id between 81 and 100;
/*orders*/
INSERT INTO `orders` (`id`, `user_id`, `pay_type`, `status`, `created_at`, `updated_at`) VALUES ('1', '69', 'card', 'canceled', '2020-08-08 16:39:47', '2020-08-24 18:39:20');
INSERT INTO `orders` (`id`, `user_id`, `pay_type`, `status`, `created_at`, `updated_at`) VALUES ('2', '13', 'cash', 'close', '2020-08-24 05:17:07', '2020-08-24 18:39:20');
INSERT INTO `orders` (`id`, `user_id`, `pay_type`, `status`, `created_at`, `updated_at`) VALUES ('3', '46', 'cash', 'close', '2020-08-05 23:07:47', '2020-08-24 18:39:20');
INSERT INTO `orders` (`id`, `user_id`, `pay_type`, `status`, `created_at`, `updated_at`) VALUES ('4', '79', 'cash', 'close', '2020-08-11 02:32:28', '2020-08-24 18:39:20');
INSERT INTO `orders` (`id`, `user_id`, `pay_type`, `status`, `created_at`, `updated_at`) VALUES ('5', '52', 'card', 'open', '2020-07-27 15:12:10', '2020-08-24 18:39:20');
INSERT INTO `orders` (`id`, `user_id`, `pay_type`, `status`, `created_at`, `updated_at`) VALUES ('6', '63', 'card', 'close', '2020-08-01 02:38:27', '2020-08-24 18:39:20');
INSERT INTO `orders` (`id`, `user_id`, `pay_type`, `status`, `created_at`, `updated_at`) VALUES ('7', '37', 'card', 'open', '2020-08-08 01:40:09', '2020-08-24 18:39:20');
INSERT INTO `orders` (`id`, `user_id`, `pay_type`, `status`, `created_at`, `updated_at`) VALUES ('8', '51', 'cash', 'close', '2020-07-30 18:18:34', '2020-08-24 18:39:20');
INSERT INTO `orders` (`id`, `user_id`, `pay_type`, `status`, `created_at`, `updated_at`) VALUES ('9', '27', 'cash', 'canceled', '2020-08-11 17:13:54', '2020-08-24 18:39:20');
INSERT INTO `orders` (`id`, `user_id`, `pay_type`, `status`, `created_at`, `updated_at`) VALUES ('10', '50', 'card', 'close', '2020-07-29 11:51:26', '2020-08-24 18:39:20');
INSERT INTO `orders` (`id`, `user_id`, `pay_type`, `status`, `created_at`, `updated_at`) VALUES ('11', '5', 'card', 'canceled', '2020-08-09 19:40:26', '2020-08-24 18:39:20');
INSERT INTO `orders` (`id`, `user_id`, `pay_type`, `status`, `created_at`, `updated_at`) VALUES ('12', '32', 'cash', 'canceled', '2020-07-27 15:13:21', '2020-08-24 18:39:20');
INSERT INTO `orders` (`id`, `user_id`, `pay_type`, `status`, `created_at`, `updated_at`) VALUES ('13', '78', 'card', 'close', '2020-08-11 23:02:04', '2020-08-24 18:39:20');
INSERT INTO `orders` (`id`, `user_id`, `pay_type`, `status`, `created_at`, `updated_at`) VALUES ('14', '53', 'cash', 'close', '2020-08-22 01:59:41', '2020-08-24 18:39:20');
INSERT INTO `orders` (`id`, `user_id`, `pay_type`, `status`, `created_at`, `updated_at`) VALUES ('15', '89', 'card', 'close', '2020-08-23 05:10:51', '2020-08-24 18:39:20');
INSERT INTO `orders` (`id`, `user_id`, `pay_type`, `status`, `created_at`, `updated_at`) VALUES ('16', '25', 'cash', 'canceled', '2020-08-12 02:50:04', '2020-08-24 18:39:20');
INSERT INTO `orders` (`id`, `user_id`, `pay_type`, `status`, `created_at`, `updated_at`) VALUES ('17', '1', 'card', 'canceled', '2020-08-04 12:30:15', '2020-08-24 18:39:20');
INSERT INTO `orders` (`id`, `user_id`, `pay_type`, `status`, `created_at`, `updated_at`) VALUES ('18', '11', 'card', 'close', '2020-08-16 14:05:35', '2020-08-24 18:39:20');
INSERT INTO `orders` (`id`, `user_id`, `pay_type`, `status`, `created_at`, `updated_at`) VALUES ('19', '30', 'cash', 'close', '2020-08-05 18:57:27', '2020-08-24 18:39:20');
INSERT INTO `orders` (`id`, `user_id`, `pay_type`, `status`, `created_at`, `updated_at`) VALUES ('20', '13', 'cash', 'canceled', '2020-08-10 21:01:47', '2020-08-24 18:39:20');
INSERT INTO `orders` (`id`, `user_id`, `pay_type`, `status`, `created_at`, `updated_at`) VALUES ('21', '83', 'card', 'open', '2020-07-31 20:55:26', '2020-08-24 18:39:20');
INSERT INTO `orders` (`id`, `user_id`, `pay_type`, `status`, `created_at`, `updated_at`) VALUES ('22', '45', 'cash', 'close', '2020-08-06 11:23:17', '2020-08-24 18:39:20');
INSERT INTO `orders` (`id`, `user_id`, `pay_type`, `status`, `created_at`, `updated_at`) VALUES ('23', '92', 'cash', 'canceled', '2020-08-10 15:14:11', '2020-08-24 18:39:20');
INSERT INTO `orders` (`id`, `user_id`, `pay_type`, `status`, `created_at`, `updated_at`) VALUES ('24', '13', 'card', 'close', '2020-08-14 17:58:10', '2020-08-24 18:39:20');
INSERT INTO `orders` (`id`, `user_id`, `pay_type`, `status`, `created_at`, `updated_at`) VALUES ('25', '70', 'card', 'close', '2020-07-26 03:43:35', '2020-08-24 18:39:20');
INSERT INTO `orders` (`id`, `user_id`, `pay_type`, `status`, `created_at`, `updated_at`) VALUES ('26', '19', 'card', 'open', '2020-07-27 20:58:58', '2020-08-24 18:39:20');
INSERT INTO `orders` (`id`, `user_id`, `pay_type`, `status`, `created_at`, `updated_at`) VALUES ('27', '58', 'cash', 'open', '2020-08-24 04:54:03', '2020-08-24 18:39:20');
INSERT INTO `orders` (`id`, `user_id`, `pay_type`, `status`, `created_at`, `updated_at`) VALUES ('28', '98', 'card', 'canceled', '2020-08-01 23:38:05', '2020-08-24 18:39:20');
INSERT INTO `orders` (`id`, `user_id`, `pay_type`, `status`, `created_at`, `updated_at`) VALUES ('29', '56', 'cash', 'canceled', '2020-08-23 13:35:34', '2020-08-24 18:39:20');
INSERT INTO `orders` (`id`, `user_id`, `pay_type`, `status`, `created_at`, `updated_at`) VALUES ('30', '27', 'cash', 'canceled', '2020-08-14 12:48:51', '2020-08-24 18:39:20');
INSERT INTO `orders` (`id`, `user_id`, `pay_type`, `status`, `created_at`, `updated_at`) VALUES ('31', '92', 'cash', 'canceled', '2020-07-26 02:32:14', '2020-08-24 18:39:20');
INSERT INTO `orders` (`id`, `user_id`, `pay_type`, `status`, `created_at`, `updated_at`) VALUES ('32', '15', 'card', 'canceled', '2020-08-22 00:49:02', '2020-08-24 18:39:20');
INSERT INTO `orders` (`id`, `user_id`, `pay_type`, `status`, `created_at`, `updated_at`) VALUES ('33', '81', 'card', 'close', '2020-08-17 20:38:38', '2020-08-24 18:39:20');
INSERT INTO `orders` (`id`, `user_id`, `pay_type`, `status`, `created_at`, `updated_at`) VALUES ('34', '32', 'card', 'canceled', '2020-08-04 08:36:08', '2020-08-24 18:39:20');
INSERT INTO `orders` (`id`, `user_id`, `pay_type`, `status`, `created_at`, `updated_at`) VALUES ('35', '63', 'card', 'open', '2020-08-20 08:34:54', '2020-08-24 18:39:20');
INSERT INTO `orders` (`id`, `user_id`, `pay_type`, `status`, `created_at`, `updated_at`) VALUES ('36', '18', 'cash', 'open', '2020-08-10 18:25:11', '2020-08-24 18:39:20');
INSERT INTO `orders` (`id`, `user_id`, `pay_type`, `status`, `created_at`, `updated_at`) VALUES ('37', '16', 'card', 'canceled', '2020-08-21 05:26:05', '2020-08-24 18:39:20');
INSERT INTO `orders` (`id`, `user_id`, `pay_type`, `status`, `created_at`, `updated_at`) VALUES ('38', '4', 'cash', 'close', '2020-07-24 21:00:38', '2020-08-24 18:39:20');
INSERT INTO `orders` (`id`, `user_id`, `pay_type`, `status`, `created_at`, `updated_at`) VALUES ('39', '22', 'cash', 'canceled', '2020-08-19 12:57:59', '2020-08-24 18:39:20');
INSERT INTO `orders` (`id`, `user_id`, `pay_type`, `status`, `created_at`, `updated_at`) VALUES ('40', '62', 'card', 'open', '2020-08-21 00:57:46', '2020-08-24 18:39:20');
INSERT INTO `orders` (`id`, `user_id`, `pay_type`, `status`, `created_at`, `updated_at`) VALUES ('41', '50', 'cash', 'open', '2020-08-21 14:35:57', '2020-08-24 18:39:20');
INSERT INTO `orders` (`id`, `user_id`, `pay_type`, `status`, `created_at`, `updated_at`) VALUES ('42', '62', 'card', 'canceled', '2020-07-25 14:06:21', '2020-08-24 18:39:20');
INSERT INTO `orders` (`id`, `user_id`, `pay_type`, `status`, `created_at`, `updated_at`) VALUES ('43', '99', 'cash', 'canceled', '2020-08-09 20:44:14', '2020-08-24 18:39:20');
INSERT INTO `orders` (`id`, `user_id`, `pay_type`, `status`, `created_at`, `updated_at`) VALUES ('44', '13', 'cash', 'open', '2020-07-27 01:45:31', '2020-08-24 18:39:20');
INSERT INTO `orders` (`id`, `user_id`, `pay_type`, `status`, `created_at`, `updated_at`) VALUES ('45', '92', 'card', 'close', '2020-08-02 10:37:07', '2020-08-24 18:39:20');
INSERT INTO `orders` (`id`, `user_id`, `pay_type`, `status`, `created_at`, `updated_at`) VALUES ('46', '81', 'cash', 'canceled', '2020-07-29 03:23:43', '2020-08-24 18:39:20');
INSERT INTO `orders` (`id`, `user_id`, `pay_type`, `status`, `created_at`, `updated_at`) VALUES ('47', '37', 'cash', 'open', '2020-08-03 02:55:04', '2020-08-24 18:39:20');
INSERT INTO `orders` (`id`, `user_id`, `pay_type`, `status`, `created_at`, `updated_at`) VALUES ('48', '1', 'cash', 'close', '2020-07-28 03:56:50', '2020-08-24 18:39:20');
INSERT INTO `orders` (`id`, `user_id`, `pay_type`, `status`, `created_at`, `updated_at`) VALUES ('49', '68', 'cash', 'close', '2020-08-05 01:51:54', '2020-08-24 18:39:20');
INSERT INTO `orders` (`id`, `user_id`, `pay_type`, `status`, `created_at`, `updated_at`) VALUES ('50', '52', 'cash', 'close', '2020-08-18 12:03:20', '2020-08-24 18:39:20');
/*orders_products*/
INSERT INTO `orders_products` (`order_id`, `product_id`, `qty`, `total`, `created_at`, `updated_at`) VALUES ('1', '35', 3, '7994.87', '2020-07-29 16:20:03', '2020-08-24 18:49:21');
INSERT INTO `orders_products` (`order_id`, `product_id`, `qty`, `total`, `created_at`, `updated_at`) VALUES ('2', '53', 1, '6628.71', '2020-08-14 11:58:14', '2020-08-24 18:49:21');
INSERT INTO `orders_products` (`order_id`, `product_id`, `qty`, `total`, `created_at`, `updated_at`) VALUES ('3', '93', 3, '7937.27', '2020-07-30 13:11:53', '2020-08-24 18:49:21');
INSERT INTO `orders_products` (`order_id`, `product_id`, `qty`, `total`, `created_at`, `updated_at`) VALUES ('4', '39', 1, '8158.63', '2020-08-01 04:03:45', '2020-08-24 18:49:21');
INSERT INTO `orders_products` (`order_id`, `product_id`, `qty`, `total`, `created_at`, `updated_at`) VALUES ('5', '98', 2, '7648.41', '2020-08-11 15:24:52', '2020-08-24 18:49:21');
INSERT INTO `orders_products` (`order_id`, `product_id`, `qty`, `total`, `created_at`, `updated_at`) VALUES ('6', '81', 1, '2510.35', '2020-08-03 21:45:21', '2020-08-24 18:49:21');
INSERT INTO `orders_products` (`order_id`, `product_id`, `qty`, `total`, `created_at`, `updated_at`) VALUES ('7', '9', 1, '9607.42', '2020-08-08 00:36:01', '2020-08-24 18:49:21');
INSERT INTO `orders_products` (`order_id`, `product_id`, `qty`, `total`, `created_at`, `updated_at`) VALUES ('8', '29', 3, '6555.06', '2020-08-22 15:39:39', '2020-08-24 18:49:21');
INSERT INTO `orders_products` (`order_id`, `product_id`, `qty`, `total`, `created_at`, `updated_at`) VALUES ('9', '37', 2, '4377.98', '2020-08-12 06:08:01', '2020-08-24 18:49:21');
INSERT INTO `orders_products` (`order_id`, `product_id`, `qty`, `total`, `created_at`, `updated_at`) VALUES ('10', '82', 1, '5014.81', '2020-08-19 02:16:13', '2020-08-24 18:49:21');
INSERT INTO `orders_products` (`order_id`, `product_id`, `qty`, `total`, `created_at`, `updated_at`) VALUES ('11', '4', 3, '2114.99', '2020-07-27 03:35:16', '2020-08-24 18:49:21');
INSERT INTO `orders_products` (`order_id`, `product_id`, `qty`, `total`, `created_at`, `updated_at`) VALUES ('12', '77', 2, '8052.46', '2020-08-18 23:02:38', '2020-08-24 18:49:21');
INSERT INTO `orders_products` (`order_id`, `product_id`, `qty`, `total`, `created_at`, `updated_at`) VALUES ('13', '90', 2, '5187.36', '2020-07-31 14:18:25', '2020-08-24 18:49:21');
INSERT INTO `orders_products` (`order_id`, `product_id`, `qty`, `total`, `created_at`, `updated_at`) VALUES ('14', '93', 2, '2886.32', '2020-08-13 21:56:43', '2020-08-24 18:49:21');
INSERT INTO `orders_products` (`order_id`, `product_id`, `qty`, `total`, `created_at`, `updated_at`) VALUES ('15', '86', 1, '3570.73', '2020-08-05 20:12:23', '2020-08-24 18:49:21');
INSERT INTO `orders_products` (`order_id`, `product_id`, `qty`, `total`, `created_at`, `updated_at`) VALUES ('16', '80', 1, '9923.93', '2020-08-08 23:04:52', '2020-08-24 18:49:21');
INSERT INTO `orders_products` (`order_id`, `product_id`, `qty`, `total`, `created_at`, `updated_at`) VALUES ('17', '77', 1, '3966.09', '2020-08-01 13:28:16', '2020-08-24 18:49:21');
INSERT INTO `orders_products` (`order_id`, `product_id`, `qty`, `total`, `created_at`, `updated_at`) VALUES ('18', '30', 1, '2635.11', '2020-07-26 14:52:51', '2020-08-24 18:49:21');
INSERT INTO `orders_products` (`order_id`, `product_id`, `qty`, `total`, `created_at`, `updated_at`) VALUES ('19', '17', 2, '3992.53', '2020-07-26 15:51:12', '2020-08-24 18:49:21');
INSERT INTO `orders_products` (`order_id`, `product_id`, `qty`, `total`, `created_at`, `updated_at`) VALUES ('20', '54', 3, '6642.27', '2020-08-21 13:52:04', '2020-08-24 18:49:21');
INSERT INTO `orders_products` (`order_id`, `product_id`, `qty`, `total`, `created_at`, `updated_at`) VALUES ('21', '18', 1, '9846.92', '2020-07-26 13:56:36', '2020-08-24 18:49:21');
INSERT INTO `orders_products` (`order_id`, `product_id`, `qty`, `total`, `created_at`, `updated_at`) VALUES ('22', '93', 2, '7699.15', '2020-07-24 23:35:45', '2020-08-24 18:49:21');
INSERT INTO `orders_products` (`order_id`, `product_id`, `qty`, `total`, `created_at`, `updated_at`) VALUES ('23', '73', 1, '9906.72', '2020-08-17 13:00:01', '2020-08-24 18:49:21');
INSERT INTO `orders_products` (`order_id`, `product_id`, `qty`, `total`, `created_at`, `updated_at`) VALUES ('24', '78', 3, '7667.6', '2020-08-04 04:42:04', '2020-08-24 18:49:21');
INSERT INTO `orders_products` (`order_id`, `product_id`, `qty`, `total`, `created_at`, `updated_at`) VALUES ('25', '92', 3, '5417.48', '2020-08-06 07:37:30', '2020-08-24 18:49:21');
INSERT INTO `orders_products` (`order_id`, `product_id`, `qty`, `total`, `created_at`, `updated_at`) VALUES ('26', '30', 1, '9812.52', '2020-08-07 17:24:47', '2020-08-24 18:49:21');
INSERT INTO `orders_products` (`order_id`, `product_id`, `qty`, `total`, `created_at`, `updated_at`) VALUES ('27', '10', 3, '6024.74', '2020-08-19 18:55:57', '2020-08-24 18:49:21');
INSERT INTO `orders_products` (`order_id`, `product_id`, `qty`, `total`, `created_at`, `updated_at`) VALUES ('28', '82', 2, '9656.55', '2020-08-12 20:21:35', '2020-08-24 18:49:21');
INSERT INTO `orders_products` (`order_id`, `product_id`, `qty`, `total`, `created_at`, `updated_at`) VALUES ('29', '50', 2, '3179.46', '2020-07-27 16:42:01', '2020-08-24 18:49:21');
INSERT INTO `orders_products` (`order_id`, `product_id`, `qty`, `total`, `created_at`, `updated_at`) VALUES ('30', '59', 1, '6814.31', '2020-08-05 16:02:09', '2020-08-24 18:49:21');
INSERT INTO `orders_products` (`order_id`, `product_id`, `qty`, `total`, `created_at`, `updated_at`) VALUES ('31', '20', 3, '8118.8', '2020-08-02 06:44:38', '2020-08-24 18:49:21');
INSERT INTO `orders_products` (`order_id`, `product_id`, `qty`, `total`, `created_at`, `updated_at`) VALUES ('32', '46', 1, '2630.29', '2020-08-04 13:29:32', '2020-08-24 18:49:21');
INSERT INTO `orders_products` (`order_id`, `product_id`, `qty`, `total`, `created_at`, `updated_at`) VALUES ('33', '13', 1, '2073.73', '2020-08-20 07:16:12', '2020-08-24 18:49:21');
INSERT INTO `orders_products` (`order_id`, `product_id`, `qty`, `total`, `created_at`, `updated_at`) VALUES ('34', '29', 1, '2725.97', '2020-08-23 14:43:27', '2020-08-24 18:49:21');
INSERT INTO `orders_products` (`order_id`, `product_id`, `qty`, `total`, `created_at`, `updated_at`) VALUES ('35', '98', 2, '8354.33', '2020-08-12 18:57:44', '2020-08-24 18:49:21');
INSERT INTO `orders_products` (`order_id`, `product_id`, `qty`, `total`, `created_at`, `updated_at`) VALUES ('36', '93', 1, '9290.53', '2020-08-17 00:57:13', '2020-08-24 18:49:21');
INSERT INTO `orders_products` (`order_id`, `product_id`, `qty`, `total`, `created_at`, `updated_at`) VALUES ('37', '99', 3, '6476.73', '2020-08-20 08:40:45', '2020-08-24 18:49:21');
INSERT INTO `orders_products` (`order_id`, `product_id`, `qty`, `total`, `created_at`, `updated_at`) VALUES ('38', '47', 1, '5976.48', '2020-08-15 04:09:30', '2020-08-24 18:49:21');
INSERT INTO `orders_products` (`order_id`, `product_id`, `qty`, `total`, `created_at`, `updated_at`) VALUES ('39', '98', 2, '8788.91', '2020-08-23 12:31:05', '2020-08-24 18:49:21');
INSERT INTO `orders_products` (`order_id`, `product_id`, `qty`, `total`, `created_at`, `updated_at`) VALUES ('40', '35', 3, '8116.19', '2020-08-16 21:50:39', '2020-08-24 18:49:21');
INSERT INTO `orders_products` (`order_id`, `product_id`, `qty`, `total`, `created_at`, `updated_at`) VALUES ('41', '3', 3, '3065.26', '2020-08-17 03:25:14', '2020-08-24 18:49:21');
INSERT INTO `orders_products` (`order_id`, `product_id`, `qty`, `total`, `created_at`, `updated_at`) VALUES ('42', '68', 3, '8547.3', '2020-08-21 10:18:51', '2020-08-24 18:49:21');
INSERT INTO `orders_products` (`order_id`, `product_id`, `qty`, `total`, `created_at`, `updated_at`) VALUES ('43', '68', 3, '1886.12', '2020-08-14 17:48:11', '2020-08-24 18:49:21');
INSERT INTO `orders_products` (`order_id`, `product_id`, `qty`, `total`, `created_at`, `updated_at`) VALUES ('44', '94', 1, '5347.51', '2020-08-11 08:49:18', '2020-08-24 18:49:21');
INSERT INTO `orders_products` (`order_id`, `product_id`, `qty`, `total`, `created_at`, `updated_at`) VALUES ('45', '28', 2, '2842.74', '2020-07-31 17:18:20', '2020-08-24 18:49:21');
INSERT INTO `orders_products` (`order_id`, `product_id`, `qty`, `total`, `created_at`, `updated_at`) VALUES ('46', '4', 3, '5255.4', '2020-08-18 22:18:24', '2020-08-24 18:49:21');
INSERT INTO `orders_products` (`order_id`, `product_id`, `qty`, `total`, `created_at`, `updated_at`) VALUES ('47', '36', 3, '4609.66', '2020-07-27 22:45:06', '2020-08-24 18:49:21');
INSERT INTO `orders_products` (`order_id`, `product_id`, `qty`, `total`, `created_at`, `updated_at`) VALUES ('48', '74', 3, '7848.17', '2020-08-06 09:15:37', '2020-08-24 18:49:21');
INSERT INTO `orders_products` (`order_id`, `product_id`, `qty`, `total`, `created_at`, `updated_at`) VALUES ('49', '69', 2, '4414.9', '2020-08-18 02:47:38', '2020-08-24 18:49:21');
INSERT INTO `orders_products` (`order_id`, `product_id`, `qty`, `total`, `created_at`, `updated_at`) VALUES ('50', '46', 2, '9226.89', '2020-08-17 18:34:30', '2020-08-24 18:49:21');
INSERT INTO `orders_products` (`order_id`, `product_id`, `qty`, `total`, `created_at`, `updated_at`) VALUES ('1', '15', 3, '9444.25', '2020-08-06 15:05:11', '2020-08-24 18:53:29');
INSERT INTO `orders_products` (`order_id`, `product_id`, `qty`, `total`, `created_at`, `updated_at`) VALUES ('2', '92', 3, '3383.84', '2020-08-05 06:27:11', '2020-08-24 18:53:29');
INSERT INTO `orders_products` (`order_id`, `product_id`, `qty`, `total`, `created_at`, `updated_at`) VALUES ('3', '37', 1, '4497.72', '2020-07-29 02:28:08', '2020-08-24 18:53:29');
INSERT INTO `orders_products` (`order_id`, `product_id`, `qty`, `total`, `created_at`, `updated_at`) VALUES ('4', '35', 2, '7088.96', '2020-07-26 01:38:03', '2020-08-24 18:53:29');
INSERT INTO `orders_products` (`order_id`, `product_id`, `qty`, `total`, `created_at`, `updated_at`) VALUES ('5', '46', 3, '8634.92', '2020-08-11 20:02:23', '2020-08-24 18:53:29');
INSERT INTO `orders_products` (`order_id`, `product_id`, `qty`, `total`, `created_at`, `updated_at`) VALUES ('6', '9', 2, '4714.91', '2020-07-28 13:41:10', '2020-08-24 18:53:29');
INSERT INTO `orders_products` (`order_id`, `product_id`, `qty`, `total`, `created_at`, `updated_at`) VALUES ('7', '26', 1, '8215.64', '2020-08-12 21:40:48', '2020-08-24 18:53:29');
INSERT INTO `orders_products` (`order_id`, `product_id`, `qty`, `total`, `created_at`, `updated_at`) VALUES ('8', '3', 3, '2088.09', '2020-08-16 03:25:40', '2020-08-24 18:53:29');
INSERT INTO `orders_products` (`order_id`, `product_id`, `qty`, `total`, `created_at`, `updated_at`) VALUES ('9', '76', 1, '3110.1', '2020-08-07 12:00:52', '2020-08-24 18:53:29');
INSERT INTO `orders_products` (`order_id`, `product_id`, `qty`, `total`, `created_at`, `updated_at`) VALUES ('10', '67', 1, '1933.42', '2020-08-15 13:53:08', '2020-08-24 18:53:29');
INSERT INTO `orders_products` (`order_id`, `product_id`, `qty`, `total`, `created_at`, `updated_at`) VALUES ('11', '80', 2, '3701.01', '2020-08-02 19:09:18', '2020-08-24 18:53:29');
INSERT INTO `orders_products` (`order_id`, `product_id`, `qty`, `total`, `created_at`, `updated_at`) VALUES ('12', '43', 3, '8640.06', '2020-08-20 05:54:39', '2020-08-24 18:53:29');
INSERT INTO `orders_products` (`order_id`, `product_id`, `qty`, `total`, `created_at`, `updated_at`) VALUES ('13', '11', 3, '4871.96', '2020-08-10 09:41:57', '2020-08-24 18:53:29');
INSERT INTO `orders_products` (`order_id`, `product_id`, `qty`, `total`, `created_at`, `updated_at`) VALUES ('14', '84', 1, '2448.55', '2020-08-02 14:55:00', '2020-08-24 18:53:29');
INSERT INTO `orders_products` (`order_id`, `product_id`, `qty`, `total`, `created_at`, `updated_at`) VALUES ('15', '62', 1, '8331.44', '2020-08-13 22:11:55', '2020-08-24 18:53:29');
INSERT INTO `orders_products` (`order_id`, `product_id`, `qty`, `total`, `created_at`, `updated_at`) VALUES ('16', '63', 3, '6567.62', '2020-08-08 03:52:29', '2020-08-24 18:53:29');
INSERT INTO `orders_products` (`order_id`, `product_id`, `qty`, `total`, `created_at`, `updated_at`) VALUES ('17', '12', 1, '5942.94', '2020-08-15 11:59:58', '2020-08-24 18:53:29');
INSERT INTO `orders_products` (`order_id`, `product_id`, `qty`, `total`, `created_at`, `updated_at`) VALUES ('18', '98', 2, '4182.2', '2020-07-25 22:26:38', '2020-08-24 18:53:29');
INSERT INTO `orders_products` (`order_id`, `product_id`, `qty`, `total`, `created_at`, `updated_at`) VALUES ('19', '63', 3, '4927.67', '2020-08-06 14:05:23', '2020-08-24 18:53:29');
INSERT INTO `orders_products` (`order_id`, `product_id`, `qty`, `total`, `created_at`, `updated_at`) VALUES ('20', '73', 2, '8747.75', '2020-08-10 02:56:59', '2020-08-24 18:53:29');
INSERT INTO `orders_products` (`order_id`, `product_id`, `qty`, `total`, `created_at`, `updated_at`) VALUES ('21', '96', 3, '2314.39', '2020-08-20 23:29:55', '2020-08-24 18:53:29');
INSERT INTO `orders_products` (`order_id`, `product_id`, `qty`, `total`, `created_at`, `updated_at`) VALUES ('22', '44', 3, '4428.29', '2020-08-07 06:21:43', '2020-08-24 18:53:29');
INSERT INTO `orders_products` (`order_id`, `product_id`, `qty`, `total`, `created_at`, `updated_at`) VALUES ('23', '73', 1, '7621.43', '2020-08-19 14:13:30', '2020-08-24 18:53:29');
INSERT INTO `orders_products` (`order_id`, `product_id`, `qty`, `total`, `created_at`, `updated_at`) VALUES ('24', '41', 2, '4426.68', '2020-08-24 16:35:55', '2020-08-24 18:53:29');
INSERT INTO `orders_products` (`order_id`, `product_id`, `qty`, `total`, `created_at`, `updated_at`) VALUES ('25', '42', 1, '6158.3', '2020-08-23 13:19:28', '2020-08-24 18:53:29');
INSERT INTO `orders_products` (`order_id`, `product_id`, `qty`, `total`, `created_at`, `updated_at`) VALUES ('1', '62', 1, '7209.91', '2020-08-07 14:50:50', '2020-08-24 18:55:08');
INSERT INTO `orders_products` (`order_id`, `product_id`, `qty`, `total`, `created_at`, `updated_at`) VALUES ('2', '49', 2, '1014.23', '2020-08-03 02:32:44', '2020-08-24 18:55:08');
INSERT INTO `orders_products` (`order_id`, `product_id`, `qty`, `total`, `created_at`, `updated_at`) VALUES ('3', '11', 1, '1931.44', '2020-07-29 06:51:59', '2020-08-24 18:55:08');
INSERT INTO `orders_products` (`order_id`, `product_id`, `qty`, `total`, `created_at`, `updated_at`) VALUES ('4', '87', 3, '7722.15', '2020-07-31 14:20:25', '2020-08-24 18:55:08');
INSERT INTO `orders_products` (`order_id`, `product_id`, `qty`, `total`, `created_at`, `updated_at`) VALUES ('5', '62', 1, '4925.25', '2020-08-18 13:11:57', '2020-08-24 18:55:08');
INSERT INTO `orders_products` (`order_id`, `product_id`, `qty`, `total`, `created_at`, `updated_at`) VALUES ('6', '49', 3, '7845.05', '2020-08-14 02:43:47', '2020-08-24 18:55:08');
INSERT INTO `orders_products` (`order_id`, `product_id`, `qty`, `total`, `created_at`, `updated_at`) VALUES ('7', '1', 3, '4252.76', '2020-08-11 20:45:02', '2020-08-24 18:55:08');
INSERT INTO `orders_products` (`order_id`, `product_id`, `qty`, `total`, `created_at`, `updated_at`) VALUES ('8', '73', 1, '2743.99', '2020-08-18 10:24:34', '2020-08-24 18:55:08');
INSERT INTO `orders_products` (`order_id`, `product_id`, `qty`, `total`, `created_at`, `updated_at`) VALUES ('9', '60', 1, '7848.98', '2020-08-17 03:28:25', '2020-08-24 18:55:08');
INSERT INTO `orders_products` (`order_id`, `product_id`, `qty`, `total`, `created_at`, `updated_at`) VALUES ('10', '61', 2, '9459.98', '2020-08-15 09:45:24', '2020-08-24 18:55:08');
INSERT INTO `orders_products` (`order_id`, `product_id`, `qty`, `total`, `created_at`, `updated_at`) VALUES ('11', '94', 3, '3576.46', '2020-08-06 13:10:18', '2020-08-24 18:55:08');
INSERT INTO `orders_products` (`order_id`, `product_id`, `qty`, `total`, `created_at`, `updated_at`) VALUES ('12', '52', 2, '4269.57', '2020-08-13 04:14:22', '2020-08-24 18:55:08');
INSERT INTO `orders_products` (`order_id`, `product_id`, `qty`, `total`, `created_at`, `updated_at`) VALUES ('13', '93', 2, '8342.86', '2020-08-16 17:59:44', '2020-08-24 18:55:08');
INSERT INTO `orders_products` (`order_id`, `product_id`, `qty`, `total`, `created_at`, `updated_at`) VALUES ('14', '58', 2, '4219.63', '2020-08-21 21:35:11', '2020-08-24 18:55:08');
INSERT INTO `orders_products` (`order_id`, `product_id`, `qty`, `total`, `created_at`, `updated_at`) VALUES ('15', '26', 3, '7344.8', '2020-07-25 11:17:29', '2020-08-24 18:55:08');
/*storehouses*/
INSERT INTO `storehouses` (`id`, `name`, `description`, `address`, `created_at`, `updated_at`) VALUES ('1', 'aut', 'Aut quas maiores adipisci ipsa consequatur.', '687 Gage Turnpike Apt. 322\nChristyborough, NE 99751', '2020-08-18 09:22:55', '2020-08-24 18:57:28');
INSERT INTO `storehouses` (`id`, `name`, `description`, `address`, `created_at`, `updated_at`) VALUES ('2', 'eum', 'Corporis minima magnam et.', '1155 O\'Reilly Fields Suite 827\nDavisberg, KY 12232-6950', '2020-08-04 16:49:39', '2020-08-24 18:57:28');
INSERT INTO `storehouses` (`id`, `name`, `description`, `address`, `created_at`, `updated_at`) VALUES ('3', 'voluptatem', 'Impedit laborum similique vel velit reiciendis.', '1953 Gage Field\nNealberg, NH 15677', '2020-08-05 15:48:40', '2020-08-24 18:57:28');
INSERT INTO `storehouses` (`id`, `name`, `description`, `address`, `created_at`, `updated_at`) VALUES ('4', 'et', 'Et voluptatem mollitia voluptatem voluptates aut perferendis pariatur eius.', '32351 Mraz Shores Apt. 050\nMonahanville, IN 10861-4054', '2020-07-27 20:41:58', '2020-08-24 18:57:28');
/*storehouses_products*/
INSERT INTO `storehouses_products` (`id`, `storehouse_id`, `product_id`, `value`, `created_at`, `updated_at`) VALUES ('1', '4', '56', 9, '2020-08-14 22:06:10', '2020-08-24 19:00:01');
INSERT INTO `storehouses_products` (`id`, `storehouse_id`, `product_id`, `value`, `created_at`, `updated_at`) VALUES ('2', '4', '97', 16, '2020-08-18 19:23:37', '2020-08-24 19:00:01');
INSERT INTO `storehouses_products` (`id`, `storehouse_id`, `product_id`, `value`, `created_at`, `updated_at`) VALUES ('3', '2', '78', 5, '2020-08-11 19:38:07', '2020-08-24 19:00:01');
INSERT INTO `storehouses_products` (`id`, `storehouse_id`, `product_id`, `value`, `created_at`, `updated_at`) VALUES ('4', '2', '34', 16, '2020-08-09 10:25:06', '2020-08-24 19:00:01');
INSERT INTO `storehouses_products` (`id`, `storehouse_id`, `product_id`, `value`, `created_at`, `updated_at`) VALUES ('5', '2', '98', 17, '2020-08-03 11:58:00', '2020-08-24 19:00:01');
INSERT INTO `storehouses_products` (`id`, `storehouse_id`, `product_id`, `value`, `created_at`, `updated_at`) VALUES ('6', '3', '4', 19, '2020-08-11 10:38:38', '2020-08-24 19:00:01');
INSERT INTO `storehouses_products` (`id`, `storehouse_id`, `product_id`, `value`, `created_at`, `updated_at`) VALUES ('7', '2', '81', 10, '2020-08-08 17:08:06', '2020-08-24 19:00:01');
INSERT INTO `storehouses_products` (`id`, `storehouse_id`, `product_id`, `value`, `created_at`, `updated_at`) VALUES ('8', '4', '19', 16, '2020-08-18 22:14:11', '2020-08-24 19:00:01');
INSERT INTO `storehouses_products` (`id`, `storehouse_id`, `product_id`, `value`, `created_at`, `updated_at`) VALUES ('9', '3', '87', 11, '2020-08-07 04:27:45', '2020-08-24 19:00:01');
INSERT INTO `storehouses_products` (`id`, `storehouse_id`, `product_id`, `value`, `created_at`, `updated_at`) VALUES ('10', '3', '44', 6, '2020-08-02 05:35:28', '2020-08-24 19:00:01');
INSERT INTO `storehouses_products` (`id`, `storehouse_id`, `product_id`, `value`, `created_at`, `updated_at`) VALUES ('11', '1', '33', 7, '2020-08-03 10:16:19', '2020-08-24 19:00:01');
INSERT INTO `storehouses_products` (`id`, `storehouse_id`, `product_id`, `value`, `created_at`, `updated_at`) VALUES ('12', '3', '28', 15, '2020-07-25 06:11:09', '2020-08-24 19:00:01');
INSERT INTO `storehouses_products` (`id`, `storehouse_id`, `product_id`, `value`, `created_at`, `updated_at`) VALUES ('13', '1', '61', 8, '2020-08-18 13:54:25', '2020-08-24 19:00:01');
INSERT INTO `storehouses_products` (`id`, `storehouse_id`, `product_id`, `value`, `created_at`, `updated_at`) VALUES ('14', '1', '44', 9, '2020-08-06 16:37:39', '2020-08-24 19:00:01');
INSERT INTO `storehouses_products` (`id`, `storehouse_id`, `product_id`, `value`, `created_at`, `updated_at`) VALUES ('15', '1', '4', 7, '2020-08-17 14:46:16', '2020-08-24 19:00:01');
INSERT INTO `storehouses_products` (`id`, `storehouse_id`, `product_id`, `value`, `created_at`, `updated_at`) VALUES ('16', '2', '5', 17, '2020-08-07 06:35:31', '2020-08-24 19:00:01');
INSERT INTO `storehouses_products` (`id`, `storehouse_id`, `product_id`, `value`, `created_at`, `updated_at`) VALUES ('17', '3', '1', 11, '2020-08-14 19:09:14', '2020-08-24 19:00:01');
INSERT INTO `storehouses_products` (`id`, `storehouse_id`, `product_id`, `value`, `created_at`, `updated_at`) VALUES ('18', '4', '84', 20, '2020-08-23 17:47:49', '2020-08-24 19:00:01');
INSERT INTO `storehouses_products` (`id`, `storehouse_id`, `product_id`, `value`, `created_at`, `updated_at`) VALUES ('19', '1', '45', 12, '2020-08-18 11:37:59', '2020-08-24 19:00:01');
INSERT INTO `storehouses_products` (`id`, `storehouse_id`, `product_id`, `value`, `created_at`, `updated_at`) VALUES ('20', '2', '54', 6, '2020-08-13 12:34:29', '2020-08-24 19:00:01');
INSERT INTO `storehouses_products` (`id`, `storehouse_id`, `product_id`, `value`, `created_at`, `updated_at`) VALUES ('21', '3', '37', 15, '2020-08-12 04:01:37', '2020-08-24 19:00:01');
INSERT INTO `storehouses_products` (`id`, `storehouse_id`, `product_id`, `value`, `created_at`, `updated_at`) VALUES ('22', '1', '28', 13, '2020-07-26 00:04:19', '2020-08-24 19:00:01');
INSERT INTO `storehouses_products` (`id`, `storehouse_id`, `product_id`, `value`, `created_at`, `updated_at`) VALUES ('23', '4', '74', 5, '2020-08-01 13:44:19', '2020-08-24 19:00:01');
INSERT INTO `storehouses_products` (`id`, `storehouse_id`, `product_id`, `value`, `created_at`, `updated_at`) VALUES ('24', '3', '45', 7, '2020-08-14 11:48:05', '2020-08-24 19:00:01');
INSERT INTO `storehouses_products` (`id`, `storehouse_id`, `product_id`, `value`, `created_at`, `updated_at`) VALUES ('25', '4', '10', 7, '2020-07-27 06:59:32', '2020-08-24 19:00:01');
INSERT INTO `storehouses_products` (`id`, `storehouse_id`, `product_id`, `value`, `created_at`, `updated_at`) VALUES ('26', '4', '28', 15, '2020-08-11 03:36:43', '2020-08-24 19:00:01');
INSERT INTO `storehouses_products` (`id`, `storehouse_id`, `product_id`, `value`, `created_at`, `updated_at`) VALUES ('27', '4', '97', 11, '2020-08-08 07:39:46', '2020-08-24 19:00:01');
INSERT INTO `storehouses_products` (`id`, `storehouse_id`, `product_id`, `value`, `created_at`, `updated_at`) VALUES ('28', '1', '52', 19, '2020-08-04 19:04:11', '2020-08-24 19:00:01');
INSERT INTO `storehouses_products` (`id`, `storehouse_id`, `product_id`, `value`, `created_at`, `updated_at`) VALUES ('29', '2', '75', 8, '2020-08-21 04:55:18', '2020-08-24 19:00:01');
INSERT INTO `storehouses_products` (`id`, `storehouse_id`, `product_id`, `value`, `created_at`, `updated_at`) VALUES ('30', '1', '61', 20, '2020-07-30 18:57:57', '2020-08-24 19:00:01');
INSERT INTO `storehouses_products` (`id`, `storehouse_id`, `product_id`, `value`, `created_at`, `updated_at`) VALUES ('31', '3', '4', 19, '2020-08-03 23:00:39', '2020-08-24 19:00:01');
INSERT INTO `storehouses_products` (`id`, `storehouse_id`, `product_id`, `value`, `created_at`, `updated_at`) VALUES ('32', '3', '39', 8, '2020-08-06 11:53:01', '2020-08-24 19:00:01');
INSERT INTO `storehouses_products` (`id`, `storehouse_id`, `product_id`, `value`, `created_at`, `updated_at`) VALUES ('33', '4', '90', 13, '2020-07-26 03:11:48', '2020-08-24 19:00:01');
INSERT INTO `storehouses_products` (`id`, `storehouse_id`, `product_id`, `value`, `created_at`, `updated_at`) VALUES ('34', '4', '9', 19, '2020-08-22 15:45:47', '2020-08-24 19:00:01');
INSERT INTO `storehouses_products` (`id`, `storehouse_id`, `product_id`, `value`, `created_at`, `updated_at`) VALUES ('35', '1', '36', 9, '2020-08-09 09:16:41', '2020-08-24 19:00:01');
INSERT INTO `storehouses_products` (`id`, `storehouse_id`, `product_id`, `value`, `created_at`, `updated_at`) VALUES ('36', '3', '38', 17, '2020-08-23 07:25:44', '2020-08-24 19:00:01');
INSERT INTO `storehouses_products` (`id`, `storehouse_id`, `product_id`, `value`, `created_at`, `updated_at`) VALUES ('37', '2', '46', 14, '2020-08-22 11:43:59', '2020-08-24 19:00:01');
INSERT INTO `storehouses_products` (`id`, `storehouse_id`, `product_id`, `value`, `created_at`, `updated_at`) VALUES ('38', '4', '22', 7, '2020-08-02 09:40:47', '2020-08-24 19:00:01');
INSERT INTO `storehouses_products` (`id`, `storehouse_id`, `product_id`, `value`, `created_at`, `updated_at`) VALUES ('39', '4', '60', 12, '2020-08-14 11:50:47', '2020-08-24 19:00:01');
INSERT INTO `storehouses_products` (`id`, `storehouse_id`, `product_id`, `value`, `created_at`, `updated_at`) VALUES ('40', '4', '7', 15, '2020-08-10 09:48:35', '2020-08-24 19:00:01');
INSERT INTO `storehouses_products` (`id`, `storehouse_id`, `product_id`, `value`, `created_at`, `updated_at`) VALUES ('41', '3', '52', 17, '2020-07-31 23:24:53', '2020-08-24 19:00:01');
INSERT INTO `storehouses_products` (`id`, `storehouse_id`, `product_id`, `value`, `created_at`, `updated_at`) VALUES ('42', '4', '43', 11, '2020-07-27 21:59:08', '2020-08-24 19:00:01');
INSERT INTO `storehouses_products` (`id`, `storehouse_id`, `product_id`, `value`, `created_at`, `updated_at`) VALUES ('43', '4', '18', 10, '2020-08-14 08:22:07', '2020-08-24 19:00:01');
INSERT INTO `storehouses_products` (`id`, `storehouse_id`, `product_id`, `value`, `created_at`, `updated_at`) VALUES ('44', '3', '32', 14, '2020-08-24 15:36:06', '2020-08-24 19:00:01');
INSERT INTO `storehouses_products` (`id`, `storehouse_id`, `product_id`, `value`, `created_at`, `updated_at`) VALUES ('45', '3', '28', 13, '2020-08-15 19:49:57', '2020-08-24 19:00:01');
INSERT INTO `storehouses_products` (`id`, `storehouse_id`, `product_id`, `value`, `created_at`, `updated_at`) VALUES ('46', '4', '14', 19, '2020-08-07 15:20:02', '2020-08-24 19:00:01');
INSERT INTO `storehouses_products` (`id`, `storehouse_id`, `product_id`, `value`, `created_at`, `updated_at`) VALUES ('47', '3', '24', 16, '2020-08-02 03:56:29', '2020-08-24 19:00:01');
INSERT INTO `storehouses_products` (`id`, `storehouse_id`, `product_id`, `value`, `created_at`, `updated_at`) VALUES ('48', '4', '36', 15, '2020-07-29 15:37:07', '2020-08-24 19:00:01');
INSERT INTO `storehouses_products` (`id`, `storehouse_id`, `product_id`, `value`, `created_at`, `updated_at`) VALUES ('49', '2', '63', 12, '2020-08-03 10:45:57', '2020-08-24 19:00:01');
INSERT INTO `storehouses_products` (`id`, `storehouse_id`, `product_id`, `value`, `created_at`, `updated_at`) VALUES ('50', '2', '90', 15, '2020-08-18 14:19:35', '2020-08-24 19:00:01');
INSERT INTO `storehouses_products` (`id`, `storehouse_id`, `product_id`, `value`, `created_at`, `updated_at`) VALUES ('51', '1', '26', 6, '2020-08-11 01:37:51', '2020-08-24 19:00:01');
INSERT INTO `storehouses_products` (`id`, `storehouse_id`, `product_id`, `value`, `created_at`, `updated_at`) VALUES ('52', '4', '83', 9, '2020-07-24 19:31:22', '2020-08-24 19:00:01');
INSERT INTO `storehouses_products` (`id`, `storehouse_id`, `product_id`, `value`, `created_at`, `updated_at`) VALUES ('53', '1', '30', 10, '2020-08-19 20:46:33', '2020-08-24 19:00:01');
INSERT INTO `storehouses_products` (`id`, `storehouse_id`, `product_id`, `value`, `created_at`, `updated_at`) VALUES ('54', '4', '26', 19, '2020-08-04 17:51:07', '2020-08-24 19:00:01');
INSERT INTO `storehouses_products` (`id`, `storehouse_id`, `product_id`, `value`, `created_at`, `updated_at`) VALUES ('55', '4', '11', 19, '2020-08-19 19:40:31', '2020-08-24 19:00:01');
INSERT INTO `storehouses_products` (`id`, `storehouse_id`, `product_id`, `value`, `created_at`, `updated_at`) VALUES ('56', '3', '4', 5, '2020-08-21 17:52:56', '2020-08-24 19:00:01');
INSERT INTO `storehouses_products` (`id`, `storehouse_id`, `product_id`, `value`, `created_at`, `updated_at`) VALUES ('57', '1', '71', 19, '2020-08-14 01:50:09', '2020-08-24 19:00:01');
INSERT INTO `storehouses_products` (`id`, `storehouse_id`, `product_id`, `value`, `created_at`, `updated_at`) VALUES ('58', '4', '45', 15, '2020-08-22 22:44:01', '2020-08-24 19:00:01');
INSERT INTO `storehouses_products` (`id`, `storehouse_id`, `product_id`, `value`, `created_at`, `updated_at`) VALUES ('59', '2', '65', 8, '2020-07-28 11:06:00', '2020-08-24 19:00:01');
INSERT INTO `storehouses_products` (`id`, `storehouse_id`, `product_id`, `value`, `created_at`, `updated_at`) VALUES ('60', '3', '35', 18, '2020-08-24 09:34:05', '2020-08-24 19:00:01');
INSERT INTO `storehouses_products` (`id`, `storehouse_id`, `product_id`, `value`, `created_at`, `updated_at`) VALUES ('61', '4', '61', 5, '2020-08-14 00:30:48', '2020-08-24 19:00:01');
INSERT INTO `storehouses_products` (`id`, `storehouse_id`, `product_id`, `value`, `created_at`, `updated_at`) VALUES ('62', '3', '77', 19, '2020-08-18 23:37:27', '2020-08-24 19:00:01');
INSERT INTO `storehouses_products` (`id`, `storehouse_id`, `product_id`, `value`, `created_at`, `updated_at`) VALUES ('63', '4', '23', 20, '2020-07-25 08:22:51', '2020-08-24 19:00:01');
INSERT INTO `storehouses_products` (`id`, `storehouse_id`, `product_id`, `value`, `created_at`, `updated_at`) VALUES ('64', '1', '65', 20, '2020-08-13 06:00:33', '2020-08-24 19:00:01');
INSERT INTO `storehouses_products` (`id`, `storehouse_id`, `product_id`, `value`, `created_at`, `updated_at`) VALUES ('65', '1', '57', 10, '2020-08-16 21:48:31', '2020-08-24 19:00:01');
INSERT INTO `storehouses_products` (`id`, `storehouse_id`, `product_id`, `value`, `created_at`, `updated_at`) VALUES ('66', '2', '100', 20, '2020-08-18 13:30:02', '2020-08-24 19:00:01');
INSERT INTO `storehouses_products` (`id`, `storehouse_id`, `product_id`, `value`, `created_at`, `updated_at`) VALUES ('67', '3', '65', 5, '2020-08-10 10:33:10', '2020-08-24 19:00:01');
INSERT INTO `storehouses_products` (`id`, `storehouse_id`, `product_id`, `value`, `created_at`, `updated_at`) VALUES ('68', '4', '67', 15, '2020-08-24 18:01:26', '2020-08-24 19:00:01');
INSERT INTO `storehouses_products` (`id`, `storehouse_id`, `product_id`, `value`, `created_at`, `updated_at`) VALUES ('69', '3', '25', 8, '2020-08-05 08:43:51', '2020-08-24 19:00:01');
INSERT INTO `storehouses_products` (`id`, `storehouse_id`, `product_id`, `value`, `created_at`, `updated_at`) VALUES ('70', '3', '92', 14, '2020-07-29 20:43:19', '2020-08-24 19:00:01');
INSERT INTO `storehouses_products` (`id`, `storehouse_id`, `product_id`, `value`, `created_at`, `updated_at`) VALUES ('71', '1', '39', 18, '2020-07-26 09:05:53', '2020-08-24 19:00:01');
INSERT INTO `storehouses_products` (`id`, `storehouse_id`, `product_id`, `value`, `created_at`, `updated_at`) VALUES ('72', '3', '85', 10, '2020-08-12 22:26:48', '2020-08-24 19:00:01');
INSERT INTO `storehouses_products` (`id`, `storehouse_id`, `product_id`, `value`, `created_at`, `updated_at`) VALUES ('73', '1', '45', 16, '2020-08-09 16:11:23', '2020-08-24 19:00:01');
INSERT INTO `storehouses_products` (`id`, `storehouse_id`, `product_id`, `value`, `created_at`, `updated_at`) VALUES ('74', '3', '62', 19, '2020-08-21 23:56:59', '2020-08-24 19:00:01');
INSERT INTO `storehouses_products` (`id`, `storehouse_id`, `product_id`, `value`, `created_at`, `updated_at`) VALUES ('75', '4', '67', 10, '2020-08-19 05:57:14', '2020-08-24 19:00:01');
INSERT INTO `storehouses_products` (`id`, `storehouse_id`, `product_id`, `value`, `created_at`, `updated_at`) VALUES ('76', '1', '35', 7, '2020-07-26 05:59:00', '2020-08-24 19:00:01');
INSERT INTO `storehouses_products` (`id`, `storehouse_id`, `product_id`, `value`, `created_at`, `updated_at`) VALUES ('77', '4', '78', 20, '2020-08-22 00:31:27', '2020-08-24 19:00:01');
INSERT INTO `storehouses_products` (`id`, `storehouse_id`, `product_id`, `value`, `created_at`, `updated_at`) VALUES ('78', '3', '82', 16, '2020-07-31 17:14:07', '2020-08-24 19:00:01');
INSERT INTO `storehouses_products` (`id`, `storehouse_id`, `product_id`, `value`, `created_at`, `updated_at`) VALUES ('79', '2', '81', 6, '2020-08-04 07:09:40', '2020-08-24 19:00:01');
INSERT INTO `storehouses_products` (`id`, `storehouse_id`, `product_id`, `value`, `created_at`, `updated_at`) VALUES ('80', '2', '96', 11, '2020-08-02 04:10:44', '2020-08-24 19:00:01');
INSERT INTO `storehouses_products` (`id`, `storehouse_id`, `product_id`, `value`, `created_at`, `updated_at`) VALUES ('81', '4', '69', 17, '2020-08-04 00:20:51', '2020-08-24 19:00:01');
INSERT INTO `storehouses_products` (`id`, `storehouse_id`, `product_id`, `value`, `created_at`, `updated_at`) VALUES ('82', '2', '27', 7, '2020-08-03 10:31:44', '2020-08-24 19:00:01');
INSERT INTO `storehouses_products` (`id`, `storehouse_id`, `product_id`, `value`, `created_at`, `updated_at`) VALUES ('83', '2', '24', 15, '2020-07-25 12:51:02', '2020-08-24 19:00:01');
INSERT INTO `storehouses_products` (`id`, `storehouse_id`, `product_id`, `value`, `created_at`, `updated_at`) VALUES ('84', '4', '37', 8, '2020-07-26 23:27:22', '2020-08-24 19:00:01');
INSERT INTO `storehouses_products` (`id`, `storehouse_id`, `product_id`, `value`, `created_at`, `updated_at`) VALUES ('85', '2', '43', 14, '2020-08-07 07:52:33', '2020-08-24 19:00:01');
INSERT INTO `storehouses_products` (`id`, `storehouse_id`, `product_id`, `value`, `created_at`, `updated_at`) VALUES ('86', '2', '5', 18, '2020-08-21 12:20:45', '2020-08-24 19:00:01');
INSERT INTO `storehouses_products` (`id`, `storehouse_id`, `product_id`, `value`, `created_at`, `updated_at`) VALUES ('87', '4', '41', 6, '2020-07-31 07:04:31', '2020-08-24 19:00:01');
INSERT INTO `storehouses_products` (`id`, `storehouse_id`, `product_id`, `value`, `created_at`, `updated_at`) VALUES ('88', '4', '11', 11, '2020-08-15 17:17:41', '2020-08-24 19:00:01');
INSERT INTO `storehouses_products` (`id`, `storehouse_id`, `product_id`, `value`, `created_at`, `updated_at`) VALUES ('89', '1', '87', 9, '2020-08-07 22:06:03', '2020-08-24 19:00:01');
INSERT INTO `storehouses_products` (`id`, `storehouse_id`, `product_id`, `value`, `created_at`, `updated_at`) VALUES ('90', '3', '27', 13, '2020-08-24 14:54:42', '2020-08-24 19:00:01');
INSERT INTO `storehouses_products` (`id`, `storehouse_id`, `product_id`, `value`, `created_at`, `updated_at`) VALUES ('91', '1', '80', 14, '2020-08-04 17:23:48', '2020-08-24 19:00:01');
INSERT INTO `storehouses_products` (`id`, `storehouse_id`, `product_id`, `value`, `created_at`, `updated_at`) VALUES ('92', '2', '79', 19, '2020-08-03 02:15:59', '2020-08-24 19:00:01');
INSERT INTO `storehouses_products` (`id`, `storehouse_id`, `product_id`, `value`, `created_at`, `updated_at`) VALUES ('93', '2', '67', 19, '2020-08-18 13:09:48', '2020-08-24 19:00:01');
INSERT INTO `storehouses_products` (`id`, `storehouse_id`, `product_id`, `value`, `created_at`, `updated_at`) VALUES ('94', '3', '12', 10, '2020-08-09 18:30:38', '2020-08-24 19:00:01');
INSERT INTO `storehouses_products` (`id`, `storehouse_id`, `product_id`, `value`, `created_at`, `updated_at`) VALUES ('95', '2', '47', 13, '2020-08-07 03:11:59', '2020-08-24 19:00:01');
INSERT INTO `storehouses_products` (`id`, `storehouse_id`, `product_id`, `value`, `created_at`, `updated_at`) VALUES ('96', '3', '15', 6, '2020-08-22 20:39:42', '2020-08-24 19:00:01');
INSERT INTO `storehouses_products` (`id`, `storehouse_id`, `product_id`, `value`, `created_at`, `updated_at`) VALUES ('97', '1', '94', 6, '2020-07-28 20:10:28', '2020-08-24 19:00:01');
INSERT INTO `storehouses_products` (`id`, `storehouse_id`, `product_id`, `value`, `created_at`, `updated_at`) VALUES ('98', '2', '9', 11, '2020-08-22 15:37:05', '2020-08-24 19:00:01');
INSERT INTO `storehouses_products` (`id`, `storehouse_id`, `product_id`, `value`, `created_at`, `updated_at`) VALUES ('99', '4', '84', 12, '2020-08-22 11:20:11', '2020-08-24 19:00:01');
INSERT INTO `storehouses_products` (`id`, `storehouse_id`, `product_id`, `value`, `created_at`, `updated_at`) VALUES ('100', '2', '49', 13, '2020-08-09 16:10:06', '2020-08-24 19:00:01');
INSERT INTO `storehouses_products` (`id`, `storehouse_id`, `product_id`, `value`, `created_at`, `updated_at`) VALUES ('101', '1', '37', 7, '2020-08-08 19:12:58', '2020-08-24 19:00:01');
INSERT INTO `storehouses_products` (`id`, `storehouse_id`, `product_id`, `value`, `created_at`, `updated_at`) VALUES ('102', '3', '45', 14, '2020-08-21 21:43:04', '2020-08-24 19:00:01');
INSERT INTO `storehouses_products` (`id`, `storehouse_id`, `product_id`, `value`, `created_at`, `updated_at`) VALUES ('103', '4', '61', 17, '2020-08-16 02:22:41', '2020-08-24 19:00:01');
INSERT INTO `storehouses_products` (`id`, `storehouse_id`, `product_id`, `value`, `created_at`, `updated_at`) VALUES ('104', '4', '84', 8, '2020-08-16 20:27:24', '2020-08-24 19:00:01');
INSERT INTO `storehouses_products` (`id`, `storehouse_id`, `product_id`, `value`, `created_at`, `updated_at`) VALUES ('105', '4', '23', 11, '2020-08-23 15:18:58', '2020-08-24 19:00:01');
INSERT INTO `storehouses_products` (`id`, `storehouse_id`, `product_id`, `value`, `created_at`, `updated_at`) VALUES ('106', '1', '14', 10, '2020-08-17 17:00:44', '2020-08-24 19:00:01');
INSERT INTO `storehouses_products` (`id`, `storehouse_id`, `product_id`, `value`, `created_at`, `updated_at`) VALUES ('107', '4', '67', 17, '2020-07-24 19:23:45', '2020-08-24 19:00:01');
INSERT INTO `storehouses_products` (`id`, `storehouse_id`, `product_id`, `value`, `created_at`, `updated_at`) VALUES ('108', '4', '70', 11, '2020-08-02 14:55:20', '2020-08-24 19:00:01');
INSERT INTO `storehouses_products` (`id`, `storehouse_id`, `product_id`, `value`, `created_at`, `updated_at`) VALUES ('109', '2', '45', 15, '2020-07-31 00:03:16', '2020-08-24 19:00:01');
INSERT INTO `storehouses_products` (`id`, `storehouse_id`, `product_id`, `value`, `created_at`, `updated_at`) VALUES ('110', '4', '93', 13, '2020-08-09 23:58:06', '2020-08-24 19:00:01');
INSERT INTO `storehouses_products` (`id`, `storehouse_id`, `product_id`, `value`, `created_at`, `updated_at`) VALUES ('111', '2', '65', 13, '2020-08-24 15:51:58', '2020-08-24 19:00:01');
INSERT INTO `storehouses_products` (`id`, `storehouse_id`, `product_id`, `value`, `created_at`, `updated_at`) VALUES ('112', '4', '36', 9, '2020-08-17 18:19:24', '2020-08-24 19:00:01');
INSERT INTO `storehouses_products` (`id`, `storehouse_id`, `product_id`, `value`, `created_at`, `updated_at`) VALUES ('113', '3', '51', 14, '2020-08-11 21:47:11', '2020-08-24 19:00:01');
INSERT INTO `storehouses_products` (`id`, `storehouse_id`, `product_id`, `value`, `created_at`, `updated_at`) VALUES ('114', '3', '1', 17, '2020-08-22 15:20:23', '2020-08-24 19:00:01');
INSERT INTO `storehouses_products` (`id`, `storehouse_id`, `product_id`, `value`, `created_at`, `updated_at`) VALUES ('115', '1', '28', 19, '2020-08-21 20:32:16', '2020-08-24 19:00:01');
INSERT INTO `storehouses_products` (`id`, `storehouse_id`, `product_id`, `value`, `created_at`, `updated_at`) VALUES ('116', '1', '29', 15, '2020-08-16 21:04:57', '2020-08-24 19:00:01');
INSERT INTO `storehouses_products` (`id`, `storehouse_id`, `product_id`, `value`, `created_at`, `updated_at`) VALUES ('117', '2', '60', 5, '2020-08-01 19:46:05', '2020-08-24 19:00:01');
INSERT INTO `storehouses_products` (`id`, `storehouse_id`, `product_id`, `value`, `created_at`, `updated_at`) VALUES ('118', '3', '26', 10, '2020-07-31 06:39:17', '2020-08-24 19:00:01');
INSERT INTO `storehouses_products` (`id`, `storehouse_id`, `product_id`, `value`, `created_at`, `updated_at`) VALUES ('119', '4', '100', 10, '2020-08-14 08:06:42', '2020-08-24 19:00:01');
INSERT INTO `storehouses_products` (`id`, `storehouse_id`, `product_id`, `value`, `created_at`, `updated_at`) VALUES ('120', '4', '65', 19, '2020-08-02 13:14:15', '2020-08-24 19:00:01');
INSERT INTO `storehouses_products` (`id`, `storehouse_id`, `product_id`, `value`, `created_at`, `updated_at`) VALUES ('121', '2', '40', 20, '2020-08-24 17:12:29', '2020-08-24 19:00:01');
INSERT INTO `storehouses_products` (`id`, `storehouse_id`, `product_id`, `value`, `created_at`, `updated_at`) VALUES ('122', '3', '96', 16, '2020-08-24 15:11:57', '2020-08-24 19:00:01');
INSERT INTO `storehouses_products` (`id`, `storehouse_id`, `product_id`, `value`, `created_at`, `updated_at`) VALUES ('123', '3', '89', 17, '2020-08-09 13:47:53', '2020-08-24 19:00:01');
INSERT INTO `storehouses_products` (`id`, `storehouse_id`, `product_id`, `value`, `created_at`, `updated_at`) VALUES ('124', '3', '47', 9, '2020-08-04 22:52:39', '2020-08-24 19:00:01');
INSERT INTO `storehouses_products` (`id`, `storehouse_id`, `product_id`, `value`, `created_at`, `updated_at`) VALUES ('125', '4', '68', 18, '2020-08-22 19:35:06', '2020-08-24 19:00:01');
INSERT INTO `storehouses_products` (`id`, `storehouse_id`, `product_id`, `value`, `created_at`, `updated_at`) VALUES ('126', '4', '100', 8, '2020-08-15 00:49:01', '2020-08-24 19:00:01');
INSERT INTO `storehouses_products` (`id`, `storehouse_id`, `product_id`, `value`, `created_at`, `updated_at`) VALUES ('127', '3', '87', 15, '2020-08-03 02:41:42', '2020-08-24 19:00:01');
INSERT INTO `storehouses_products` (`id`, `storehouse_id`, `product_id`, `value`, `created_at`, `updated_at`) VALUES ('128', '4', '35', 8, '2020-08-11 06:44:11', '2020-08-24 19:00:01');
INSERT INTO `storehouses_products` (`id`, `storehouse_id`, `product_id`, `value`, `created_at`, `updated_at`) VALUES ('129', '2', '95', 20, '2020-07-27 10:22:15', '2020-08-24 19:00:01');
INSERT INTO `storehouses_products` (`id`, `storehouse_id`, `product_id`, `value`, `created_at`, `updated_at`) VALUES ('130', '1', '40', 7, '2020-08-03 23:46:12', '2020-08-24 19:00:01');
INSERT INTO `storehouses_products` (`id`, `storehouse_id`, `product_id`, `value`, `created_at`, `updated_at`) VALUES ('131', '4', '63', 17, '2020-08-13 05:39:30', '2020-08-24 19:00:01');
INSERT INTO `storehouses_products` (`id`, `storehouse_id`, `product_id`, `value`, `created_at`, `updated_at`) VALUES ('132', '3', '26', 11, '2020-08-13 23:07:46', '2020-08-24 19:00:01');
INSERT INTO `storehouses_products` (`id`, `storehouse_id`, `product_id`, `value`, `created_at`, `updated_at`) VALUES ('133', '4', '6', 7, '2020-08-23 06:16:04', '2020-08-24 19:00:01');
INSERT INTO `storehouses_products` (`id`, `storehouse_id`, `product_id`, `value`, `created_at`, `updated_at`) VALUES ('134', '4', '21', 7, '2020-07-29 20:52:53', '2020-08-24 19:00:01');
INSERT INTO `storehouses_products` (`id`, `storehouse_id`, `product_id`, `value`, `created_at`, `updated_at`) VALUES ('135', '1', '88', 6, '2020-07-27 23:09:35', '2020-08-24 19:00:01');
INSERT INTO `storehouses_products` (`id`, `storehouse_id`, `product_id`, `value`, `created_at`, `updated_at`) VALUES ('136', '4', '13', 14, '2020-08-23 13:35:44', '2020-08-24 19:00:01');
INSERT INTO `storehouses_products` (`id`, `storehouse_id`, `product_id`, `value`, `created_at`, `updated_at`) VALUES ('137', '3', '12', 9, '2020-08-07 20:44:12', '2020-08-24 19:00:01');
INSERT INTO `storehouses_products` (`id`, `storehouse_id`, `product_id`, `value`, `created_at`, `updated_at`) VALUES ('138', '4', '50', 9, '2020-08-11 08:00:01', '2020-08-24 19:00:01');
INSERT INTO `storehouses_products` (`id`, `storehouse_id`, `product_id`, `value`, `created_at`, `updated_at`) VALUES ('139', '1', '16', 5, '2020-08-19 23:54:54', '2020-08-24 19:00:01');
INSERT INTO `storehouses_products` (`id`, `storehouse_id`, `product_id`, `value`, `created_at`, `updated_at`) VALUES ('140', '3', '34', 20, '2020-08-15 07:27:57', '2020-08-24 19:00:01');
INSERT INTO `storehouses_products` (`id`, `storehouse_id`, `product_id`, `value`, `created_at`, `updated_at`) VALUES ('141', '3', '56', 8, '2020-08-06 18:12:50', '2020-08-24 19:00:01');
INSERT INTO `storehouses_products` (`id`, `storehouse_id`, `product_id`, `value`, `created_at`, `updated_at`) VALUES ('142', '1', '51', 15, '2020-08-06 02:16:40', '2020-08-24 19:00:01');
INSERT INTO `storehouses_products` (`id`, `storehouse_id`, `product_id`, `value`, `created_at`, `updated_at`) VALUES ('143', '2', '54', 20, '2020-08-14 23:06:28', '2020-08-24 19:00:01');
INSERT INTO `storehouses_products` (`id`, `storehouse_id`, `product_id`, `value`, `created_at`, `updated_at`) VALUES ('144', '4', '68', 9, '2020-07-29 21:54:48', '2020-08-24 19:00:01');
INSERT INTO `storehouses_products` (`id`, `storehouse_id`, `product_id`, `value`, `created_at`, `updated_at`) VALUES ('145', '4', '23', 7, '2020-08-23 14:39:19', '2020-08-24 19:00:01');
INSERT INTO `storehouses_products` (`id`, `storehouse_id`, `product_id`, `value`, `created_at`, `updated_at`) VALUES ('146', '2', '44', 18, '2020-07-31 12:50:21', '2020-08-24 19:00:01');
INSERT INTO `storehouses_products` (`id`, `storehouse_id`, `product_id`, `value`, `created_at`, `updated_at`) VALUES ('147', '2', '77', 17, '2020-08-02 19:57:02', '2020-08-24 19:00:01');
INSERT INTO `storehouses_products` (`id`, `storehouse_id`, `product_id`, `value`, `created_at`, `updated_at`) VALUES ('148', '1', '61', 11, '2020-08-21 13:35:06', '2020-08-24 19:00:01');
INSERT INTO `storehouses_products` (`id`, `storehouse_id`, `product_id`, `value`, `created_at`, `updated_at`) VALUES ('149', '4', '79', 17, '2020-07-30 08:13:07', '2020-08-24 19:00:01');
INSERT INTO `storehouses_products` (`id`, `storehouse_id`, `product_id`, `value`, `created_at`, `updated_at`) VALUES ('150', '2', '58', 18, '2020-08-07 13:06:03', '2020-08-24 19:00:01');
INSERT INTO `storehouses_products` (`id`, `storehouse_id`, `product_id`, `value`, `created_at`, `updated_at`) VALUES ('151', '1', '80', 15, '2020-08-02 09:44:06', '2020-08-24 19:00:01');
INSERT INTO `storehouses_products` (`id`, `storehouse_id`, `product_id`, `value`, `created_at`, `updated_at`) VALUES ('152', '3', '97', 11, '2020-08-18 07:49:37', '2020-08-24 19:00:01');
INSERT INTO `storehouses_products` (`id`, `storehouse_id`, `product_id`, `value`, `created_at`, `updated_at`) VALUES ('153', '3', '11', 12, '2020-08-22 05:32:55', '2020-08-24 19:00:01');
INSERT INTO `storehouses_products` (`id`, `storehouse_id`, `product_id`, `value`, `created_at`, `updated_at`) VALUES ('154', '4', '69', 13, '2020-08-18 08:22:35', '2020-08-24 19:00:01');
INSERT INTO `storehouses_products` (`id`, `storehouse_id`, `product_id`, `value`, `created_at`, `updated_at`) VALUES ('155', '1', '78', 11, '2020-08-18 14:50:59', '2020-08-24 19:00:01');
INSERT INTO `storehouses_products` (`id`, `storehouse_id`, `product_id`, `value`, `created_at`, `updated_at`) VALUES ('156', '1', '68', 10, '2020-08-22 10:10:16', '2020-08-24 19:00:01');
INSERT INTO `storehouses_products` (`id`, `storehouse_id`, `product_id`, `value`, `created_at`, `updated_at`) VALUES ('157', '3', '77', 11, '2020-08-07 14:46:38', '2020-08-24 19:00:01');
INSERT INTO `storehouses_products` (`id`, `storehouse_id`, `product_id`, `value`, `created_at`, `updated_at`) VALUES ('158', '1', '55', 20, '2020-07-30 07:54:09', '2020-08-24 19:00:01');
INSERT INTO `storehouses_products` (`id`, `storehouse_id`, `product_id`, `value`, `created_at`, `updated_at`) VALUES ('159', '4', '92', 7, '2020-08-12 06:25:07', '2020-08-24 19:00:01');
INSERT INTO `storehouses_products` (`id`, `storehouse_id`, `product_id`, `value`, `created_at`, `updated_at`) VALUES ('160', '2', '94', 6, '2020-08-14 20:44:28', '2020-08-24 19:00:01');
INSERT INTO `storehouses_products` (`id`, `storehouse_id`, `product_id`, `value`, `created_at`, `updated_at`) VALUES ('161', '3', '51', 14, '2020-08-11 18:33:37', '2020-08-24 19:00:01');
INSERT INTO `storehouses_products` (`id`, `storehouse_id`, `product_id`, `value`, `created_at`, `updated_at`) VALUES ('162', '4', '76', 10, '2020-07-27 14:49:12', '2020-08-24 19:00:01');
INSERT INTO `storehouses_products` (`id`, `storehouse_id`, `product_id`, `value`, `created_at`, `updated_at`) VALUES ('163', '1', '93', 11, '2020-08-21 05:01:17', '2020-08-24 19:00:01');
INSERT INTO `storehouses_products` (`id`, `storehouse_id`, `product_id`, `value`, `created_at`, `updated_at`) VALUES ('164', '1', '52', 5, '2020-08-20 01:18:45', '2020-08-24 19:00:01');
INSERT INTO `storehouses_products` (`id`, `storehouse_id`, `product_id`, `value`, `created_at`, `updated_at`) VALUES ('165', '2', '79', 11, '2020-08-05 17:27:32', '2020-08-24 19:00:01');
INSERT INTO `storehouses_products` (`id`, `storehouse_id`, `product_id`, `value`, `created_at`, `updated_at`) VALUES ('166', '2', '64', 7, '2020-07-24 19:52:58', '2020-08-24 19:00:01');
INSERT INTO `storehouses_products` (`id`, `storehouse_id`, `product_id`, `value`, `created_at`, `updated_at`) VALUES ('167', '1', '53', 14, '2020-07-26 19:12:23', '2020-08-24 19:00:01');
INSERT INTO `storehouses_products` (`id`, `storehouse_id`, `product_id`, `value`, `created_at`, `updated_at`) VALUES ('168', '2', '19', 6, '2020-08-11 16:20:47', '2020-08-24 19:00:01');
INSERT INTO `storehouses_products` (`id`, `storehouse_id`, `product_id`, `value`, `created_at`, `updated_at`) VALUES ('169', '1', '52', 17, '2020-08-22 11:40:49', '2020-08-24 19:00:01');
INSERT INTO `storehouses_products` (`id`, `storehouse_id`, `product_id`, `value`, `created_at`, `updated_at`) VALUES ('170', '1', '53', 5, '2020-08-14 18:59:26', '2020-08-24 19:00:01');
INSERT INTO `storehouses_products` (`id`, `storehouse_id`, `product_id`, `value`, `created_at`, `updated_at`) VALUES ('171', '1', '30', 19, '2020-08-13 09:52:25', '2020-08-24 19:00:01');
INSERT INTO `storehouses_products` (`id`, `storehouse_id`, `product_id`, `value`, `created_at`, `updated_at`) VALUES ('172', '3', '44', 17, '2020-08-09 20:44:05', '2020-08-24 19:00:01');
INSERT INTO `storehouses_products` (`id`, `storehouse_id`, `product_id`, `value`, `created_at`, `updated_at`) VALUES ('173', '3', '78', 16, '2020-07-27 20:53:54', '2020-08-24 19:00:01');
INSERT INTO `storehouses_products` (`id`, `storehouse_id`, `product_id`, `value`, `created_at`, `updated_at`) VALUES ('174', '1', '86', 19, '2020-08-07 21:49:39', '2020-08-24 19:00:01');
INSERT INTO `storehouses_products` (`id`, `storehouse_id`, `product_id`, `value`, `created_at`, `updated_at`) VALUES ('175', '2', '81', 19, '2020-07-27 08:05:17', '2020-08-24 19:00:01');
INSERT INTO `storehouses_products` (`id`, `storehouse_id`, `product_id`, `value`, `created_at`, `updated_at`) VALUES ('176', '2', '83', 11, '2020-08-05 06:05:12', '2020-08-24 19:00:01');
INSERT INTO `storehouses_products` (`id`, `storehouse_id`, `product_id`, `value`, `created_at`, `updated_at`) VALUES ('177', '3', '78', 17, '2020-08-21 23:55:51', '2020-08-24 19:00:01');
INSERT INTO `storehouses_products` (`id`, `storehouse_id`, `product_id`, `value`, `created_at`, `updated_at`) VALUES ('178', '4', '97', 12, '2020-08-05 11:38:13', '2020-08-24 19:00:01');
INSERT INTO `storehouses_products` (`id`, `storehouse_id`, `product_id`, `value`, `created_at`, `updated_at`) VALUES ('179', '4', '13', 18, '2020-08-10 21:03:35', '2020-08-24 19:00:01');
INSERT INTO `storehouses_products` (`id`, `storehouse_id`, `product_id`, `value`, `created_at`, `updated_at`) VALUES ('180', '4', '42', 10, '2020-08-23 11:53:16', '2020-08-24 19:00:01');
INSERT INTO `storehouses_products` (`id`, `storehouse_id`, `product_id`, `value`, `created_at`, `updated_at`) VALUES ('181', '2', '35', 8, '2020-08-09 08:18:27', '2020-08-24 19:00:01');
INSERT INTO `storehouses_products` (`id`, `storehouse_id`, `product_id`, `value`, `created_at`, `updated_at`) VALUES ('182', '2', '21', 17, '2020-08-06 04:45:04', '2020-08-24 19:00:01');
INSERT INTO `storehouses_products` (`id`, `storehouse_id`, `product_id`, `value`, `created_at`, `updated_at`) VALUES ('183', '2', '97', 19, '2020-08-20 06:57:53', '2020-08-24 19:00:01');
INSERT INTO `storehouses_products` (`id`, `storehouse_id`, `product_id`, `value`, `created_at`, `updated_at`) VALUES ('184', '2', '75', 9, '2020-08-18 14:56:25', '2020-08-24 19:00:01');
INSERT INTO `storehouses_products` (`id`, `storehouse_id`, `product_id`, `value`, `created_at`, `updated_at`) VALUES ('185', '1', '60', 16, '2020-07-27 23:44:58', '2020-08-24 19:00:01');
INSERT INTO `storehouses_products` (`id`, `storehouse_id`, `product_id`, `value`, `created_at`, `updated_at`) VALUES ('186', '4', '32', 16, '2020-08-07 06:24:32', '2020-08-24 19:00:01');
INSERT INTO `storehouses_products` (`id`, `storehouse_id`, `product_id`, `value`, `created_at`, `updated_at`) VALUES ('187', '1', '21', 12, '2020-07-30 04:13:05', '2020-08-24 19:00:01');
INSERT INTO `storehouses_products` (`id`, `storehouse_id`, `product_id`, `value`, `created_at`, `updated_at`) VALUES ('188', '4', '84', 8, '2020-08-24 08:10:29', '2020-08-24 19:00:01');
INSERT INTO `storehouses_products` (`id`, `storehouse_id`, `product_id`, `value`, `created_at`, `updated_at`) VALUES ('189', '4', '23', 12, '2020-08-22 08:03:38', '2020-08-24 19:00:01');
INSERT INTO `storehouses_products` (`id`, `storehouse_id`, `product_id`, `value`, `created_at`, `updated_at`) VALUES ('190', '4', '13', 9, '2020-08-08 02:44:06', '2020-08-24 19:00:01');
INSERT INTO `storehouses_products` (`id`, `storehouse_id`, `product_id`, `value`, `created_at`, `updated_at`) VALUES ('191', '1', '29', 11, '2020-08-22 04:55:44', '2020-08-24 19:00:01');
INSERT INTO `storehouses_products` (`id`, `storehouse_id`, `product_id`, `value`, `created_at`, `updated_at`) VALUES ('192', '2', '71', 10, '2020-08-08 22:29:50', '2020-08-24 19:00:01');
INSERT INTO `storehouses_products` (`id`, `storehouse_id`, `product_id`, `value`, `created_at`, `updated_at`) VALUES ('193', '4', '2', 9, '2020-08-24 16:27:09', '2020-08-24 19:00:01');
INSERT INTO `storehouses_products` (`id`, `storehouse_id`, `product_id`, `value`, `created_at`, `updated_at`) VALUES ('194', '1', '31', 13, '2020-08-19 07:48:34', '2020-08-24 19:00:01');
INSERT INTO `storehouses_products` (`id`, `storehouse_id`, `product_id`, `value`, `created_at`, `updated_at`) VALUES ('195', '2', '75', 17, '2020-08-11 19:43:54', '2020-08-24 19:00:01');
INSERT INTO `storehouses_products` (`id`, `storehouse_id`, `product_id`, `value`, `created_at`, `updated_at`) VALUES ('196', '4', '41', 9, '2020-07-29 09:58:47', '2020-08-24 19:00:01');
INSERT INTO `storehouses_products` (`id`, `storehouse_id`, `product_id`, `value`, `created_at`, `updated_at`) VALUES ('197', '2', '23', 17, '2020-07-30 08:53:28', '2020-08-24 19:00:01');
INSERT INTO `storehouses_products` (`id`, `storehouse_id`, `product_id`, `value`, `created_at`, `updated_at`) VALUES ('198', '4', '68', 14, '2020-08-24 08:03:46', '2020-08-24 19:00:01');
INSERT INTO `storehouses_products` (`id`, `storehouse_id`, `product_id`, `value`, `created_at`, `updated_at`) VALUES ('199', '2', '3', 5, '2020-08-06 06:18:29', '2020-08-24 19:00:01');
INSERT INTO `storehouses_products` (`id`, `storehouse_id`, `product_id`, `value`, `created_at`, `updated_at`) VALUES ('200', '2', '68', 16, '2020-08-16 15:13:22', '2020-08-24 19:00:01');













