/*
Задание 2.
Используя сервис http://filldb.info или другой по вашему желанию, сгенерировать тестовые данные для всех таблиц, учитывая логику связей.
Для всех таблиц, где это имеет смысл, создать не менее 100 строк.
Загрузить тестовые данные.
Приложить к отчёту полученный дамп с данными.
*/

INSERT INTO friendship_statuses(name) VALUES ('request');
INSERT INTO friendship_statuses(name) VALUES ('confirmed');
INSERT INTO friendship_statuses(name) VALUES ('rejected');


INSERT INTO media_types(name) VALUES ('audio');
INSERT INTO media_types(name) VALUES ('image');
INSERT INTO media_types(name) VALUES ('video');


INSERT INTO users (id, first_name, last_name, email, phone) VALUES (1, 'Kade', 'Carroll', 'ttremblay@example.com', '(356)010-8892');
INSERT INTO users (id, first_name, last_name, email, phone) VALUES (2, 'Vivien', 'Corwin', 'kailee82@example.com', '544-960-8885');
INSERT INTO users (id, first_name, last_name, email, phone) VALUES (3, 'Phyllis', 'Parisian', 'harris.amiya@example.net', '456.876.9239x1993');
INSERT INTO users (id, first_name, last_name, email, phone) VALUES (4, 'Eileen', 'Corwin', 'aufderhar.tiara@example.net', '(523)055-8907');
INSERT INTO users (id, first_name, last_name, email, phone) VALUES (5, 'Furman', 'Lowe', 'cboyle@example.org', '334.471.8910');
INSERT INTO users (id, first_name, last_name, email, phone) VALUES (6, 'Thelma', 'McDermott', 'd\'angelo.torp@example.net', '1-652-020-1974');
INSERT INTO users (id, first_name, last_name, email, phone) VALUES (7, 'Marcel', 'Runolfsdottir', 'gutkowski.sasha@example.org', '506.336.3697x73230');
INSERT INTO users (id, first_name, last_name, email, phone) VALUES (8, 'Neil', 'Kohler', 'zherzog@example.com', '839-614-7395x5046');
INSERT INTO users (id, first_name, last_name, email, phone) VALUES (9, 'Rylee', 'Howell', 'rodrigo.schmitt@example.org', '547-829-0414x75104');
INSERT INTO users (id, first_name, last_name, email, phone) VALUES (10, 'Anibal', 'Glover', 'kirlin.freida@example.com', '668-227-5712x538');
INSERT INTO users (id, first_name, last_name, email, phone) VALUES (11, 'Ramiro', 'Kuhic', 'kari94@example.org', '(651)337-2396x92690');
INSERT INTO users (id, first_name, last_name, email, phone) VALUES (12, 'Claude', 'Lynch', 'haag.michaela@example.com', '07163227404');
INSERT INTO users (id, first_name, last_name, email, phone) VALUES (13, 'Perry', 'Reichert', 'kenyon.ledner@example.net', '269.820.3787');
INSERT INTO users (id, first_name, last_name, email, phone) VALUES (14, 'Suzanne', 'Kirlin', 'elza67@example.com', '(074)617-1896x742');
INSERT INTO users (id, first_name, last_name, email, phone) VALUES (15, 'Brionna', 'Weimann', 'chyna.gibson@example.com', '999.864.1879x5549');
INSERT INTO users (id, first_name, last_name, email, phone) VALUES (16, 'Cary', 'Carroll', 'dandre.collins@example.com', '108.658.7348x741');
INSERT INTO users (id, first_name, last_name, email, phone) VALUES (17, 'Claudia', 'Russel', 'adrien97@example.net', '1-108-372-1233x65865');
INSERT INTO users (id, first_name, last_name, email, phone) VALUES (18, 'Priscilla', 'Hoeger', 'hmitchell@example.org', '947.180.9264x6899');
INSERT INTO users (id, first_name, last_name, email, phone) VALUES (19, 'Cesar', 'Bernhard', 'marian.labadie@example.org', '1-301-346-5940');
INSERT INTO users (id, first_name, last_name, email, phone) VALUES (20, 'Sierra', 'Mraz', 'schamberger.patience@example.org', '1-808-861-8568x78360');
INSERT INTO users (id, first_name, last_name, email, phone) VALUES (21, 'Eli', 'Ratke', 'swaniawski.brice@example.com', '(787)199-9754x270');
INSERT INTO users (id, first_name, last_name, email, phone) VALUES (22, 'Keaton', 'Roberts', 'xreynolds@example.net', '868-796-2640x20513');
INSERT INTO users (id, first_name, last_name, email, phone) VALUES (23, 'Kavon', 'Parker', 'elouise52@example.com', '+14(8)7312418227');
INSERT INTO users (id, first_name, last_name, email, phone) VALUES (24, 'Boyd', 'Nitzsche', 'dillan.medhurst@example.com', '965.038.3453x2056');
INSERT INTO users (id, first_name, last_name, email, phone) VALUES (25, 'Orland', 'Lueilwitz', 'auer.jake@example.net', '01373512075');
INSERT INTO users (id, first_name, last_name, email, phone) VALUES (26, 'Kennith', 'Russel', 'shawna54@example.org', '184-900-8480x202');
INSERT INTO users (id, first_name, last_name, email, phone) VALUES (27, 'Georgianna', 'O\'Kon', 'cvandervort@example.net', '(953)578-6523');
INSERT INTO users (id, first_name, last_name, email, phone) VALUES (28, 'Jackie', 'Kuhlman', 'clabadie@example.org', '(141)767-6004x8732');
INSERT INTO users (id, first_name, last_name, email, phone) VALUES (29, 'Nestor', 'Baumbach', 'shyanne.little@example.net', '1-944-057-0184x3735');
INSERT INTO users (id, first_name, last_name, email, phone) VALUES (30, 'Marina', 'Prohaska', 'qtorp@example.org', '405.254.9034');
INSERT INTO users (id, first_name, last_name, email, phone) VALUES (31, 'Gisselle', 'Wolff', 'kelli.cummerata@example.net', '1-801-774-9271x66100');
INSERT INTO users (id, first_name, last_name, email, phone) VALUES (32, 'Freida', 'Graham', 'camila66@example.net', '1-890-081-6007x7703');
INSERT INTO users (id, first_name, last_name, email, phone) VALUES (33, 'Deon', 'Kreiger', 'mertz.zelda@example.org', '09278484447');
INSERT INTO users (id, first_name, last_name, email, phone) VALUES (34, 'Beau', 'Reilly', 'dietrich.christina@example.net', '+26(6)5680096036');
INSERT INTO users (id, first_name, last_name, email, phone) VALUES (35, 'Amani', 'Krajcik', 'worn@example.org', '293.157.8870x37424');
INSERT INTO users (id, first_name, last_name, email, phone) VALUES (36, 'Marilyne', 'Hansen', 'thompson.genevieve@example.org', '+91(4)7056204854');
INSERT INTO users (id, first_name, last_name, email, phone) VALUES (37, 'Lempi', 'Powlowski', 'zkozey@example.com', '(146)224-4114');
INSERT INTO users (id, first_name, last_name, email, phone) VALUES (38, 'Giovanni', 'Keebler', 'stanton.valentin@example.com', '(152)033-3352');
INSERT INTO users (id, first_name, last_name, email, phone) VALUES (39, 'Eleanora', 'Watsica', 'windler.william@example.org', '+31(8)4379746834');
INSERT INTO users (id, first_name, last_name, email, phone) VALUES (40, 'Hal', 'Wolf', 'ivonrueden@example.org', '850.126.3321x64718');
INSERT INTO users (id, first_name, last_name, email, phone) VALUES (41, 'Xander', 'Streich', 'dickinson.friedrich@example.org', '738.041.2009x1060');
INSERT INTO users (id, first_name, last_name, email, phone) VALUES (42, 'Hugh', 'Wiza', 'uo\'keefe@example.org', '867-824-2328x4530');
INSERT INTO users (id, first_name, last_name, email, phone) VALUES (43, 'Garett', 'Douglas', 'dbecker@example.org', '544.650.6943');
INSERT INTO users (id, first_name, last_name, email, phone) VALUES (44, 'Waylon', 'Koepp', 'howell.daniela@example.com', '(144)605-7999');
INSERT INTO users (id, first_name, last_name, email, phone) VALUES (45, 'Frederique', 'Wiegand', 'dahlia.howell@example.net', '1-772-007-3224x08420');
INSERT INTO users (id, first_name, last_name, email, phone) VALUES (46, 'Maxine', 'Hackett', 'qfahey@example.org', '+53(7)5563164921');
INSERT INTO users (id, first_name, last_name, email, phone) VALUES (47, 'Sydni', 'Stanton', 'leffler.madeline@example.net', '(184)060-8567x95221');
INSERT INTO users (id, first_name, last_name, email, phone) VALUES (48, 'Sienna', 'Bosco', 'juliet.gutkowski@example.org', '(728)131-3169');
INSERT INTO users (id, first_name, last_name, email, phone) VALUES (49, 'Estella', 'Fisher', 'erdman.alford@example.com', '1-876-866-7650');
INSERT INTO users (id, first_name, last_name, email, phone) VALUES (50, 'Rebeca', 'Davis', 'hoeger.gabe@example.org', '+77(3)0892235191');
INSERT INTO users (id, first_name, last_name, email, phone) VALUES (51, 'Elmer', 'Gottlieb', 'tiffany.christiansen@example.org', '1-507-767-6277x656');
INSERT INTO users (id, first_name, last_name, email, phone) VALUES (52, 'Reyna', 'Schmitt', 'treutel.dion@example.org', '955-717-1872x295');
INSERT INTO users (id, first_name, last_name, email, phone) VALUES (53, 'Liza', 'Bechtelar', 'lindgren.lloyd@example.org', '173-150-7224x76779');
INSERT INTO users (id, first_name, last_name, email, phone) VALUES (54, 'Billy', 'Muller', 'ramiro05@example.org', '02975312568');
INSERT INTO users (id, first_name, last_name, email, phone) VALUES (55, 'Salvador', 'Witting', 'margarette.rath@example.com', '(295)454-8216x206');
INSERT INTO users (id, first_name, last_name, email, phone) VALUES (56, 'Josefa', 'Watsica', 'paolo.bergstrom@example.net', '+63(0)8485519660');
INSERT INTO users (id, first_name, last_name, email, phone) VALUES (57, 'Travis', 'Sanford', 'lynn02@example.com', '(756)107-0063x758');
INSERT INTO users (id, first_name, last_name, email, phone) VALUES (58, 'Bradley', 'Thiel', 'igoyette@example.org', '267-624-5108');
INSERT INTO users (id, first_name, last_name, email, phone) VALUES (59, 'Elisha', 'Toy', 'grice@example.org', '195-866-7242x8732');
INSERT INTO users (id, first_name, last_name, email, phone) VALUES (60, 'Annamarie', 'Medhurst', 'hans86@example.com', '(444)504-6241');
INSERT INTO users (id, first_name, last_name, email, phone) VALUES (61, 'Jaylan', 'Kessler', 'alek23@example.com', '+24(2)0692635603');
INSERT INTO users (id, first_name, last_name, email, phone) VALUES (62, 'Laurine', 'Schaefer', 'metz.joel@example.net', '(875)138-1986x440');
INSERT INTO users (id, first_name, last_name, email, phone) VALUES (63, 'Zoie', 'Crona', 'alaina.shanahan@example.com', '1-821-723-7956x9866');
INSERT INTO users (id, first_name, last_name, email, phone) VALUES (64, 'Foster', 'Kohler', 'yasmin.dibbert@example.net', '(012)112-1754');
INSERT INTO users (id, first_name, last_name, email, phone) VALUES (65, 'Ruthie', 'Hessel', 'mauricio.thiel@example.com', '(095)836-9893');
INSERT INTO users (id, first_name, last_name, email, phone) VALUES (66, 'Alysson', 'Steuber', 'gerhard.ebert@example.com', '862.597.3898');
INSERT INTO users (id, first_name, last_name, email, phone) VALUES (67, 'Allene', 'Hessel', 'vnikolaus@example.com', '1-938-094-6728');
INSERT INTO users (id, first_name, last_name, email, phone) VALUES (68, 'Paige', 'Okuneva', 'consuelo.schinner@example.org', '645.736.5791x3093');
INSERT INTO users (id, first_name, last_name, email, phone) VALUES (69, 'Josh', 'West', 'stoltenberg.danyka@example.org', '1-050-932-3979');
INSERT INTO users (id, first_name, last_name, email, phone) VALUES (70, 'Sonia', 'Sanford', 'lcorkery@example.net', '799-952-7249x575');
INSERT INTO users (id, first_name, last_name, email, phone) VALUES (71, 'Hassan', 'Senger', 'brodriguez@example.net', '03247590761');
INSERT INTO users (id, first_name, last_name, email, phone) VALUES (72, 'Carmelo', 'Stoltenberg', 'modesto11@example.net', '777.786.2283');
INSERT INTO users (id, first_name, last_name, email, phone) VALUES (73, 'Kiana', 'Bartell', 'schaefer.luis@example.org', '1-783-835-7709x607');
INSERT INTO users (id, first_name, last_name, email, phone) VALUES (74, 'Cleora', 'Lueilwitz', 'abbie76@example.com', '1-373-481-1022x20371');
INSERT INTO users (id, first_name, last_name, email, phone) VALUES (75, 'Alden', 'Schimmel', 'lubowitz.alfredo@example.org', '206.134.8316x675');
INSERT INTO users (id, first_name, last_name, email, phone) VALUES (76, 'Kattie', 'Powlowski', 'kameron40@example.org', '(903)815-7369x99243');
INSERT INTO users (id, first_name, last_name, email, phone) VALUES (77, 'Kristin', 'Kovacek', 'dcole@example.org', '1-368-465-0953');
INSERT INTO users (id, first_name, last_name, email, phone) VALUES (78, 'Louie', 'Ziemann', 'nfeest@example.net', '(930)355-6209x16971');
INSERT INTO users (id, first_name, last_name, email, phone) VALUES (79, 'Walton', 'Shields', 'kyundt@example.net', '(199)334-2855');
INSERT INTO users (id, first_name, last_name, email, phone) VALUES (80, 'Monroe', 'Feil', 'dudley60@example.net', '1-415-269-6965');
INSERT INTO users (id, first_name, last_name, email, phone) VALUES (81, 'Leann', 'Grant', 'lucas.o\'keefe@example.org', '880-601-1589x46518');
INSERT INTO users (id, first_name, last_name, email, phone) VALUES (82, 'Micah', 'Mohr', 'candida.dubuque@example.com', '034.952.0168x90361');
INSERT INTO users (id, first_name, last_name, email, phone) VALUES (83, 'Avis', 'Corkery', 'casper.hailee@example.net', '00914857142');
INSERT INTO users (id, first_name, last_name, email, phone) VALUES (84, 'Santa', 'Wiegand', 'ereynolds@example.net', '1-273-770-8531x42622');
INSERT INTO users (id, first_name, last_name, email, phone) VALUES (85, 'Reggie', 'Wilderman', 'satterfield.fiona@example.com', '1-350-277-9358x71978');
INSERT INTO users (id, first_name, last_name, email, phone) VALUES (86, 'Green', 'Bednar', 'zratke@example.org', '873-548-9817');
INSERT INTO users (id, first_name, last_name, email, phone) VALUES (87, 'Toy', 'Gutkowski', 'marilyne18@example.com', '305.037.6090x28668');
INSERT INTO users (id, first_name, last_name, email, phone) VALUES (88, 'Tyrell', 'Stehr', 'koelpin.price@example.org', '(756)236-8007x351');
INSERT INTO users (id, first_name, last_name, email, phone) VALUES (89, 'Kaleigh', 'Becker', 'harvey.isac@example.com', '03192242547');
INSERT INTO users (id, first_name, last_name, email, phone) VALUES (90, 'Werner', 'Beatty', 'alejandrin44@example.net', '(237)933-8183x515');
INSERT INTO users (id, first_name, last_name, email, phone) VALUES (91, 'Mathew', 'Lynch', 'nico.hayes@example.org', '(348)440-1306');
INSERT INTO users (id, first_name, last_name, email, phone) VALUES (92, 'Ocie', 'Cartwright', 'pbeier@example.net', '668-281-7969x15871');
INSERT INTO users (id, first_name, last_name, email, phone) VALUES (93, 'Raphael', 'Parisian', 'kiehn.jarvis@example.com', '(891)549-2820');
INSERT INTO users (id, first_name, last_name, email, phone) VALUES (94, 'Tierra', 'Beier', 'vandervort.charley@example.org', '(421)510-0001');
INSERT INTO users (id, first_name, last_name, email, phone) VALUES (95, 'Audra', 'Waelchi', 'ibailey@example.org', '099.551.8857');
INSERT INTO users (id, first_name, last_name, email, phone) VALUES (96, 'Shanna', 'Dickens', 'abbie73@example.org', '092.126.3427');
INSERT INTO users (id, first_name, last_name, email, phone) VALUES (97, 'Deangelo', 'Pfannerstill', 'rosella34@example.com', '1-919-353-5407x545');
INSERT INTO users (id, first_name, last_name, email, phone) VALUES (98, 'Astrid', 'Bosco', 'patience07@example.com', '+48(0)6666951790');
INSERT INTO users (id, first_name, last_name, email, phone) VALUES (99, 'Tess', 'Stehr', 'florida.brekke@example.net', '(774)207-7577x907');
INSERT INTO users (id, first_name, last_name, email, phone) VALUES (100, 'Alene', 'Hickle', 'beahan.julianne@example.org', '406-303-9373');


INSERT INTO profiles (user_id, gender, birthday, photo_id, city, country) VALUES (1, '0', '1937-02-20', NULL, 'Aubreechester', 'Svalbard & Jan Mayen Islands');
INSERT INTO profiles (user_id, gender, birthday, photo_id, city, country) VALUES (2, '0', '1920-10-31', NULL, 'Lake Keaton', 'Albania');
INSERT INTO profiles (user_id, gender, birthday, photo_id, city, country) VALUES (3, '0', '1925-02-16', NULL, 'Port Nathanial', 'Saint Vincent and the Grenadines');
INSERT INTO profiles (user_id, gender, birthday, photo_id, city, country) VALUES (4, '0', '1927-12-07', NULL, 'Streichborough', 'Faroe Islands');
INSERT INTO profiles (user_id, gender, birthday, photo_id, city, country) VALUES (5, '1', '1951-04-01', NULL, 'New Izaiahton', 'Finland');
INSERT INTO profiles (user_id, gender, birthday, photo_id, city, country) VALUES (6, '1', '1980-10-06', NULL, 'South Walker', 'Gabon');
INSERT INTO profiles (user_id, gender, birthday, photo_id, city, country) VALUES (7, '1', '1955-01-25', NULL, 'Lutherborough', 'Palestinian Territory');
INSERT INTO profiles (user_id, gender, birthday, photo_id, city, country) VALUES (8, '0', '1994-08-30', NULL, 'Lake Queen', 'Libyan Arab Jamahiriya');
INSERT INTO profiles (user_id, gender, birthday, photo_id, city, country) VALUES (9, '0', '1989-09-11', NULL, 'Kirlinmouth', 'Brunei Darussalam');
INSERT INTO profiles (user_id, gender, birthday, photo_id, city, country) VALUES (10, '1', '1952-07-13', NULL, 'Stephenton', 'Ethiopia');
INSERT INTO profiles (user_id, gender, birthday, photo_id, city, country) VALUES (11, '1', '1953-08-08', NULL, 'Lynchside', 'Pitcairn Islands');
INSERT INTO profiles (user_id, gender, birthday, photo_id, city, country) VALUES (12, '1', '1967-12-07', NULL, 'Boyerberg', 'Oman');
INSERT INTO profiles (user_id, gender, birthday, photo_id, city, country) VALUES (13, '1', '1951-10-25', NULL, 'Prohaskabury', 'Cameroon');
INSERT INTO profiles (user_id, gender, birthday, photo_id, city, country) VALUES (14, '1', '1992-02-06', NULL, 'North Mozelletown', 'Namibia');
INSERT INTO profiles (user_id, gender, birthday, photo_id, city, country) VALUES (15, '0', '1958-04-30', NULL, 'Lexibury', 'Slovenia');
INSERT INTO profiles (user_id, gender, birthday, photo_id, city, country) VALUES (16, '0', '2019-02-15', NULL, 'North Maudieview', 'Vietnam');
INSERT INTO profiles (user_id, gender, birthday, photo_id, city, country) VALUES (17, '1', '1964-07-20', NULL, 'New Leopold', 'Palestinian Territory');
INSERT INTO profiles (user_id, gender, birthday, photo_id, city, country) VALUES (18, '0', '1931-09-17', NULL, 'Lake Celineville', 'Botswana');
INSERT INTO profiles (user_id, gender, birthday, photo_id, city, country) VALUES (19, '0', '1944-12-01', NULL, 'Guychester', 'Norfolk Island');
INSERT INTO profiles (user_id, gender, birthday, photo_id, city, country) VALUES (20, '0', '2018-11-16', NULL, 'Labadiemouth', 'French Polynesia');
INSERT INTO profiles (user_id, gender, birthday, photo_id, city, country) VALUES (21, '1', '1949-12-18', NULL, 'Port Amira', 'Slovakia (Slovak Republic)');
INSERT INTO profiles (user_id, gender, birthday, photo_id, city, country) VALUES (22, '0', '1976-07-26', NULL, 'West Otisfort', 'Luxembourg');
INSERT INTO profiles (user_id, gender, birthday, photo_id, city, country) VALUES (23, '0', '1962-04-14', NULL, 'Krisside', 'Korea');
INSERT INTO profiles (user_id, gender, birthday, photo_id, city, country) VALUES (24, '0', '1934-03-19', NULL, 'Port Vilma', 'Ukraine');
INSERT INTO profiles (user_id, gender, birthday, photo_id, city, country) VALUES (25, '1', '1957-08-02', NULL, 'North Angusberg', 'Malaysia');
INSERT INTO profiles (user_id, gender, birthday, photo_id, city, country) VALUES (26, '0', '1928-01-28', NULL, 'Lake Cristobal', 'Honduras');
INSERT INTO profiles (user_id, gender, birthday, photo_id, city, country) VALUES (27, '0', '1953-07-04', NULL, 'Phyllisland', 'Nauru');
INSERT INTO profiles (user_id, gender, birthday, photo_id, city, country) VALUES (28, '1', '1946-06-12', NULL, 'New Coleburgh', 'Uzbekistan');
INSERT INTO profiles (user_id, gender, birthday, photo_id, city, country) VALUES (29, '0', '1952-03-30', NULL, 'West Gonzaloport', 'Wallis and Futuna');
INSERT INTO profiles (user_id, gender, birthday, photo_id, city, country) VALUES (30, '0', '1974-07-11', NULL, 'South Noble', 'Australia');
INSERT INTO profiles (user_id, gender, birthday, photo_id, city, country) VALUES (31, '0', '1966-08-02', NULL, 'South Gust', 'Burundi');
INSERT INTO profiles (user_id, gender, birthday, photo_id, city, country) VALUES (32, '1', '1925-01-04', NULL, 'Lake Pinkiechester', 'Haiti');
INSERT INTO profiles (user_id, gender, birthday, photo_id, city, country) VALUES (33, '1', '1933-12-08', NULL, 'South Leonechester', 'Saint Pierre and Miquelon');
INSERT INTO profiles (user_id, gender, birthday, photo_id, city, country) VALUES (34, '1', '1966-06-26', NULL, 'Parkerfort', 'Cambodia');
INSERT INTO profiles (user_id, gender, birthday, photo_id, city, country) VALUES (35, '0', '1930-09-01', NULL, 'New Amelie', 'United States Minor Outlying Islands');
INSERT INTO profiles (user_id, gender, birthday, photo_id, city, country) VALUES (36, '0', '1955-02-15', NULL, 'North Liana', 'Ireland');
INSERT INTO profiles (user_id, gender, birthday, photo_id, city, country) VALUES (37, '1', '2001-09-12', NULL, 'Lake Tom', 'Djibouti');
INSERT INTO profiles (user_id, gender, birthday, photo_id, city, country) VALUES (38, '1', '1986-03-19', NULL, 'Toneyborough', 'Madagascar');
INSERT INTO profiles (user_id, gender, birthday, photo_id, city, country) VALUES (39, '1', '1921-10-01', NULL, 'East Wilmertown', 'Israel');
INSERT INTO profiles (user_id, gender, birthday, photo_id, city, country) VALUES (40, '1', '1956-02-11', NULL, 'Noemiburgh', 'Thailand');
INSERT INTO profiles (user_id, gender, birthday, photo_id, city, country) VALUES (41, '0', '2019-10-31', NULL, 'Ramonaburgh', 'Spain');
INSERT INTO profiles (user_id, gender, birthday, photo_id, city, country) VALUES (42, '0', '1945-12-28', NULL, 'Gleichnermouth', 'Aruba');
INSERT INTO profiles (user_id, gender, birthday, photo_id, city, country) VALUES (43, '1', '1946-06-05', NULL, 'Larkinville', 'Hungary');
INSERT INTO profiles (user_id, gender, birthday, photo_id, city, country) VALUES (44, '1', '1977-01-20', NULL, 'Beulahberg', 'Palau');
INSERT INTO profiles (user_id, gender, birthday, photo_id, city, country) VALUES (45, '0', '1987-04-28', NULL, 'New Rebecca', 'Cayman Islands');
INSERT INTO profiles (user_id, gender, birthday, photo_id, city, country) VALUES (46, '1', '1986-10-19', NULL, 'New Caterinaville', 'Suriname');
INSERT INTO profiles (user_id, gender, birthday, photo_id, city, country) VALUES (47, '0', '2003-03-08', NULL, 'West Kaceyfort', 'Ecuador');
INSERT INTO profiles (user_id, gender, birthday, photo_id, city, country) VALUES (48, '1', '1989-04-25', NULL, 'West Hank', 'Mexico');
INSERT INTO profiles (user_id, gender, birthday, photo_id, city, country) VALUES (49, '1', '1961-09-10', NULL, 'Patiencebury', 'Armenia');
INSERT INTO profiles (user_id, gender, birthday, photo_id, city, country) VALUES (50, '1', '2005-06-18', NULL, 'Monahanshire', 'Guernsey');
INSERT INTO profiles (user_id, gender, birthday, photo_id, city, country) VALUES (51, '1', '1958-07-20', NULL, 'New Zelma', 'Western Sahara');
INSERT INTO profiles (user_id, gender, birthday, photo_id, city, country) VALUES (52, '0', '1967-09-06', NULL, 'Port Cristobal', 'Kiribati');
INSERT INTO profiles (user_id, gender, birthday, photo_id, city, country) VALUES (53, '0', '1941-02-23', NULL, 'West Tinaburgh', 'Vanuatu');
INSERT INTO profiles (user_id, gender, birthday, photo_id, city, country) VALUES (54, '0', '1947-10-08', NULL, 'Batzburgh', 'Vietnam');
INSERT INTO profiles (user_id, gender, birthday, photo_id, city, country) VALUES (55, '0', '1957-05-28', NULL, 'Wintheiserberg', 'Wallis and Futuna');
INSERT INTO profiles (user_id, gender, birthday, photo_id, city, country) VALUES (56, '0', '2019-06-21', NULL, 'South Lionelmouth', 'Cape Verde');
INSERT INTO profiles (user_id, gender, birthday, photo_id, city, country) VALUES (57, '1', '1963-12-15', NULL, 'Kelsieburgh', 'South Georgia and the South Sandwich Islands');
INSERT INTO profiles (user_id, gender, birthday, photo_id, city, country) VALUES (58, '0', '2005-08-25', NULL, 'Vitaburgh', 'Finland');
INSERT INTO profiles (user_id, gender, birthday, photo_id, city, country) VALUES (59, '0', '1929-10-21', NULL, 'Burdetteton', 'Saint Martin');
INSERT INTO profiles (user_id, gender, birthday, photo_id, city, country) VALUES (60, '0', '2014-07-17', NULL, 'New Bartholomefurt', 'French Polynesia');
INSERT INTO profiles (user_id, gender, birthday, photo_id, city, country) VALUES (61, '0', '1949-04-23', NULL, 'Lake Clevelandfurt', 'Western Sahara');
INSERT INTO profiles (user_id, gender, birthday, photo_id, city, country) VALUES (62, '0', '1985-01-15', NULL, 'West Nikko', 'Cote d\'Ivoire');
INSERT INTO profiles (user_id, gender, birthday, photo_id, city, country) VALUES (63, '1', '1946-05-31', NULL, 'East Burleyside', 'Ethiopia');
INSERT INTO profiles (user_id, gender, birthday, photo_id, city, country) VALUES (64, '0', '2010-12-27', NULL, 'West Everettburgh', 'Iran');
INSERT INTO profiles (user_id, gender, birthday, photo_id, city, country) VALUES (65, '1', '1964-02-01', NULL, 'Port Danny', 'Botswana');
INSERT INTO profiles (user_id, gender, birthday, photo_id, city, country) VALUES (66, '0', '1964-11-02', NULL, 'Lemkemouth', 'Eritrea');
INSERT INTO profiles (user_id, gender, birthday, photo_id, city, country) VALUES (67, '0', '1999-05-17', NULL, 'North Willie', 'Mozambique');
INSERT INTO profiles (user_id, gender, birthday, photo_id, city, country) VALUES (68, '0', '1971-11-23', NULL, 'Nyaland', 'Saint Lucia');
INSERT INTO profiles (user_id, gender, birthday, photo_id, city, country) VALUES (69, '1', '1941-11-11', NULL, 'West Idella', 'Norfolk Island');
INSERT INTO profiles (user_id, gender, birthday, photo_id, city, country) VALUES (70, '0', '1969-07-07', NULL, 'Alexzanderville', 'Isle of Man');
INSERT INTO profiles (user_id, gender, birthday, photo_id, city, country) VALUES (71, '0', '1927-07-13', NULL, 'Lake Jacques', 'Latvia');
INSERT INTO profiles (user_id, gender, birthday, photo_id, city, country) VALUES (72, '0', '1934-10-31', NULL, 'Raymondtown', 'Nigeria');
INSERT INTO profiles (user_id, gender, birthday, photo_id, city, country) VALUES (73, '0', '1968-04-08', NULL, 'Margarettborough', 'Hungary');
INSERT INTO profiles (user_id, gender, birthday, photo_id, city, country) VALUES (74, '1', '1971-07-18', NULL, 'South Michaelabury', 'Russian Federation');
INSERT INTO profiles (user_id, gender, birthday, photo_id, city, country) VALUES (75, '1', '2000-10-07', NULL, 'New Heber', 'Germany');
INSERT INTO profiles (user_id, gender, birthday, photo_id, city, country) VALUES (76, '1', '1947-10-24', NULL, 'North Tiarafort', 'China');
INSERT INTO profiles (user_id, gender, birthday, photo_id, city, country) VALUES (77, '1', '1961-11-26', NULL, 'Manuelburgh', 'Saint Lucia');
INSERT INTO profiles (user_id, gender, birthday, photo_id, city, country) VALUES (78, '0', '2013-03-07', NULL, 'North Houstonborough', 'Spain');
INSERT INTO profiles (user_id, gender, birthday, photo_id, city, country) VALUES (79, '0', '1987-09-26', NULL, 'North Palma', 'Somalia');
INSERT INTO profiles (user_id, gender, birthday, photo_id, city, country) VALUES (80, '1', '1931-05-28', NULL, 'Paucekmouth', 'Saint Barthelemy');
INSERT INTO profiles (user_id, gender, birthday, photo_id, city, country) VALUES (81, '1', '2000-11-24', NULL, 'D\'Amoreburgh', 'Togo');
INSERT INTO profiles (user_id, gender, birthday, photo_id, city, country) VALUES (82, '0', '1992-02-24', NULL, 'Alexchester', 'Hong Kong');
INSERT INTO profiles (user_id, gender, birthday, photo_id, city, country) VALUES (83, '0', '1947-02-27', NULL, 'Naderfurt', 'Egypt');
INSERT INTO profiles (user_id, gender, birthday, photo_id, city, country) VALUES (84, '0', '1963-01-01', NULL, 'Kesslerview', 'Central African Republic');
INSERT INTO profiles (user_id, gender, birthday, photo_id, city, country) VALUES (85, '1', '1936-04-19', NULL, 'Freedaburgh', 'Guinea-Bissau');
INSERT INTO profiles (user_id, gender, birthday, photo_id, city, country) VALUES (86, '0', '1978-08-11', NULL, 'Williamsonville', 'Nepal');
INSERT INTO profiles (user_id, gender, birthday, photo_id, city, country) VALUES (87, '0', '1977-05-17', NULL, 'Kutchland', 'Saint Pierre and Miquelon');
INSERT INTO profiles (user_id, gender, birthday, photo_id, city, country) VALUES (88, '1', '2011-11-20', NULL, 'South Loma', 'Netherlands');
INSERT INTO profiles (user_id, gender, birthday, photo_id, city, country) VALUES (89, '1', '1961-11-16', NULL, 'Port Sigurd', 'Macedonia');
INSERT INTO profiles (user_id, gender, birthday, photo_id, city, country) VALUES (90, '0', '1991-06-06', NULL, 'South Gonzalotown', 'Cocos (Keeling) Islands');
INSERT INTO profiles (user_id, gender, birthday, photo_id, city, country) VALUES (91, '0', '1960-06-13', NULL, 'Larkinview', 'Bosnia and Herzegovina');
INSERT INTO profiles (user_id, gender, birthday, photo_id, city, country) VALUES (92, '1', '1940-03-22', NULL, 'Maxineland', 'Greenland');
INSERT INTO profiles (user_id, gender, birthday, photo_id, city, country) VALUES (93, '0', '1981-07-28', NULL, 'South Zeldamouth', 'Equatorial Guinea');
INSERT INTO profiles (user_id, gender, birthday, photo_id, city, country) VALUES (94, '0', '1990-12-15', NULL, 'West Reillyfort', 'Croatia');
INSERT INTO profiles (user_id, gender, birthday, photo_id, city, country) VALUES (95, '0', '1983-10-25', NULL, 'North Trentshire', 'Tonga');
INSERT INTO profiles (user_id, gender, birthday, photo_id, city, country) VALUES (96, '0', '1994-09-27', NULL, 'North Augustustown', 'Niger');
INSERT INTO profiles (user_id, gender, birthday, photo_id, city, country) VALUES (97, '1', '2015-12-25', NULL, 'Yostfort', 'Central African Republic');
INSERT INTO profiles (user_id, gender, birthday, photo_id, city, country) VALUES (98, '1', '1929-01-12', NULL, 'Monahanfurt', 'Vanuatu');
INSERT INTO profiles (user_id, gender, birthday, photo_id, city, country) VALUES (99, '0', '1952-10-02', NULL, 'Rowefurt', 'Japan');
INSERT INTO profiles (user_id, gender, birthday, photo_id, city, country) VALUES (100, '0', '1937-11-18', NULL, 'Port Rickyhaven', 'Cambodia');


INSERT INTO communities (id, name) VALUES (74, 'accusantium');
INSERT INTO communities (id, name) VALUES (22, 'ad');
INSERT INTO communities (id, name) VALUES (38, 'adipisci');
INSERT INTO communities (id, name) VALUES (83, 'aliquam');
INSERT INTO communities (id, name) VALUES (60, 'aliquid');
INSERT INTO communities (id, name) VALUES (76, 'animi');
INSERT INTO communities (id, name) VALUES (66, 'architecto');
INSERT INTO communities (id, name) VALUES (95, 'asperiores');
INSERT INTO communities (id, name) VALUES (23, 'aut');
INSERT INTO communities (id, name) VALUES (58, 'autem');
INSERT INTO communities (id, name) VALUES (8, 'commodi');
INSERT INTO communities (id, name) VALUES (41, 'consequatur');
INSERT INTO communities (id, name) VALUES (45, 'consequuntur');
INSERT INTO communities (id, name) VALUES (68, 'corporis');
INSERT INTO communities (id, name) VALUES (37, 'corrupti');
INSERT INTO communities (id, name) VALUES (42, 'cupiditate');
INSERT INTO communities (id, name) VALUES (80, 'delectus');
INSERT INTO communities (id, name) VALUES (86, 'dolores');
INSERT INTO communities (id, name) VALUES (12, 'doloribus');
INSERT INTO communities (id, name) VALUES (32, 'dolorum');
INSERT INTO communities (id, name) VALUES (100, 'ducimus');
INSERT INTO communities (id, name) VALUES (84, 'ea');
INSERT INTO communities (id, name) VALUES (75, 'eligendi');
INSERT INTO communities (id, name) VALUES (59, 'enim');
INSERT INTO communities (id, name) VALUES (79, 'eos');
INSERT INTO communities (id, name) VALUES (77, 'error');
INSERT INTO communities (id, name) VALUES (47, 'est');
INSERT INTO communities (id, name) VALUES (20, 'et');
INSERT INTO communities (id, name) VALUES (70, 'eum');
INSERT INTO communities (id, name) VALUES (21, 'excepturi');
INSERT INTO communities (id, name) VALUES (82, 'exercitationem');
INSERT INTO communities (id, name) VALUES (31, 'expedita');
INSERT INTO communities (id, name) VALUES (16, 'facere');
INSERT INTO communities (id, name) VALUES (88, 'fuga');
INSERT INTO communities (id, name) VALUES (63, 'fugiat');
INSERT INTO communities (id, name) VALUES (64, 'fugit');
INSERT INTO communities (id, name) VALUES (78, 'harum');
INSERT INTO communities (id, name) VALUES (26, 'hic');
INSERT INTO communities (id, name) VALUES (5, 'id');
INSERT INTO communities (id, name) VALUES (3, 'illo');
INSERT INTO communities (id, name) VALUES (39, 'in');
INSERT INTO communities (id, name) VALUES (35, 'inventore');
INSERT INTO communities (id, name) VALUES (43, 'ipsa');
INSERT INTO communities (id, name) VALUES (62, 'iste');
INSERT INTO communities (id, name) VALUES (29, 'itaque');
INSERT INTO communities (id, name) VALUES (53, 'iusto');
INSERT INTO communities (id, name) VALUES (94, 'laboriosam');
INSERT INTO communities (id, name) VALUES (15, 'laborum');
INSERT INTO communities (id, name) VALUES (24, 'magnam');
INSERT INTO communities (id, name) VALUES (55, 'magni');
INSERT INTO communities (id, name) VALUES (73, 'maiores');
INSERT INTO communities (id, name) VALUES (97, 'minus');
INSERT INTO communities (id, name) VALUES (65, 'molestiae');
INSERT INTO communities (id, name) VALUES (19, 'mollitia');
INSERT INTO communities (id, name) VALUES (92, 'nam');
INSERT INTO communities (id, name) VALUES (27, 'nemo');
INSERT INTO communities (id, name) VALUES (93, 'neque');
INSERT INTO communities (id, name) VALUES (67, 'nihil');
INSERT INTO communities (id, name) VALUES (50, 'non');
INSERT INTO communities (id, name) VALUES (6, 'numquam');
INSERT INTO communities (id, name) VALUES (85, 'occaecati');
INSERT INTO communities (id, name) VALUES (14, 'odio');
INSERT INTO communities (id, name) VALUES (90, 'omnis');
INSERT INTO communities (id, name) VALUES (17, 'pariatur');
INSERT INTO communities (id, name) VALUES (36, 'perferendis');
INSERT INTO communities (id, name) VALUES (49, 'placeat');
INSERT INTO communities (id, name) VALUES (57, 'porro');
INSERT INTO communities (id, name) VALUES (51, 'possimus');
INSERT INTO communities (id, name) VALUES (91, 'praesentium');
INSERT INTO communities (id, name) VALUES (28, 'provident');
INSERT INTO communities (id, name) VALUES (56, 'quasi');
INSERT INTO communities (id, name) VALUES (34, 'qui');
INSERT INTO communities (id, name) VALUES (1, 'quia');
INSERT INTO communities (id, name) VALUES (4, 'quis');
INSERT INTO communities (id, name) VALUES (11, 'quo');
INSERT INTO communities (id, name) VALUES (89, 'ratione');
INSERT INTO communities (id, name) VALUES (69, 'recusandae');
INSERT INTO communities (id, name) VALUES (96, 'rem');
INSERT INTO communities (id, name) VALUES (30, 'repellendus');
INSERT INTO communities (id, name) VALUES (9, 'repudiandae');
INSERT INTO communities (id, name) VALUES (40, 'rerum');
INSERT INTO communities (id, name) VALUES (48, 'saepe');
INSERT INTO communities (id, name) VALUES (99, 'sapiente');
INSERT INTO communities (id, name) VALUES (13, 'sed');
INSERT INTO communities (id, name) VALUES (46, 'sint');
INSERT INTO communities (id, name) VALUES (54, 'sit');
INSERT INTO communities (id, name) VALUES (25, 'soluta');
INSERT INTO communities (id, name) VALUES (44, 'temporibus');
INSERT INTO communities (id, name) VALUES (98, 'tenetur');
INSERT INTO communities (id, name) VALUES (10, 'unde');
INSERT INTO communities (id, name) VALUES (7, 'ut');
INSERT INTO communities (id, name) VALUES (71, 'vel');
INSERT INTO communities (id, name) VALUES (52, 'velit');
INSERT INTO communities (id, name) VALUES (61, 'veniam');
INSERT INTO communities (id, name) VALUES (18, 'vero');
INSERT INTO communities (id, name) VALUES (87, 'vitae');
INSERT INTO communities (id, name) VALUES (33, 'voluptas');
INSERT INTO communities (id, name) VALUES (81, 'voluptate');
INSERT INTO communities (id, name) VALUES (2, 'voluptatem');
INSERT INTO communities (id, name) VALUES (72, 'voluptates');


INSERT INTO communities_users (community_id, user_id) VALUES (1, 37);
INSERT INTO communities_users (community_id, user_id) VALUES (2, 58);
INSERT INTO communities_users (community_id, user_id) VALUES (4, 9);
INSERT INTO communities_users (community_id, user_id) VALUES (4, 72);
INSERT INTO communities_users (community_id, user_id) VALUES (4, 89);
INSERT INTO communities_users (community_id, user_id) VALUES (5, 52);
INSERT INTO communities_users (community_id, user_id) VALUES (5, 69);
INSERT INTO communities_users (community_id, user_id) VALUES (5, 99);
INSERT INTO communities_users (community_id, user_id) VALUES (6, 24);
INSERT INTO communities_users (community_id, user_id) VALUES (6, 42);
INSERT INTO communities_users (community_id, user_id) VALUES (6, 56);
INSERT INTO communities_users (community_id, user_id) VALUES (8, 28);
INSERT INTO communities_users (community_id, user_id) VALUES (8, 63);
INSERT INTO communities_users (community_id, user_id) VALUES (13, 32);
INSERT INTO communities_users (community_id, user_id) VALUES (14, 98);
INSERT INTO communities_users (community_id, user_id) VALUES (15, 36);
INSERT INTO communities_users (community_id, user_id) VALUES (18, 67);
INSERT INTO communities_users (community_id, user_id) VALUES (20, 13);
INSERT INTO communities_users (community_id, user_id) VALUES (20, 57);
INSERT INTO communities_users (community_id, user_id) VALUES (24, 64);
INSERT INTO communities_users (community_id, user_id) VALUES (24, 82);
INSERT INTO communities_users (community_id, user_id) VALUES (25, 64);
INSERT INTO communities_users (community_id, user_id) VALUES (26, 24);
INSERT INTO communities_users (community_id, user_id) VALUES (26, 40);
INSERT INTO communities_users (community_id, user_id) VALUES (26, 66);
INSERT INTO communities_users (community_id, user_id) VALUES (26, 92);
INSERT INTO communities_users (community_id, user_id) VALUES (27, 78);
INSERT INTO communities_users (community_id, user_id) VALUES (29, 74);
INSERT INTO communities_users (community_id, user_id) VALUES (30, 63);
INSERT INTO communities_users (community_id, user_id) VALUES (33, 48);
INSERT INTO communities_users (community_id, user_id) VALUES (34, 41);
INSERT INTO communities_users (community_id, user_id) VALUES (36, 17);
INSERT INTO communities_users (community_id, user_id) VALUES (37, 38);
INSERT INTO communities_users (community_id, user_id) VALUES (37, 85);
INSERT INTO communities_users (community_id, user_id) VALUES (40, 9);
INSERT INTO communities_users (community_id, user_id) VALUES (40, 89);
INSERT INTO communities_users (community_id, user_id) VALUES (41, 30);
INSERT INTO communities_users (community_id, user_id) VALUES (44, 28);
INSERT INTO communities_users (community_id, user_id) VALUES (47, 28);
INSERT INTO communities_users (community_id, user_id) VALUES (47, 57);
INSERT INTO communities_users (community_id, user_id) VALUES (48, 95);
INSERT INTO communities_users (community_id, user_id) VALUES (49, 99);
INSERT INTO communities_users (community_id, user_id) VALUES (51, 26);
INSERT INTO communities_users (community_id, user_id) VALUES (51, 30);
INSERT INTO communities_users (community_id, user_id) VALUES (52, 4);
INSERT INTO communities_users (community_id, user_id) VALUES (52, 99);
INSERT INTO communities_users (community_id, user_id) VALUES (53, 5);
INSERT INTO communities_users (community_id, user_id) VALUES (53, 63);
INSERT INTO communities_users (community_id, user_id) VALUES (55, 81);
INSERT INTO communities_users (community_id, user_id) VALUES (56, 99);
INSERT INTO communities_users (community_id, user_id) VALUES (57, 32);
INSERT INTO communities_users (community_id, user_id) VALUES (57, 58);
INSERT INTO communities_users (community_id, user_id) VALUES (59, 25);
INSERT INTO communities_users (community_id, user_id) VALUES (59, 47);
INSERT INTO communities_users (community_id, user_id) VALUES (59, 52);
INSERT INTO communities_users (community_id, user_id) VALUES (61, 33);
INSERT INTO communities_users (community_id, user_id) VALUES (61, 54);
INSERT INTO communities_users (community_id, user_id) VALUES (62, 100);
INSERT INTO communities_users (community_id, user_id) VALUES (63, 13);
INSERT INTO communities_users (community_id, user_id) VALUES (64, 17);
INSERT INTO communities_users (community_id, user_id) VALUES (66, 13);
INSERT INTO communities_users (community_id, user_id) VALUES (67, 18);
INSERT INTO communities_users (community_id, user_id) VALUES (70, 41);
INSERT INTO communities_users (community_id, user_id) VALUES (71, 62);
INSERT INTO communities_users (community_id, user_id) VALUES (71, 80);
INSERT INTO communities_users (community_id, user_id) VALUES (72, 18);
INSERT INTO communities_users (community_id, user_id) VALUES (72, 89);
INSERT INTO communities_users (community_id, user_id) VALUES (73, 26);
INSERT INTO communities_users (community_id, user_id) VALUES (74, 15);
INSERT INTO communities_users (community_id, user_id) VALUES (74, 61);
INSERT INTO communities_users (community_id, user_id) VALUES (75, 10);
INSERT INTO communities_users (community_id, user_id) VALUES (75, 16);
INSERT INTO communities_users (community_id, user_id) VALUES (75, 40);
INSERT INTO communities_users (community_id, user_id) VALUES (76, 10);
INSERT INTO communities_users (community_id, user_id) VALUES (79, 35);
INSERT INTO communities_users (community_id, user_id) VALUES (79, 74);
INSERT INTO communities_users (community_id, user_id) VALUES (81, 33);
INSERT INTO communities_users (community_id, user_id) VALUES (81, 56);
INSERT INTO communities_users (community_id, user_id) VALUES (81, 61);
INSERT INTO communities_users (community_id, user_id) VALUES (82, 52);
INSERT INTO communities_users (community_id, user_id) VALUES (83, 19);
INSERT INTO communities_users (community_id, user_id) VALUES (83, 67);
INSERT INTO communities_users (community_id, user_id) VALUES (83, 98);
INSERT INTO communities_users (community_id, user_id) VALUES (84, 8);
INSERT INTO communities_users (community_id, user_id) VALUES (84, 47);
INSERT INTO communities_users (community_id, user_id) VALUES (85, 34);
INSERT INTO communities_users (community_id, user_id) VALUES (85, 53);
INSERT INTO communities_users (community_id, user_id) VALUES (87, 51);
INSERT INTO communities_users (community_id, user_id) VALUES (88, 17);
INSERT INTO communities_users (community_id, user_id) VALUES (89, 34);
INSERT INTO communities_users (community_id, user_id) VALUES (89, 59);
INSERT INTO communities_users (community_id, user_id) VALUES (90, 73);
INSERT INTO communities_users (community_id, user_id) VALUES (91, 85);
INSERT INTO communities_users (community_id, user_id) VALUES (91, 97);
INSERT INTO communities_users (community_id, user_id) VALUES (94, 81);
INSERT INTO communities_users (community_id, user_id) VALUES (94, 97);
INSERT INTO communities_users (community_id, user_id) VALUES (99, 4);
INSERT INTO communities_users (community_id, user_id) VALUES (99, 5);
INSERT INTO communities_users (community_id, user_id) VALUES (99, 98);
INSERT INTO communities_users (community_id, user_id) VALUES (100, 26);


INSERT INTO friendship (user_id, friend_id, status_id, requested_at, confirmed_at) VALUES (93, 4, 3, '2020-07-08 19:43:46', '2020-06-23 11:12:25');
INSERT INTO friendship (user_id, friend_id, status_id, requested_at, confirmed_at) VALUES (4, 79, 3, '2020-07-18 23:44:57', '2020-07-10 20:44:06');
INSERT INTO friendship (user_id, friend_id, status_id, requested_at, confirmed_at) VALUES (32, 39, 3, '2020-07-12 01:18:25', '2020-07-05 13:33:14');
INSERT INTO friendship (user_id, friend_id, status_id, requested_at, confirmed_at) VALUES (43, 56, 3, '2020-06-22 12:31:21', '2020-07-09 22:03:30');
INSERT INTO friendship (user_id, friend_id, status_id, requested_at, confirmed_at) VALUES (26, 34, 1, '2020-07-18 06:26:24', '2020-07-03 20:52:35');
INSERT INTO friendship (user_id, friend_id, status_id, requested_at, confirmed_at) VALUES (69, 22, 2, '2020-06-20 09:08:13', '2020-07-16 07:27:05');
INSERT INTO friendship (user_id, friend_id, status_id, requested_at, confirmed_at) VALUES (86, 83, 1, '2020-07-08 07:20:32', '2020-06-26 20:13:19');
INSERT INTO friendship (user_id, friend_id, status_id, requested_at, confirmed_at) VALUES (13, 50, 2, '2020-07-07 12:54:58', '2020-06-23 10:35:25');
INSERT INTO friendship (user_id, friend_id, status_id, requested_at, confirmed_at) VALUES (62, 48, 3, '2020-07-09 12:20:07', '2020-07-17 17:39:50');
INSERT INTO friendship (user_id, friend_id, status_id, requested_at, confirmed_at) VALUES (30, 90, 2, '2020-06-24 03:41:26', '2020-06-26 01:43:22');
INSERT INTO friendship (user_id, friend_id, status_id, requested_at, confirmed_at) VALUES (43, 61, 2, '2020-07-18 12:40:18', '2020-06-22 22:03:40');
INSERT INTO friendship (user_id, friend_id, status_id, requested_at, confirmed_at) VALUES (78, 99, 1, '2020-06-28 06:19:34', '2020-07-02 19:56:19');
INSERT INTO friendship (user_id, friend_id, status_id, requested_at, confirmed_at) VALUES (10, 17, 1, '2020-06-26 18:43:14', '2020-06-23 01:38:04');
INSERT INTO friendship (user_id, friend_id, status_id, requested_at, confirmed_at) VALUES (13, 12, 2, '2020-07-03 17:22:04', '2020-06-23 21:12:21');
INSERT INTO friendship (user_id, friend_id, status_id, requested_at, confirmed_at) VALUES (30, 61, 2, '2020-06-24 08:11:41', '2020-06-22 19:02:40');
INSERT INTO friendship (user_id, friend_id, status_id, requested_at, confirmed_at) VALUES (73, 69, 1, '2020-07-14 19:19:07', '2020-07-05 17:04:49');
INSERT INTO friendship (user_id, friend_id, status_id, requested_at, confirmed_at) VALUES (72, 73, 1, '2020-07-03 21:16:44', '2020-07-05 10:37:22');
INSERT INTO friendship (user_id, friend_id, status_id, requested_at, confirmed_at) VALUES (94, 80, 1, '2020-07-09 00:07:18', '2020-07-19 01:41:06');
INSERT INTO friendship (user_id, friend_id, status_id, requested_at, confirmed_at) VALUES (24, 36, 3, '2020-07-08 04:32:28', '2020-07-09 23:57:36');
INSERT INTO friendship (user_id, friend_id, status_id, requested_at, confirmed_at) VALUES (24, 69, 2, '2020-07-11 09:28:46', '2020-07-07 07:41:05');
INSERT INTO friendship (user_id, friend_id, status_id, requested_at, confirmed_at) VALUES (27, 60, 2, '2020-06-30 18:05:18', '2020-06-22 01:37:13');
INSERT INTO friendship (user_id, friend_id, status_id, requested_at, confirmed_at) VALUES (81, 25, 2, '2020-07-04 16:32:53', '2020-06-27 17:35:40');
INSERT INTO friendship (user_id, friend_id, status_id, requested_at, confirmed_at) VALUES (2, 26, 3, '2020-07-14 22:43:35', '2020-07-15 12:43:38');
INSERT INTO friendship (user_id, friend_id, status_id, requested_at, confirmed_at) VALUES (35, 44, 1, '2020-06-30 01:23:27', '2020-07-17 23:53:30');
INSERT INTO friendship (user_id, friend_id, status_id, requested_at, confirmed_at) VALUES (87, 5, 1, '2020-06-27 19:16:37', '2020-07-13 13:44:57');
INSERT INTO friendship (user_id, friend_id, status_id, requested_at, confirmed_at) VALUES (40, 41, 1, '2020-06-27 03:30:13', '2020-06-20 10:14:59');
INSERT INTO friendship (user_id, friend_id, status_id, requested_at, confirmed_at) VALUES (18, 52, 3, '2020-07-12 14:07:33', '2020-06-19 23:38:21');
INSERT INTO friendship (user_id, friend_id, status_id, requested_at, confirmed_at) VALUES (77, 51, 3, '2020-07-06 10:46:06', '2020-07-11 16:53:19');
INSERT INTO friendship (user_id, friend_id, status_id, requested_at, confirmed_at) VALUES (86, 79, 1, '2020-06-29 03:55:22', '2020-06-29 23:33:09');
INSERT INTO friendship (user_id, friend_id, status_id, requested_at, confirmed_at) VALUES (63, 80, 2, '2020-06-20 04:21:12', '2020-07-03 08:28:43');
INSERT INTO friendship (user_id, friend_id, status_id, requested_at, confirmed_at) VALUES (50, 84, 1, '2020-07-13 12:04:25', '2020-06-21 10:06:47');
INSERT INTO friendship (user_id, friend_id, status_id, requested_at, confirmed_at) VALUES (72, 93, 1, '2020-07-10 16:55:20', '2020-07-08 11:23:43');
INSERT INTO friendship (user_id, friend_id, status_id, requested_at, confirmed_at) VALUES (31, 33, 2, '2020-07-15 17:19:17', '2020-06-26 09:35:18');
INSERT INTO friendship (user_id, friend_id, status_id, requested_at, confirmed_at) VALUES (59, 81, 1, '2020-06-30 17:43:27', '2020-07-04 07:12:14');
INSERT INTO friendship (user_id, friend_id, status_id, requested_at, confirmed_at) VALUES (76, 4, 3, '2020-07-12 10:33:41', '2020-07-08 13:01:35');
INSERT INTO friendship (user_id, friend_id, status_id, requested_at, confirmed_at) VALUES (65, 4, 3, '2020-07-10 01:30:28', '2020-07-03 02:40:39');
INSERT INTO friendship (user_id, friend_id, status_id, requested_at, confirmed_at) VALUES (2, 4, 1, '2020-06-22 08:30:40', '2020-07-01 22:56:03');
INSERT INTO friendship (user_id, friend_id, status_id, requested_at, confirmed_at) VALUES (57, 44, 3, '2020-07-09 11:53:48', '2020-07-03 00:35:44');
INSERT INTO friendship (user_id, friend_id, status_id, requested_at, confirmed_at) VALUES (47, 10, 1, '2020-06-20 05:23:25', '2020-07-14 13:36:59');
INSERT INTO friendship (user_id, friend_id, status_id, requested_at, confirmed_at) VALUES (10, 94, 1, '2020-06-22 02:22:11', '2020-06-27 03:08:18');
INSERT INTO friendship (user_id, friend_id, status_id, requested_at, confirmed_at) VALUES (39, 32, 2, '2020-07-19 02:21:49', '2020-06-29 09:01:39');
INSERT INTO friendship (user_id, friend_id, status_id, requested_at, confirmed_at) VALUES (12, 25, 2, '2020-07-06 18:00:57', '2020-07-18 23:54:04');
INSERT INTO friendship (user_id, friend_id, status_id, requested_at, confirmed_at) VALUES (65, 30, 2, '2020-06-22 21:20:51', '2020-06-23 07:33:27');
INSERT INTO friendship (user_id, friend_id, status_id, requested_at, confirmed_at) VALUES (71, 1, 3, '2020-07-12 01:49:08', '2020-06-26 19:26:03');
INSERT INTO friendship (user_id, friend_id, status_id, requested_at, confirmed_at) VALUES (84, 12, 1, '2020-07-04 16:55:53', '2020-07-08 04:54:35');
INSERT INTO friendship (user_id, friend_id, status_id, requested_at, confirmed_at) VALUES (49, 41, 2, '2020-06-24 14:17:25', '2020-06-25 20:30:45');
INSERT INTO friendship (user_id, friend_id, status_id, requested_at, confirmed_at) VALUES (23, 56, 2, '2020-06-22 12:38:19', '2020-06-25 13:04:29');
INSERT INTO friendship (user_id, friend_id, status_id, requested_at, confirmed_at) VALUES (5, 64, 3, '2020-07-06 06:45:20', '2020-07-11 00:58:22');
INSERT INTO friendship (user_id, friend_id, status_id, requested_at, confirmed_at) VALUES (4, 24, 2, '2020-06-30 01:35:51', '2020-07-19 09:56:22');
INSERT INTO friendship (user_id, friend_id, status_id, requested_at, confirmed_at) VALUES (62, 51, 3, '2020-06-28 05:08:39', '2020-06-26 00:16:21');
INSERT INTO friendship (user_id, friend_id, status_id, requested_at, confirmed_at) VALUES (22, 29, 2, '2020-06-27 14:41:15', '2020-07-16 08:15:32');
INSERT INTO friendship (user_id, friend_id, status_id, requested_at, confirmed_at) VALUES (68, 60, 2, '2020-06-29 17:08:13', '2020-07-13 20:05:58');
INSERT INTO friendship (user_id, friend_id, status_id, requested_at, confirmed_at) VALUES (72, 26, 3, '2020-06-30 17:56:18', '2020-07-17 12:56:56');
INSERT INTO friendship (user_id, friend_id, status_id, requested_at, confirmed_at) VALUES (85, 41, 1, '2020-07-15 10:54:34', '2020-06-30 08:58:48');
INSERT INTO friendship (user_id, friend_id, status_id, requested_at, confirmed_at) VALUES (6, 2, 2, '2020-06-20 14:28:16', '2020-07-07 02:39:11');
INSERT INTO friendship (user_id, friend_id, status_id, requested_at, confirmed_at) VALUES (88, 9, 3, '2020-06-26 06:30:16', '2020-07-18 00:34:10');
INSERT INTO friendship (user_id, friend_id, status_id, requested_at, confirmed_at) VALUES (80, 59, 2, '2020-07-09 06:22:23', '2020-06-23 12:08:56');
INSERT INTO friendship (user_id, friend_id, status_id, requested_at, confirmed_at) VALUES (11, 79, 3, '2020-07-07 08:54:36', '2020-06-28 22:35:30');
INSERT INTO friendship (user_id, friend_id, status_id, requested_at, confirmed_at) VALUES (22, 35, 3, '2020-06-24 11:15:39', '2020-07-04 18:40:12');
INSERT INTO friendship (user_id, friend_id, status_id, requested_at, confirmed_at) VALUES (31, 85, 1, '2020-07-07 16:44:24', '2020-07-19 10:02:22');
INSERT INTO friendship (user_id, friend_id, status_id, requested_at, confirmed_at) VALUES (17, 34, 2, '2020-06-26 05:08:35', '2020-06-20 12:14:04');
INSERT INTO friendship (user_id, friend_id, status_id, requested_at, confirmed_at) VALUES (27, 8, 2, '2020-07-10 04:11:57', '2020-07-13 11:31:59');
INSERT INTO friendship (user_id, friend_id, status_id, requested_at, confirmed_at) VALUES (43, 42, 3, '2020-06-20 04:06:12', '2020-07-10 03:40:15');
INSERT INTO friendship (user_id, friend_id, status_id, requested_at, confirmed_at) VALUES (67, 86, 2, '2020-07-06 20:56:35', '2020-07-03 15:17:31');
INSERT INTO friendship (user_id, friend_id, status_id, requested_at, confirmed_at) VALUES (22, 64, 1, '2020-06-25 01:59:57', '2020-06-30 15:08:04');
INSERT INTO friendship (user_id, friend_id, status_id, requested_at, confirmed_at) VALUES (90, 34, 2, '2020-07-14 19:06:04', '2020-06-23 11:46:55');
INSERT INTO friendship (user_id, friend_id, status_id, requested_at, confirmed_at) VALUES (34, 29, 1, '2020-07-17 14:09:46', '2020-07-19 13:31:38');
INSERT INTO friendship (user_id, friend_id, status_id, requested_at, confirmed_at) VALUES (62, 7, 1, '2020-06-23 11:39:21', '2020-07-17 16:22:27');
INSERT INTO friendship (user_id, friend_id, status_id, requested_at, confirmed_at) VALUES (7, 30, 1, '2020-07-07 22:29:22', '2020-06-30 02:21:08');
INSERT INTO friendship (user_id, friend_id, status_id, requested_at, confirmed_at) VALUES (39, 34, 2, '2020-07-03 22:41:50', '2020-07-17 15:32:38');
INSERT INTO friendship (user_id, friend_id, status_id, requested_at, confirmed_at) VALUES (67, 63, 1, '2020-07-05 14:06:31', '2020-07-16 10:46:23');
INSERT INTO friendship (user_id, friend_id, status_id, requested_at, confirmed_at) VALUES (64, 84, 1, '2020-06-22 07:29:08', '2020-06-29 09:28:45');
INSERT INTO friendship (user_id, friend_id, status_id, requested_at, confirmed_at) VALUES (19, 89, 1, '2020-07-19 12:17:45', '2020-06-22 02:16:55');
INSERT INTO friendship (user_id, friend_id, status_id, requested_at, confirmed_at) VALUES (70, 69, 3, '2020-07-08 09:40:14', '2020-07-05 00:18:14');
INSERT INTO friendship (user_id, friend_id, status_id, requested_at, confirmed_at) VALUES (68, 76, 2, '2020-07-01 22:36:44', '2020-07-09 12:16:25');
INSERT INTO friendship (user_id, friend_id, status_id, requested_at, confirmed_at) VALUES (78, 91, 3, '2020-07-04 13:56:05', '2020-06-23 10:24:48');
INSERT INTO friendship (user_id, friend_id, status_id, requested_at, confirmed_at) VALUES (29, 41, 2, '2020-06-23 12:54:05', '2020-07-07 04:01:05');
INSERT INTO friendship (user_id, friend_id, status_id, requested_at, confirmed_at) VALUES (6, 90, 2, '2020-06-30 22:49:49', '2020-07-19 14:12:44');
INSERT INTO friendship (user_id, friend_id, status_id, requested_at, confirmed_at) VALUES (33, 84, 1, '2020-07-01 12:28:38', '2020-07-01 07:31:01');
INSERT INTO friendship (user_id, friend_id, status_id, requested_at, confirmed_at) VALUES (21, 59, 1, '2020-06-22 09:27:57', '2020-06-23 16:54:27');
INSERT INTO friendship (user_id, friend_id, status_id, requested_at, confirmed_at) VALUES (64, 99, 2, '2020-07-07 08:24:32', '2020-07-12 15:04:29');
INSERT INTO friendship (user_id, friend_id, status_id, requested_at, confirmed_at) VALUES (94, 52, 2, '2020-06-26 20:17:14', '2020-07-03 11:16:09');
INSERT INTO friendship (user_id, friend_id, status_id, requested_at, confirmed_at) VALUES (60, 34, 3, '2020-06-23 18:05:29', '2020-07-06 07:27:12');
INSERT INTO friendship (user_id, friend_id, status_id, requested_at, confirmed_at) VALUES (92, 11, 3, '2020-07-08 00:38:07', '2020-07-04 14:49:17');
INSERT INTO friendship (user_id, friend_id, status_id, requested_at, confirmed_at) VALUES (84, 47, 2, '2020-06-21 12:37:48', '2020-07-09 23:39:14');
INSERT INTO friendship (user_id, friend_id, status_id, requested_at, confirmed_at) VALUES (73, 80, 2, '2020-07-13 15:13:02', '2020-06-23 18:43:30');
INSERT INTO friendship (user_id, friend_id, status_id, requested_at, confirmed_at) VALUES (70, 77, 3, '2020-07-15 00:46:46', '2020-07-04 20:42:32');
INSERT INTO friendship (user_id, friend_id, status_id, requested_at, confirmed_at) VALUES (66, 47, 2, '2020-07-10 11:59:37', '2020-07-12 20:13:27');
INSERT INTO friendship (user_id, friend_id, status_id, requested_at, confirmed_at) VALUES (61, 90, 2, '2020-06-26 20:10:19', '2020-07-16 19:07:58');
INSERT INTO friendship (user_id, friend_id, status_id, requested_at, confirmed_at) VALUES (67, 29, 2, '2020-06-20 22:50:01', '2020-06-25 16:20:10');
INSERT INTO friendship (user_id, friend_id, status_id, requested_at, confirmed_at) VALUES (10, 18, 3, '2020-06-30 07:08:22', '2020-07-15 06:43:31');
INSERT INTO friendship (user_id, friend_id, status_id, requested_at, confirmed_at) VALUES (66, 47, 3, '2020-07-13 02:08:31', '2020-06-27 11:41:18');
INSERT INTO friendship (user_id, friend_id, status_id, requested_at, confirmed_at) VALUES (57, 81, 2, '2020-07-17 08:57:06', '2020-07-07 04:25:45');
INSERT INTO friendship (user_id, friend_id, status_id, requested_at, confirmed_at) VALUES (72, 28, 2, '2020-07-15 01:25:22', '2020-06-22 21:52:01');
INSERT INTO friendship (user_id, friend_id, status_id, requested_at, confirmed_at) VALUES (72, 89, 2, '2020-07-08 04:07:21', '2020-07-19 08:41:17');
INSERT INTO friendship (user_id, friend_id, status_id, requested_at, confirmed_at) VALUES (29, 31, 1, '2020-06-21 23:12:38', '2020-06-23 11:56:22');
INSERT INTO friendship (user_id, friend_id, status_id, requested_at, confirmed_at) VALUES (35, 12, 2, '2020-07-18 19:17:32', '2020-07-13 03:36:23');
INSERT INTO friendship (user_id, friend_id, status_id, requested_at, confirmed_at) VALUES (75, 50, 3, '2020-06-21 11:44:32', '2020-07-05 15:44:29');
INSERT INTO friendship (user_id, friend_id, status_id, requested_at, confirmed_at) VALUES (44, 9, 2, '2020-07-08 12:50:03', '2020-07-08 03:01:01');
INSERT INTO friendship (user_id, friend_id, status_id, requested_at, confirmed_at) VALUES (95, 32, 3, '2020-07-09 04:13:14', '2020-07-04 00:31:22');


INSERT INTO media (id, user_id, filename, size, metadata, media_type_id) VALUES (1, 50, 'http://prosacco.net/', 525890400, NULL, 3);
INSERT INTO media (id, user_id, filename, size, metadata, media_type_id) VALUES (2, 46, 'http://www.abshire.info/', 194432, NULL, 3);
INSERT INTO media (id, user_id, filename, size, metadata, media_type_id) VALUES (3, 4, 'http://www.konopelski.com/', 2, NULL, 1);
INSERT INTO media (id, user_id, filename, size, metadata, media_type_id) VALUES (4, 98, 'http://kassulke.info/', 888, NULL, 1);
INSERT INTO media (id, user_id, filename, size, metadata, media_type_id) VALUES (5, 9, 'http://corwin.net/', 1, NULL, 1);
INSERT INTO media (id, user_id, filename, size, metadata, media_type_id) VALUES (6, 92, 'http://buckridge.com/', 35677155, NULL, 3);
INSERT INTO media (id, user_id, filename, size, metadata, media_type_id) VALUES (7, 86, 'http://haagfeeney.com/', 116597, NULL, 2);
INSERT INTO media (id, user_id, filename, size, metadata, media_type_id) VALUES (8, 18, 'http://www.senger.com/', 1345, NULL, 2);
INSERT INTO media (id, user_id, filename, size, metadata, media_type_id) VALUES (9, 31, 'http://schuster.com/', 548829755, NULL, 3);
INSERT INTO media (id, user_id, filename, size, metadata, media_type_id) VALUES (10, 85, 'http://mcdermott.net/', 146, NULL, 2);
INSERT INTO media (id, user_id, filename, size, metadata, media_type_id) VALUES (11, 61, 'http://www.rowelegros.net/', 139526, NULL, 1);
INSERT INTO media (id, user_id, filename, size, metadata, media_type_id) VALUES (12, 57, 'http://reinger.com/', 56941, NULL, 1);
INSERT INTO media (id, user_id, filename, size, metadata, media_type_id) VALUES (13, 77, 'http://fadel.net/', 4245570, NULL, 3);
INSERT INTO media (id, user_id, filename, size, metadata, media_type_id) VALUES (14, 39, 'http://flatley.net/', 162472, NULL, 1);
INSERT INTO media (id, user_id, filename, size, metadata, media_type_id) VALUES (15, 65, 'http://www.oreillyhowell.com/', 124, NULL, 2);
INSERT INTO media (id, user_id, filename, size, metadata, media_type_id) VALUES (16, 63, 'http://www.hyatt.com/', 1862482, NULL, 3);
INSERT INTO media (id, user_id, filename, size, metadata, media_type_id) VALUES (17, 56, 'http://mills.net/', 31, NULL, 3);
INSERT INTO media (id, user_id, filename, size, metadata, media_type_id) VALUES (18, 15, 'http://brakus.com/', 69490271, NULL, 1);
INSERT INTO media (id, user_id, filename, size, metadata, media_type_id) VALUES (19, 87, 'http://stokes.com/', 5486865, NULL, 3);
INSERT INTO media (id, user_id, filename, size, metadata, media_type_id) VALUES (20, 2, 'http://www.price.com/', 0, NULL, 2);
INSERT INTO media (id, user_id, filename, size, metadata, media_type_id) VALUES (21, 20, 'http://www.boyerconn.com/', 2393518, NULL, 2);
INSERT INTO media (id, user_id, filename, size, metadata, media_type_id) VALUES (22, 53, 'http://www.wuckert.info/', 0, NULL, 2);
INSERT INTO media (id, user_id, filename, size, metadata, media_type_id) VALUES (23, 70, 'http://www.strackekemmer.com/', 2204926, NULL, 3);
INSERT INTO media (id, user_id, filename, size, metadata, media_type_id) VALUES (24, 49, 'http://www.hagenes.net/', 199661753, NULL, 1);
INSERT INTO media (id, user_id, filename, size, metadata, media_type_id) VALUES (25, 58, 'http://schiller.com/', 5, NULL, 3);
INSERT INTO media (id, user_id, filename, size, metadata, media_type_id) VALUES (26, 52, 'http://www.fadelgottlieb.biz/', 372713863, NULL, 2);
INSERT INTO media (id, user_id, filename, size, metadata, media_type_id) VALUES (27, 48, 'http://www.altenwerth.info/', 289, NULL, 2);
INSERT INTO media (id, user_id, filename, size, metadata, media_type_id) VALUES (28, 4, 'http://russelschmidt.com/', 3663323, NULL, 3);
INSERT INTO media (id, user_id, filename, size, metadata, media_type_id) VALUES (29, 46, 'http://mante.com/', 672711, NULL, 2);
INSERT INTO media (id, user_id, filename, size, metadata, media_type_id) VALUES (30, 97, 'http://www.morissette.biz/', 6951, NULL, 3);
INSERT INTO media (id, user_id, filename, size, metadata, media_type_id) VALUES (31, 32, 'http://boyerortiz.com/', 1747809, NULL, 3);
INSERT INTO media (id, user_id, filename, size, metadata, media_type_id) VALUES (32, 72, 'http://www.barton.com/', 2006110, NULL, 1);
INSERT INTO media (id, user_id, filename, size, metadata, media_type_id) VALUES (33, 22, 'http://www.maggio.biz/', 0, NULL, 1);
INSERT INTO media (id, user_id, filename, size, metadata, media_type_id) VALUES (34, 100, 'http://www.oreilly.net/', 51, NULL, 1);
INSERT INTO media (id, user_id, filename, size, metadata, media_type_id) VALUES (35, 52, 'http://schuppe.com/', 221844, NULL, 3);
INSERT INTO media (id, user_id, filename, size, metadata, media_type_id) VALUES (36, 45, 'http://schmidt.com/', 0, NULL, 1);
INSERT INTO media (id, user_id, filename, size, metadata, media_type_id) VALUES (37, 10, 'http://johnson.com/', 38435, NULL, 1);
INSERT INTO media (id, user_id, filename, size, metadata, media_type_id) VALUES (38, 90, 'http://www.oconner.biz/', 60969, NULL, 3);
INSERT INTO media (id, user_id, filename, size, metadata, media_type_id) VALUES (39, 100, 'http://sawayn.com/', 42547229, NULL, 3);
INSERT INTO media (id, user_id, filename, size, metadata, media_type_id) VALUES (40, 83, 'http://barton.net/', 3533, NULL, 2);
INSERT INTO media (id, user_id, filename, size, metadata, media_type_id) VALUES (41, 92, 'http://ziemann.com/', 429362064, NULL, 1);
INSERT INTO media (id, user_id, filename, size, metadata, media_type_id) VALUES (42, 85, 'http://corkerymarvin.com/', 1577, NULL, 1);
INSERT INTO media (id, user_id, filename, size, metadata, media_type_id) VALUES (43, 67, 'http://muller.com/', 0, NULL, 2);
INSERT INTO media (id, user_id, filename, size, metadata, media_type_id) VALUES (44, 75, 'http://deckow.com/', 7, NULL, 1);
INSERT INTO media (id, user_id, filename, size, metadata, media_type_id) VALUES (45, 4, 'http://www.lubowitz.com/', 611843, NULL, 3);
INSERT INTO media (id, user_id, filename, size, metadata, media_type_id) VALUES (46, 49, 'http://gusikowski.com/', 2848, NULL, 1);
INSERT INTO media (id, user_id, filename, size, metadata, media_type_id) VALUES (47, 92, 'http://www.lowebecker.com/', 19, NULL, 1);
INSERT INTO media (id, user_id, filename, size, metadata, media_type_id) VALUES (48, 93, 'http://www.schadenkeeling.com/', 3, NULL, 2);
INSERT INTO media (id, user_id, filename, size, metadata, media_type_id) VALUES (49, 58, 'http://www.waters.com/', 5885, NULL, 3);
INSERT INTO media (id, user_id, filename, size, metadata, media_type_id) VALUES (50, 58, 'http://schmeler.net/', 0, NULL, 2);
INSERT INTO media (id, user_id, filename, size, metadata, media_type_id) VALUES (51, 82, 'http://www.gerlach.net/', 0, NULL, 2);
INSERT INTO media (id, user_id, filename, size, metadata, media_type_id) VALUES (52, 46, 'http://grimes.com/', 114064, NULL, 1);
INSERT INTO media (id, user_id, filename, size, metadata, media_type_id) VALUES (53, 5, 'http://www.lockmanokuneva.net/', 4451, NULL, 3);
INSERT INTO media (id, user_id, filename, size, metadata, media_type_id) VALUES (54, 42, 'http://www.carter.info/', 4182, NULL, 1);
INSERT INTO media (id, user_id, filename, size, metadata, media_type_id) VALUES (55, 52, 'http://smithambarrows.com/', 1, NULL, 3);
INSERT INTO media (id, user_id, filename, size, metadata, media_type_id) VALUES (56, 36, 'http://veummorar.com/', 935789, NULL, 1);
INSERT INTO media (id, user_id, filename, size, metadata, media_type_id) VALUES (57, 77, 'http://halvorson.biz/', 21, NULL, 1);
INSERT INTO media (id, user_id, filename, size, metadata, media_type_id) VALUES (58, 17, 'http://www.west.net/', 715309, NULL, 2);
INSERT INTO media (id, user_id, filename, size, metadata, media_type_id) VALUES (59, 29, 'http://berge.net/', 17973, NULL, 2);
INSERT INTO media (id, user_id, filename, size, metadata, media_type_id) VALUES (60, 48, 'http://lynchwiza.net/', 4577018, NULL, 2);
INSERT INTO media (id, user_id, filename, size, metadata, media_type_id) VALUES (61, 100, 'http://walkergrimes.org/', 1065614, NULL, 2);
INSERT INTO media (id, user_id, filename, size, metadata, media_type_id) VALUES (62, 28, 'http://frami.org/', 10966997, NULL, 1);
INSERT INTO media (id, user_id, filename, size, metadata, media_type_id) VALUES (63, 75, 'http://weberwelch.net/', 8, NULL, 1);
INSERT INTO media (id, user_id, filename, size, metadata, media_type_id) VALUES (64, 25, 'http://mcglynn.net/', 2, NULL, 3);
INSERT INTO media (id, user_id, filename, size, metadata, media_type_id) VALUES (65, 95, 'http://www.borer.com/', 1339, NULL, 2);
INSERT INTO media (id, user_id, filename, size, metadata, media_type_id) VALUES (66, 74, 'http://franeckischinner.com/', 783, NULL, 1);
INSERT INTO media (id, user_id, filename, size, metadata, media_type_id) VALUES (67, 99, 'http://www.sipesbogisich.com/', 35, NULL, 3);
INSERT INTO media (id, user_id, filename, size, metadata, media_type_id) VALUES (68, 1, 'http://www.rodriguez.org/', 26506300, NULL, 3);
INSERT INTO media (id, user_id, filename, size, metadata, media_type_id) VALUES (69, 46, 'http://renner.biz/', 30980, NULL, 1);
INSERT INTO media (id, user_id, filename, size, metadata, media_type_id) VALUES (70, 29, 'http://wintheiser.com/', 14949217, NULL, 3);
INSERT INTO media (id, user_id, filename, size, metadata, media_type_id) VALUES (71, 6, 'http://cronin.com/', 574206, NULL, 1);
INSERT INTO media (id, user_id, filename, size, metadata, media_type_id) VALUES (72, 28, 'http://www.bechtelar.biz/', 18, NULL, 3);
INSERT INTO media (id, user_id, filename, size, metadata, media_type_id) VALUES (73, 60, 'http://pollichernser.net/', 1653, NULL, 3);
INSERT INTO media (id, user_id, filename, size, metadata, media_type_id) VALUES (74, 52, 'http://reilly.net/', 12376, NULL, 1);
INSERT INTO media (id, user_id, filename, size, metadata, media_type_id) VALUES (75, 97, 'http://www.hermiston.com/', 30295537, NULL, 3);
INSERT INTO media (id, user_id, filename, size, metadata, media_type_id) VALUES (76, 87, 'http://www.stroman.biz/', 20943, NULL, 3);
INSERT INTO media (id, user_id, filename, size, metadata, media_type_id) VALUES (77, 88, 'http://wehner.com/', 326, NULL, 3);
INSERT INTO media (id, user_id, filename, size, metadata, media_type_id) VALUES (78, 86, 'http://botsfordreichert.com/', 97, NULL, 2);
INSERT INTO media (id, user_id, filename, size, metadata, media_type_id) VALUES (79, 76, 'http://emmerich.com/', 4, NULL, 2);
INSERT INTO media (id, user_id, filename, size, metadata, media_type_id) VALUES (80, 94, 'http://www.frami.org/', 47857, NULL, 3);
INSERT INTO media (id, user_id, filename, size, metadata, media_type_id) VALUES (81, 53, 'http://mueller.com/', 265, NULL, 1);
INSERT INTO media (id, user_id, filename, size, metadata, media_type_id) VALUES (82, 63, 'http://www.volkman.com/', 422, NULL, 1);
INSERT INTO media (id, user_id, filename, size, metadata, media_type_id) VALUES (83, 95, 'http://feestnolan.info/', 767, NULL, 1);
INSERT INTO media (id, user_id, filename, size, metadata, media_type_id) VALUES (84, 58, 'http://www.nitzschegoodwin.net/', 0, NULL, 2);
INSERT INTO media (id, user_id, filename, size, metadata, media_type_id) VALUES (85, 31, 'http://www.bergeroob.com/', 20976077, NULL, 3);
INSERT INTO media (id, user_id, filename, size, metadata, media_type_id) VALUES (86, 76, 'http://ohara.com/', 13987, NULL, 1);
INSERT INTO media (id, user_id, filename, size, metadata, media_type_id) VALUES (87, 5, 'http://www.krisebert.com/', 36848, NULL, 3);
INSERT INTO media (id, user_id, filename, size, metadata, media_type_id) VALUES (88, 100, 'http://torp.com/', 12, NULL, 1);
INSERT INTO media (id, user_id, filename, size, metadata, media_type_id) VALUES (89, 24, 'http://www.crooks.net/', 1, NULL, 2);
INSERT INTO media (id, user_id, filename, size, metadata, media_type_id) VALUES (90, 7, 'http://www.stehr.com/', 133, NULL, 1);
INSERT INTO media (id, user_id, filename, size, metadata, media_type_id) VALUES (91, 51, 'http://www.baumbach.com/', 0, NULL, 2);
INSERT INTO media (id, user_id, filename, size, metadata, media_type_id) VALUES (92, 14, 'http://wisoky.com/', 1835975, NULL, 1);
INSERT INTO media (id, user_id, filename, size, metadata, media_type_id) VALUES (93, 50, 'http://leuschkehuel.com/', 35843, NULL, 1);
INSERT INTO media (id, user_id, filename, size, metadata, media_type_id) VALUES (94, 28, 'http://cremin.biz/', 178, NULL, 3);
INSERT INTO media (id, user_id, filename, size, metadata, media_type_id) VALUES (95, 4, 'http://www.runolfsdottir.com/', 376, NULL, 2);
INSERT INTO media (id, user_id, filename, size, metadata, media_type_id) VALUES (96, 66, 'http://www.bernier.com/', 38, NULL, 2);
INSERT INTO media (id, user_id, filename, size, metadata, media_type_id) VALUES (97, 46, 'http://www.gulgowski.com/', 8570, NULL, 3);
INSERT INTO media (id, user_id, filename, size, metadata, media_type_id) VALUES (98, 95, 'http://www.hodkiewiczbuckridge.info/', 81, NULL, 3);
INSERT INTO media (id, user_id, filename, size, metadata, media_type_id) VALUES (99, 32, 'http://herzogmcglynn.com/', 3, NULL, 3);
INSERT INTO media (id, user_id, filename, size, metadata, media_type_id) VALUES (100, 36, 'http://kuphal.info/', 2, NULL, 1);


INSERT INTO messages (id, from_user_id, to_user_id, body, is_important, is_delivered, created_at, updated_at) VALUES (1, 11, 62, 'Voluptas velit itaque atque. Odit natus nam sint a facilis. Et vel aut aut aut ut non doloribus. Est dolorum doloribus unde repudiandae.', 0, 1, '2020-06-29 06:26:14', '2020-06-20 12:38:52');
INSERT INTO messages (id, from_user_id, to_user_id, body, is_important, is_delivered, created_at, updated_at) VALUES (2, 100, 75, 'Est sint est dolorem velit est. Commodi nihil aut est totam. Nemo delectus similique voluptatum sit veritatis enim quam.', 1, 1, '2020-06-21 08:51:52', '2020-06-28 17:29:15');
INSERT INTO messages (id, from_user_id, to_user_id, body, is_important, is_delivered, created_at, updated_at) VALUES (3, 14, 86, 'Minus omnis voluptatem sit sit quam repellat. Aut quis cumque rerum voluptate et rem eius necessitatibus. Recusandae quaerat explicabo libero qui omnis ullam.', 1, 1, '2020-06-23 15:26:02', '2020-07-01 18:39:40');
INSERT INTO messages (id, from_user_id, to_user_id, body, is_important, is_delivered, created_at, updated_at) VALUES (4, 1, 75, 'Perferendis aut vel sunt rem et sed quis. In laudantium sapiente occaecati quo et. Esse sequi sapiente optio aut. Quo nesciunt nam omnis quae nihil consequatur cum.', 0, 0, '2020-06-28 00:33:58', '2020-07-18 11:41:22');
INSERT INTO messages (id, from_user_id, to_user_id, body, is_important, is_delivered, created_at, updated_at) VALUES (5, 78, 74, 'Ea totam beatae ipsa est dolorem. Illo maiores et molestiae vel. Nisi occaecati eius quis hic exercitationem nemo distinctio.', 1, 0, '2020-07-12 06:12:20', '2020-07-17 04:46:51');
INSERT INTO messages (id, from_user_id, to_user_id, body, is_important, is_delivered, created_at, updated_at) VALUES (6, 37, 83, 'Amet commodi voluptates quo quasi quibusdam assumenda. Qui suscipit quibusdam praesentium. Sunt rem nobis error vero suscipit velit. Harum suscipit sequi reiciendis exercitationem ullam.', 1, 1, '2020-07-19 04:41:19', '2020-07-06 01:45:49');
INSERT INTO messages (id, from_user_id, to_user_id, body, is_important, is_delivered, created_at, updated_at) VALUES (7, 35, 1, 'Quia et consequatur explicabo deleniti. Magni ut quia iusto nihil aut tempora animi et. Recusandae quod modi aut velit asperiores. Molestiae et sunt et iure saepe.', 0, 0, '2020-07-15 07:06:55', '2020-07-06 00:44:21');
INSERT INTO messages (id, from_user_id, to_user_id, body, is_important, is_delivered, created_at, updated_at) VALUES (8, 77, 100, 'Est vel voluptatem et harum suscipit excepturi vel. Impedit cumque voluptatibus nihil quo.', 1, 1, '2020-07-02 06:14:36', '2020-07-01 03:13:38');
INSERT INTO messages (id, from_user_id, to_user_id, body, is_important, is_delivered, created_at, updated_at) VALUES (9, 78, 76, 'Adipisci amet cumque est sed amet ipsum quisquam. Aut amet omnis voluptatem occaecati. Et quod totam quidem omnis illo mollitia inventore. Laboriosam quia saepe perspiciatis alias quos.', 1, 0, '2020-07-03 17:05:50', '2020-07-13 12:06:05');
INSERT INTO messages (id, from_user_id, to_user_id, body, is_important, is_delivered, created_at, updated_at) VALUES (10, 72, 12, 'Neque sit odit incidunt harum dolorum rerum maxime id. Et iusto et eligendi ut et quaerat. Adipisci perspiciatis neque cupiditate velit aliquam eos fugiat. Inventore assumenda magni nostrum asperiores beatae voluptate ut omnis. Quibusdam atque accusantium numquam labore maiores qui ab.', 0, 1, '2020-06-25 08:18:30', '2020-07-11 01:20:22');
INSERT INTO messages (id, from_user_id, to_user_id, body, is_important, is_delivered, created_at, updated_at) VALUES (11, 65, 32, 'Est voluptatem pariatur sed accusamus velit corrupti. Molestiae rem neque ab. Reprehenderit architecto eius ut voluptate dolor. Velit et occaecati molestiae quas incidunt.', 1, 1, '2020-06-23 06:25:28', '2020-07-13 16:58:50');
INSERT INTO messages (id, from_user_id, to_user_id, body, is_important, is_delivered, created_at, updated_at) VALUES (12, 50, 85, 'Minus distinctio dolorem ad dolores voluptatum numquam. Nemo aliquam odio inventore nulla aut aut aut. Quam aliquam eum non ipsam.', 0, 1, '2020-06-21 03:03:53', '2020-07-04 15:38:50');
INSERT INTO messages (id, from_user_id, to_user_id, body, is_important, is_delivered, created_at, updated_at) VALUES (13, 43, 91, 'Repellat corporis expedita sed eius placeat. Sequi placeat id impedit quidem consequatur eum mollitia. Amet et ipsa at rerum facere nemo commodi.', 0, 1, '2020-06-21 08:13:54', '2020-06-25 02:15:15');
INSERT INTO messages (id, from_user_id, to_user_id, body, is_important, is_delivered, created_at, updated_at) VALUES (14, 59, 3, 'Sit et rerum vel tempore. Ex quas occaecati deleniti consequuntur dignissimos sit. Molestiae nulla ut ut suscipit ipsam voluptatem vero non.', 0, 0, '2020-07-12 19:30:41', '2020-07-11 09:04:09');
INSERT INTO messages (id, from_user_id, to_user_id, body, is_important, is_delivered, created_at, updated_at) VALUES (15, 51, 25, 'Eveniet illum quia ut porro. Reiciendis qui sed aperiam repellendus. Ullam voluptas ad aut esse tempora error et.', 1, 1, '2020-06-28 02:46:38', '2020-06-30 14:27:18');
INSERT INTO messages (id, from_user_id, to_user_id, body, is_important, is_delivered, created_at, updated_at) VALUES (16, 78, 99, 'Ullam fuga commodi ipsa dolorem. Sit magnam debitis excepturi vel id voluptas et. Perspiciatis facilis quisquam excepturi. Assumenda autem est provident et.', 1, 1, '2020-07-17 05:10:12', '2020-07-05 21:47:58');
INSERT INTO messages (id, from_user_id, to_user_id, body, is_important, is_delivered, created_at, updated_at) VALUES (17, 6, 89, 'Id enim autem quos non est ad. Cum debitis inventore beatae dolores. Incidunt autem ipsam excepturi magni voluptatum quae ut. Repellendus consequatur qui vero et sed quidem.', 0, 1, '2020-07-16 16:18:16', '2020-07-08 16:57:00');
INSERT INTO messages (id, from_user_id, to_user_id, body, is_important, is_delivered, created_at, updated_at) VALUES (18, 82, 62, 'Eligendi culpa ratione omnis omnis. Nesciunt voluptatem repudiandae odit sunt. Saepe sunt dolorum sit illum nemo. Recusandae aliquam aut voluptates perspiciatis repellendus quibusdam. Sint temporibus qui quo.', 1, 1, '2020-06-21 15:29:48', '2020-06-21 06:41:46');
INSERT INTO messages (id, from_user_id, to_user_id, body, is_important, is_delivered, created_at, updated_at) VALUES (19, 17, 95, 'Vel non consequatur enim veritatis. Temporibus soluta dignissimos qui et est error suscipit nemo. Aspernatur dolores officia eos quam vel eligendi. Laboriosam dolorem totam sint iure.', 1, 1, '2020-07-19 09:24:34', '2020-07-17 01:59:24');
INSERT INTO messages (id, from_user_id, to_user_id, body, is_important, is_delivered, created_at, updated_at) VALUES (20, 34, 31, 'Expedita sed quas quo cum modi. Cum tenetur repellat ipsum sed. Beatae officia quia nam iste a occaecati. Ut debitis provident nesciunt ipsa.', 0, 0, '2020-06-29 06:39:44', '2020-07-05 09:27:11');
INSERT INTO messages (id, from_user_id, to_user_id, body, is_important, is_delivered, created_at, updated_at) VALUES (21, 21, 34, 'Est mollitia reiciendis vel est. Ea eos quidem nostrum reiciendis quae quae. Veritatis qui omnis repellat dolorum. Quibusdam voluptatibus odio ipsam sit ut quae. Veniam est voluptate optio perspiciatis vitae ut eaque.', 1, 1, '2020-07-07 21:19:27', '2020-07-16 17:26:53');
INSERT INTO messages (id, from_user_id, to_user_id, body, is_important, is_delivered, created_at, updated_at) VALUES (22, 57, 52, 'Fugiat in consequuntur sunt aut enim. Et occaecati nemo consequuntur earum veniam voluptas. Ut asperiores ipsum enim nulla. Autem et et explicabo corporis tempore fuga quia. Et ut expedita et quas autem.', 0, 0, '2020-07-18 23:33:50', '2020-06-28 23:59:50');
INSERT INTO messages (id, from_user_id, to_user_id, body, is_important, is_delivered, created_at, updated_at) VALUES (23, 85, 42, 'Omnis amet exercitationem porro et doloribus quisquam. Perferendis assumenda amet quo. Sit beatae rerum corporis inventore non et ratione omnis.', 0, 1, '2020-07-11 06:30:55', '2020-07-03 08:29:55');
INSERT INTO messages (id, from_user_id, to_user_id, body, is_important, is_delivered, created_at, updated_at) VALUES (24, 96, 35, 'Qui pariatur natus et commodi inventore qui consequuntur consequatur. Quia rerum sunt corrupti. Aliquam impedit voluptas omnis sequi. Veniam quas voluptas dolor necessitatibus.', 0, 0, '2020-07-14 07:47:52', '2020-06-29 12:22:48');
INSERT INTO messages (id, from_user_id, to_user_id, body, is_important, is_delivered, created_at, updated_at) VALUES (25, 21, 88, 'Fugit soluta repudiandae est optio laboriosam laboriosam. Odit officia aspernatur impedit. Quia aliquid expedita numquam deserunt minima molestias occaecati. Dolor accusantium vel commodi qui nihil architecto velit quis. Totam sit qui maxime id nulla.', 1, 1, '2020-06-22 05:41:17', '2020-07-01 18:30:16');
INSERT INTO messages (id, from_user_id, to_user_id, body, is_important, is_delivered, created_at, updated_at) VALUES (26, 24, 52, 'Aut accusantium quisquam quia non reiciendis. Et molestias mollitia assumenda corporis quo voluptatibus. Possimus cum aut officiis deserunt. Eligendi repellat sit et totam iste.', 1, 0, '2020-06-21 20:01:16', '2020-07-07 07:50:08');
INSERT INTO messages (id, from_user_id, to_user_id, body, is_important, is_delivered, created_at, updated_at) VALUES (27, 22, 40, 'Quo veritatis autem id quae fuga. Id accusantium dolorum quam exercitationem.', 0, 0, '2020-07-19 03:54:37', '2020-07-15 14:18:27');
INSERT INTO messages (id, from_user_id, to_user_id, body, is_important, is_delivered, created_at, updated_at) VALUES (28, 58, 71, 'Quam sunt nisi quod cupiditate a. Repudiandae vel asperiores mollitia et. Fuga est reiciendis atque sed. Facilis quos velit provident nihil voluptatum minus facilis.', 1, 0, '2020-07-18 15:42:22', '2020-06-20 00:30:47');
INSERT INTO messages (id, from_user_id, to_user_id, body, is_important, is_delivered, created_at, updated_at) VALUES (29, 6, 6, 'A quia perspiciatis laboriosam illum. Facilis officiis quia ut beatae. Aliquam dolores et ipsa et.', 1, 0, '2020-06-29 06:09:09', '2020-07-04 12:34:48');
INSERT INTO messages (id, from_user_id, to_user_id, body, is_important, is_delivered, created_at, updated_at) VALUES (30, 74, 90, 'Dolor est omnis omnis consequatur aut. Est maiores voluptas et illo fugiat. Sit quidem quam ut. Eos qui voluptas optio exercitationem officia id impedit recusandae.', 1, 0, '2020-07-02 00:26:52', '2020-07-06 17:30:25');
INSERT INTO messages (id, from_user_id, to_user_id, body, is_important, is_delivered, created_at, updated_at) VALUES (31, 45, 45, 'Neque voluptatem nihil non quasi ut quas. Id in eum provident iusto a qui rem quia. Rerum iusto molestiae vero ut sit suscipit. Perferendis porro eius deserunt est est laudantium.', 1, 0, '2020-07-16 20:30:13', '2020-07-15 17:20:12');
INSERT INTO messages (id, from_user_id, to_user_id, body, is_important, is_delivered, created_at, updated_at) VALUES (32, 81, 88, 'Culpa soluta unde ut est assumenda qui veritatis. Quos doloribus et eaque architecto quo culpa delectus. Quos nihil at dolorem architecto explicabo nam. Culpa qui incidunt in distinctio unde rem eligendi recusandae.', 0, 0, '2020-06-20 06:37:20', '2020-07-19 07:46:30');
INSERT INTO messages (id, from_user_id, to_user_id, body, is_important, is_delivered, created_at, updated_at) VALUES (33, 62, 44, 'Perspiciatis id quam eum. Amet accusantium inventore sit. Qui doloribus ratione reprehenderit quis adipisci.', 1, 1, '2020-07-09 13:03:43', '2020-07-09 05:18:39');
INSERT INTO messages (id, from_user_id, to_user_id, body, is_important, is_delivered, created_at, updated_at) VALUES (34, 14, 47, 'Voluptatibus harum aperiam est accusantium. Ut ea qui voluptatem. Ut maxime facilis doloribus harum quo dolor delectus. Nisi doloremque qui numquam sit unde aut.', 1, 0, '2020-07-11 10:18:10', '2020-06-26 23:30:48');
INSERT INTO messages (id, from_user_id, to_user_id, body, is_important, is_delivered, created_at, updated_at) VALUES (35, 75, 35, 'Ut iusto quod iusto nam molestiae. Ullam reiciendis rem quos aut nobis odit in. Exercitationem eum magnam rerum fugiat et.', 1, 1, '2020-06-29 03:12:02', '2020-06-20 23:03:24');
INSERT INTO messages (id, from_user_id, to_user_id, body, is_important, is_delivered, created_at, updated_at) VALUES (36, 45, 23, 'Ut consequatur iure reprehenderit facere eos repudiandae. Qui tenetur porro assumenda dolores ipsa sapiente mollitia. Natus quia est accusantium quasi tempore voluptatum.', 0, 1, '2020-07-18 06:37:13', '2020-07-03 13:44:14');
INSERT INTO messages (id, from_user_id, to_user_id, body, is_important, is_delivered, created_at, updated_at) VALUES (37, 48, 12, 'Voluptate voluptate nesciunt quibusdam incidunt. Quia dolores maiores sed. Rerum deserunt omnis molestiae atque enim quos. Mollitia libero molestiae magni debitis possimus alias nesciunt.', 1, 1, '2020-07-07 10:23:48', '2020-07-16 13:30:22');
INSERT INTO messages (id, from_user_id, to_user_id, body, is_important, is_delivered, created_at, updated_at) VALUES (38, 80, 72, 'Ut consequatur consequatur error eum qui ab. Ipsam odit aut harum rerum. Alias non est mollitia est facere repellat. Fuga odio omnis consectetur recusandae expedita.', 0, 1, '2020-07-19 09:52:33', '2020-06-30 23:21:51');
INSERT INTO messages (id, from_user_id, to_user_id, body, is_important, is_delivered, created_at, updated_at) VALUES (39, 68, 50, 'Voluptate magni et occaecati dolores. Officiis velit odit necessitatibus voluptates. Eaque et quisquam repellendus earum unde laboriosam.', 1, 1, '2020-07-10 20:56:47', '2020-06-23 00:10:20');
INSERT INTO messages (id, from_user_id, to_user_id, body, is_important, is_delivered, created_at, updated_at) VALUES (40, 93, 5, 'Qui ut mollitia esse facere. Quibusdam cum temporibus et libero est similique. Omnis soluta soluta omnis ut earum et. Quibusdam dolor et cumque dolor et.', 1, 0, '2020-07-12 15:41:46', '2020-07-06 15:21:41');
INSERT INTO messages (id, from_user_id, to_user_id, body, is_important, is_delivered, created_at, updated_at) VALUES (41, 79, 32, 'Tenetur beatae est placeat quidem error non. Dolorem minus ut voluptatibus est ea autem. Culpa qui suscipit qui dolor doloremque deserunt. Illum qui ipsam voluptas doloribus.', 0, 0, '2020-07-02 02:15:56', '2020-06-27 15:06:36');
INSERT INTO messages (id, from_user_id, to_user_id, body, is_important, is_delivered, created_at, updated_at) VALUES (42, 81, 53, 'In minus in earum porro aut aut et. Debitis ut delectus doloribus et quis sed sit.', 1, 1, '2020-07-10 20:58:32', '2020-07-16 05:02:13');
INSERT INTO messages (id, from_user_id, to_user_id, body, is_important, is_delivered, created_at, updated_at) VALUES (43, 23, 5, 'Ratione dolor dolor doloribus voluptas quia temporibus odit. Blanditiis harum dolores assumenda vel officia.', 0, 1, '2020-06-30 05:43:48', '2020-06-24 22:56:51');
INSERT INTO messages (id, from_user_id, to_user_id, body, is_important, is_delivered, created_at, updated_at) VALUES (44, 79, 62, 'Non repudiandae qui et ut sunt consequuntur doloribus. Et quasi ex ut beatae omnis veniam. Iste perspiciatis sed necessitatibus qui quibusdam qui eum. Quis quia nam recusandae deleniti.', 0, 0, '2020-07-16 15:14:21', '2020-06-20 03:51:50');
INSERT INTO messages (id, from_user_id, to_user_id, body, is_important, is_delivered, created_at, updated_at) VALUES (45, 57, 43, 'Quidem consectetur animi repellendus sit. Eveniet ut culpa quisquam ipsum rerum et quam inventore. Et excepturi ut laboriosam.', 1, 0, '2020-07-11 08:51:07', '2020-06-26 15:08:40');
INSERT INTO messages (id, from_user_id, to_user_id, body, is_important, is_delivered, created_at, updated_at) VALUES (46, 13, 37, 'Repudiandae aut rerum quo ut. Reprehenderit sapiente quae ullam illo est. Sit aliquam voluptatum et aut ipsam ut. Omnis occaecati recusandae sit voluptatem molestias.', 1, 1, '2020-07-10 23:02:44', '2020-07-16 11:33:33');
INSERT INTO messages (id, from_user_id, to_user_id, body, is_important, is_delivered, created_at, updated_at) VALUES (47, 86, 58, 'Quia dolorem architecto non omnis. Et exercitationem rerum ab maiores distinctio alias. Quisquam eius ab reprehenderit consequatur. At sunt exercitationem distinctio provident ratione id odio.', 0, 1, '2020-07-11 06:21:07', '2020-07-18 03:15:09');
INSERT INTO messages (id, from_user_id, to_user_id, body, is_important, is_delivered, created_at, updated_at) VALUES (48, 25, 93, 'Dignissimos suscipit ut qui et. Nulla est et non aliquid. Ut mollitia dolorem quo a sed. Eos consequatur iusto eum odit. Atque qui voluptas sint necessitatibus.', 0, 1, '2020-07-07 17:10:12', '2020-07-12 08:05:09');
INSERT INTO messages (id, from_user_id, to_user_id, body, is_important, is_delivered, created_at, updated_at) VALUES (49, 18, 76, 'Quaerat sed similique autem dolores et quisquam. Consequuntur ea nam ratione. Sint ipsa perspiciatis laborum blanditiis dolorem.', 0, 1, '2020-07-19 07:40:29', '2020-07-14 04:38:13');
INSERT INTO messages (id, from_user_id, to_user_id, body, is_important, is_delivered, created_at, updated_at) VALUES (50, 66, 55, 'Natus veritatis qui facere quis tempore. Dolore assumenda autem quasi pariatur consectetur. Consequatur ut minima ut illo. Nam molestias omnis eos quas dolores quia ipsa.', 1, 0, '2020-07-14 11:01:15', '2020-06-26 03:53:23');
INSERT INTO messages (id, from_user_id, to_user_id, body, is_important, is_delivered, created_at, updated_at) VALUES (51, 72, 93, 'Optio quasi nobis sit ducimus quibusdam officia deserunt. Aut nihil quisquam qui vel similique. Dolore dolorum voluptatem ullam vero autem dolor. Soluta earum esse aut aspernatur sequi. Possimus voluptatem et et suscipit.', 1, 0, '2020-06-26 22:14:03', '2020-07-09 17:58:45');
INSERT INTO messages (id, from_user_id, to_user_id, body, is_important, is_delivered, created_at, updated_at) VALUES (52, 100, 27, 'Esse totam consectetur nobis aut mollitia tempora. Ipsam excepturi aliquid molestias sit. Non dolorum et architecto esse voluptatem sunt quis.', 0, 1, '2020-07-11 10:10:06', '2020-07-07 21:25:55');
INSERT INTO messages (id, from_user_id, to_user_id, body, is_important, is_delivered, created_at, updated_at) VALUES (53, 25, 36, 'Sint nesciunt cum doloribus et ut. Tempore et culpa nisi incidunt assumenda alias. Aut nihil consequuntur quis praesentium. Labore magnam id at sed doloribus repellat fugit. Est ut et iusto inventore vel quia.', 1, 0, '2020-07-18 22:55:07', '2020-07-01 15:40:48');
INSERT INTO messages (id, from_user_id, to_user_id, body, is_important, is_delivered, created_at, updated_at) VALUES (54, 80, 77, 'Qui commodi nostrum natus rerum corporis. Beatae esse quia non itaque explicabo. Consectetur nostrum fugiat est eum adipisci eveniet.', 1, 0, '2020-06-25 20:24:24', '2020-07-09 21:48:33');
INSERT INTO messages (id, from_user_id, to_user_id, body, is_important, is_delivered, created_at, updated_at) VALUES (55, 87, 45, 'Neque qui qui officiis qui placeat. Est magnam consequuntur tenetur nihil. Suscipit aperiam commodi est mollitia sint eum quidem omnis.', 1, 0, '2020-06-20 06:53:40', '2020-07-02 09:39:12');
INSERT INTO messages (id, from_user_id, to_user_id, body, is_important, is_delivered, created_at, updated_at) VALUES (56, 87, 69, 'Beatae id aspernatur aut nam eveniet quo et. Consequatur delectus ratione corrupti dolorum. Ratione omnis ex et autem aut quaerat molestiae.', 0, 0, '2020-06-27 22:48:03', '2020-07-18 14:22:34');
INSERT INTO messages (id, from_user_id, to_user_id, body, is_important, is_delivered, created_at, updated_at) VALUES (57, 25, 91, 'Optio eveniet eos id nobis molestias. Nihil voluptatum consequatur sunt beatae quaerat. Quia fuga similique illo in repudiandae in. At et porro ad ex.', 1, 1, '2020-07-15 16:04:01', '2020-06-19 20:47:45');
INSERT INTO messages (id, from_user_id, to_user_id, body, is_important, is_delivered, created_at, updated_at) VALUES (58, 17, 58, 'Nam magnam qui earum voluptates debitis minima. Sunt alias eos asperiores laboriosam nam voluptatum harum.', 1, 1, '2020-06-29 06:31:38', '2020-06-19 16:57:12');
INSERT INTO messages (id, from_user_id, to_user_id, body, is_important, is_delivered, created_at, updated_at) VALUES (59, 1, 58, 'Culpa repellat reiciendis id nesciunt. Amet ut beatae suscipit. Rerum et eum molestias aut labore sit alias. Quaerat impedit et pariatur.', 0, 0, '2020-07-05 13:02:26', '2020-07-03 04:33:03');
INSERT INTO messages (id, from_user_id, to_user_id, body, is_important, is_delivered, created_at, updated_at) VALUES (60, 9, 68, 'Dolores sapiente nihil ipsam quas eligendi. Est fugit quaerat natus labore nostrum placeat officiis vitae. Voluptatem sed et a illum sit quasi.', 0, 0, '2020-06-30 17:11:45', '2020-06-29 17:21:57');
INSERT INTO messages (id, from_user_id, to_user_id, body, is_important, is_delivered, created_at, updated_at) VALUES (61, 59, 64, 'Fugiat officia rerum molestiae voluptatem voluptates. Neque dolorem nisi sequi quae ea. Impedit quibusdam sequi natus voluptate. Illo eos quia expedita molestiae.', 1, 1, '2020-06-20 14:31:01', '2020-07-06 21:09:42');
INSERT INTO messages (id, from_user_id, to_user_id, body, is_important, is_delivered, created_at, updated_at) VALUES (62, 71, 78, 'Tempora repellat fugiat sed totam sit voluptates nulla. Deserunt officiis enim aspernatur repudiandae qui. Sit dolorum dignissimos voluptas adipisci.', 1, 0, '2020-06-21 11:08:53', '2020-07-18 06:07:21');
INSERT INTO messages (id, from_user_id, to_user_id, body, is_important, is_delivered, created_at, updated_at) VALUES (63, 80, 77, 'Mollitia consequuntur quisquam qui culpa. Quia tempora ipsum consequatur dolor illo. Quis suscipit porro iure. Explicabo dolorem veniam tempora dolores.', 0, 1, '2020-06-27 12:47:38', '2020-07-19 05:10:56');
INSERT INTO messages (id, from_user_id, to_user_id, body, is_important, is_delivered, created_at, updated_at) VALUES (64, 81, 10, 'Occaecati dolor voluptatem similique et. Assumenda qui quibusdam inventore necessitatibus.', 1, 1, '2020-06-25 14:38:21', '2020-06-28 15:53:57');
INSERT INTO messages (id, from_user_id, to_user_id, body, is_important, is_delivered, created_at, updated_at) VALUES (65, 49, 41, 'Est quis dolorem magni cupiditate laudantium voluptatibus. Nisi enim sit eligendi incidunt in voluptatem ipsa. Esse ut fuga suscipit voluptate.', 1, 1, '2020-07-19 04:51:42', '2020-07-07 05:01:29');
INSERT INTO messages (id, from_user_id, to_user_id, body, is_important, is_delivered, created_at, updated_at) VALUES (66, 88, 10, 'Molestiae in consequatur quia. Pariatur consequatur quia et quia. Sunt eaque voluptatibus praesentium exercitationem doloremque aut.', 0, 1, '2020-07-18 08:04:29', '2020-07-08 18:06:40');
INSERT INTO messages (id, from_user_id, to_user_id, body, is_important, is_delivered, created_at, updated_at) VALUES (67, 60, 34, 'Repudiandae cum quo quia quaerat. Nemo et deleniti officiis neque. Voluptas quisquam et aut et voluptatem.', 0, 1, '2020-06-26 00:03:31', '2020-07-09 22:54:01');
INSERT INTO messages (id, from_user_id, to_user_id, body, is_important, is_delivered, created_at, updated_at) VALUES (68, 39, 49, 'Nostrum et nihil ipsum. Hic perferendis aut omnis cupiditate. Iste debitis aspernatur accusamus et.', 1, 1, '2020-07-10 22:23:41', '2020-06-26 22:12:07');
INSERT INTO messages (id, from_user_id, to_user_id, body, is_important, is_delivered, created_at, updated_at) VALUES (69, 79, 50, 'Iste dolorum doloribus ex et facere id ab repellat. Distinctio quod reiciendis animi cumque. Eos explicabo voluptatem et aut.', 1, 0, '2020-07-14 03:48:01', '2020-07-18 14:27:56');
INSERT INTO messages (id, from_user_id, to_user_id, body, is_important, is_delivered, created_at, updated_at) VALUES (70, 33, 17, 'Suscipit laudantium aut et sunt provident. Hic voluptate similique totam nulla et deserunt facere.', 1, 1, '2020-06-23 18:05:13', '2020-07-06 08:02:30');
INSERT INTO messages (id, from_user_id, to_user_id, body, is_important, is_delivered, created_at, updated_at) VALUES (71, 98, 96, 'Tenetur itaque voluptas hic at fugit molestias beatae. Qui dolores alias laborum commodi explicabo commodi. Fuga explicabo molestiae eos laboriosam cumque culpa voluptatem.', 0, 1, '2020-06-29 01:27:06', '2020-07-12 02:18:06');
INSERT INTO messages (id, from_user_id, to_user_id, body, is_important, is_delivered, created_at, updated_at) VALUES (72, 56, 82, 'Est dignissimos rerum quia minus. Libero quasi fuga quaerat vero nostrum eaque eligendi magni.', 0, 1, '2020-07-19 04:06:20', '2020-06-30 22:09:52');
INSERT INTO messages (id, from_user_id, to_user_id, body, is_important, is_delivered, created_at, updated_at) VALUES (73, 22, 91, 'Aliquam qui error ut aut. Vel asperiores fuga consectetur. Ipsam mollitia non cum nesciunt.', 1, 0, '2020-06-28 14:53:20', '2020-07-12 12:02:35');
INSERT INTO messages (id, from_user_id, to_user_id, body, is_important, is_delivered, created_at, updated_at) VALUES (74, 62, 64, 'Nobis maiores nihil et rem ipsa voluptatem. Eos eos rerum totam ipsam autem corporis. Aperiam sed recusandae necessitatibus laboriosam. Quia tempore tenetur labore ab voluptates.', 0, 0, '2020-07-12 08:22:44', '2020-06-19 18:27:42');
INSERT INTO messages (id, from_user_id, to_user_id, body, is_important, is_delivered, created_at, updated_at) VALUES (75, 62, 83, 'Ut minima rerum molestias sunt quisquam natus nostrum. Non tenetur non et consequatur dolores hic. Ex aut ut aspernatur laboriosam voluptatem. Natus sit ut laborum doloribus neque.', 1, 0, '2020-06-27 16:08:24', '2020-07-04 15:51:41');
INSERT INTO messages (id, from_user_id, to_user_id, body, is_important, is_delivered, created_at, updated_at) VALUES (76, 15, 34, 'Et nobis ut culpa facere dignissimos omnis. Officia in eos architecto. Molestias nemo et numquam ut quibusdam. Aperiam a quos praesentium qui corporis repellat.', 0, 0, '2020-07-04 10:28:53', '2020-07-11 09:08:18');
INSERT INTO messages (id, from_user_id, to_user_id, body, is_important, is_delivered, created_at, updated_at) VALUES (77, 28, 93, 'Excepturi quia sunt officiis. Deleniti quasi neque qui fugiat nostrum quae. Incidunt veniam veniam natus aut a porro non. Iusto in a voluptate sed quia doloremque culpa. In sed consequuntur et architecto quaerat doloribus nobis.', 0, 1, '2020-07-12 17:01:32', '2020-07-05 05:35:04');
INSERT INTO messages (id, from_user_id, to_user_id, body, is_important, is_delivered, created_at, updated_at) VALUES (78, 44, 65, 'Aut libero earum aut dolorem et commodi quibusdam. Id laboriosam minima minus velit sint.', 0, 0, '2020-07-01 09:06:24', '2020-07-14 22:52:09');
INSERT INTO messages (id, from_user_id, to_user_id, body, is_important, is_delivered, created_at, updated_at) VALUES (79, 90, 8, 'Rem aspernatur similique earum illo accusamus et quisquam. Et voluptatibus ducimus id sed ipsa doloribus voluptatem. Sunt vero fugit est incidunt corrupti odio. Nesciunt qui autem ut accusantium ex ut.', 1, 1, '2020-06-24 16:42:11', '2020-07-11 12:16:05');
INSERT INTO messages (id, from_user_id, to_user_id, body, is_important, is_delivered, created_at, updated_at) VALUES (80, 55, 32, 'Enim dolore unde suscipit voluptas. Facere id ipsam eos consectetur tempora dolores. Saepe velit et omnis porro adipisci. Ratione qui enim et molestiae excepturi.', 0, 1, '2020-07-16 12:06:09', '2020-07-07 11:29:19');
INSERT INTO messages (id, from_user_id, to_user_id, body, is_important, is_delivered, created_at, updated_at) VALUES (81, 40, 57, 'Et nulla harum aspernatur id cumque. Quod eius quos molestiae assumenda ut earum aut. Quisquam beatae reiciendis voluptatem molestias iste repellat dolore cupiditate. Facere voluptate sunt ut adipisci.', 1, 1, '2020-06-22 21:23:52', '2020-07-05 10:55:12');
INSERT INTO messages (id, from_user_id, to_user_id, body, is_important, is_delivered, created_at, updated_at) VALUES (82, 7, 24, 'Animi nesciunt quo omnis inventore optio quia harum. Assumenda officiis minima saepe eaque qui.', 1, 1, '2020-06-23 12:27:26', '2020-06-21 15:33:37');
INSERT INTO messages (id, from_user_id, to_user_id, body, is_important, is_delivered, created_at, updated_at) VALUES (83, 35, 52, 'Atque et perferendis omnis asperiores voluptatem. Rerum facilis veniam consectetur corporis quia. Aut ullam alias cum impedit animi voluptas.', 0, 1, '2020-07-01 01:33:16', '2020-06-22 13:22:22');
INSERT INTO messages (id, from_user_id, to_user_id, body, is_important, is_delivered, created_at, updated_at) VALUES (84, 1, 52, 'Nostrum quod voluptate laudantium maiores earum. Harum totam deserunt et perferendis soluta. Illum id ut voluptatem ullam enim vel a in.', 1, 0, '2020-07-15 09:36:56', '2020-06-29 19:32:39');
INSERT INTO messages (id, from_user_id, to_user_id, body, is_important, is_delivered, created_at, updated_at) VALUES (85, 69, 12, 'Sint eum ipsam accusamus et repellat excepturi. Eveniet recusandae deserunt ipsam eum aut magnam inventore et. Sit vel dolores consequuntur recusandae vitae esse sunt.', 1, 1, '2020-07-05 11:31:46', '2020-06-26 23:58:54');
INSERT INTO messages (id, from_user_id, to_user_id, body, is_important, is_delivered, created_at, updated_at) VALUES (86, 74, 5, 'Accusantium nihil est dolor et quia voluptatem ut. Harum minima et assumenda assumenda et vel.', 1, 1, '2020-06-29 11:11:35', '2020-06-24 05:44:33');
INSERT INTO messages (id, from_user_id, to_user_id, body, is_important, is_delivered, created_at, updated_at) VALUES (87, 2, 12, 'Ut quae laudantium maxime sed. Dolorem qui consequatur qui consectetur. Voluptatem rerum voluptatibus voluptatem magni quia sunt. Officia et animi dicta sed iusto.', 0, 1, '2020-07-16 15:25:38', '2020-07-02 23:57:35');
INSERT INTO messages (id, from_user_id, to_user_id, body, is_important, is_delivered, created_at, updated_at) VALUES (88, 89, 5, 'Iste expedita accusamus nostrum molestiae et earum beatae. Assumenda cumque minima facilis ea ducimus. Autem velit consectetur ad accusamus voluptatibus. Blanditiis iste cumque sit deleniti enim. Qui iste rem ea voluptatum.', 1, 1, '2020-07-03 07:34:23', '2020-07-09 14:19:18');
INSERT INTO messages (id, from_user_id, to_user_id, body, is_important, is_delivered, created_at, updated_at) VALUES (89, 75, 23, 'Eum praesentium ratione pariatur laudantium odio aut. Consequuntur quia necessitatibus assumenda nihil. Voluptatem enim odit est qui et quis. Culpa sint neque iure eligendi sit eos qui.', 1, 1, '2020-07-09 11:03:45', '2020-07-01 22:54:36');
INSERT INTO messages (id, from_user_id, to_user_id, body, is_important, is_delivered, created_at, updated_at) VALUES (90, 9, 51, 'Officia quibusdam quis iure eos possimus commodi amet. Sed odio reprehenderit eligendi repellat. Praesentium molestias asperiores possimus soluta vero provident. Sapiente enim id numquam assumenda temporibus hic est.', 1, 1, '2020-07-18 11:03:23', '2020-07-17 08:31:06');
INSERT INTO messages (id, from_user_id, to_user_id, body, is_important, is_delivered, created_at, updated_at) VALUES (91, 10, 29, 'Nostrum voluptas nihil voluptatem aut eaque sunt placeat. Commodi perferendis consequuntur exercitationem quis quo.', 0, 1, '2020-06-25 21:03:43', '2020-06-27 12:07:23');
INSERT INTO messages (id, from_user_id, to_user_id, body, is_important, is_delivered, created_at, updated_at) VALUES (92, 81, 78, 'Iure amet optio laboriosam sint. Voluptas est ullam est. Nulla voluptatem voluptas illo beatae. Ab eum voluptatibus omnis vel laudantium.', 1, 1, '2020-06-22 16:09:46', '2020-07-13 09:48:16');
INSERT INTO messages (id, from_user_id, to_user_id, body, is_important, is_delivered, created_at, updated_at) VALUES (93, 43, 44, 'Nostrum ullam sapiente excepturi expedita. Qui alias officiis est delectus necessitatibus molestiae repudiandae voluptatem. Aut tempore eos ipsa.', 1, 0, '2020-07-15 12:35:32', '2020-06-30 01:21:50');
INSERT INTO messages (id, from_user_id, to_user_id, body, is_important, is_delivered, created_at, updated_at) VALUES (94, 40, 81, 'Magnam eveniet blanditiis et magnam doloremque quam consequatur. Amet quia veniam a in qui ut esse. Est corrupti veritatis accusamus quia deleniti impedit sit animi.', 0, 1, '2020-07-11 11:47:51', '2020-06-29 03:47:02');
INSERT INTO messages (id, from_user_id, to_user_id, body, is_important, is_delivered, created_at, updated_at) VALUES (95, 81, 37, 'Totam temporibus voluptatum sed ratione. Ab deserunt ullam vel autem modi. Iste neque voluptatem autem odio ex expedita dolores cupiditate.', 1, 1, '2020-06-24 01:43:35', '2020-07-16 04:56:20');
INSERT INTO messages (id, from_user_id, to_user_id, body, is_important, is_delivered, created_at, updated_at) VALUES (96, 79, 59, 'Consequuntur quaerat reprehenderit possimus et ducimus eum eius. Odio qui expedita sit magni aut.', 0, 0, '2020-07-19 10:15:58', '2020-06-23 09:33:21');
INSERT INTO messages (id, from_user_id, to_user_id, body, is_important, is_delivered, created_at, updated_at) VALUES (97, 33, 39, 'Voluptas eos eveniet laborum qui nam. Ex autem nihil nostrum omnis qui ut sed. Occaecati earum nisi expedita praesentium et sapiente sapiente.', 0, 1, '2020-07-15 19:49:14', '2020-06-24 11:20:54');
INSERT INTO messages (id, from_user_id, to_user_id, body, is_important, is_delivered, created_at, updated_at) VALUES (98, 59, 87, 'Sit cumque sit et enim accusamus ut dolores expedita. Provident ipsum velit assumenda repellat magni. Asperiores esse rem ut at tempore in.', 1, 1, '2020-07-06 19:07:04', '2020-06-27 07:16:27');
INSERT INTO messages (id, from_user_id, to_user_id, body, is_important, is_delivered, created_at, updated_at) VALUES (99, 98, 55, 'Ad hic cumque consectetur asperiores dolorem esse. Dolores aut dolorum dolores magnam. Excepturi rerum molestias non consequatur nobis doloremque.', 0, 0, '2020-07-02 10:25:46', '2020-07-12 10:57:22');
INSERT INTO messages (id, from_user_id, to_user_id, body, is_important, is_delivered, created_at, updated_at) VALUES (100, 71, 95, 'Et voluptatem autem vel. Velit architecto sed est. Quaerat quis provident eum sint sint molestiae eaque cumque.', 1, 0, '2020-06-25 18:50:07', '2020-07-12 16:52:30');





